========================================= 
[Sat 02/28/2026 12:37:04.37] BAT DAU LUONG FAST (QUET BE MAT) 
[Sat 02/28/2026 12:37:04.37] [1/3] Dang cao du lieu be mat... 
[Browser] Đang khởi tạo trình duyệt...
[Browser] Phát hiện Chrome (Windows): Version 139

[Spider] Đang cào trang 1/100: https://batdongsan.com.vn/nha-dat-ban-ha-dong
[Spider] ✅ Thành công: Tìm thấy 31 tin đăng ở trang 1.

[Spider] Đang cào trang 2/100: https://batdongsan.com.vn/nha-dat-ban-ha-dong/p2
[Spider] ✅ Thành công: Tìm thấy 31 tin đăng ở trang 2.

[Spider] Đang cào trang 3/100: https://batdongsan.com.vn/nha-dat-ban-ha-dong/p3
[Spider] ✅ Thành công: Tìm thấy 31 tin đăng ở trang 3.

[Spider] Đang cào trang 4/100: https://batdongsan.com.vn/nha-dat-ban-ha-dong/p4
[Spider] ✅ Thành công: Tìm thấy 31 tin đăng ở trang 4.

[Spider] Đang cào trang 5/100: https://batdongsan.com.vn/nha-dat-ban-ha-dong/p5
[Spider] ✅ Thành công: Tìm thấy 30 tin đăng ở trang 5.

[Spider] Đang cào trang 6/100: https://batdongsan.com.vn/nha-dat-ban-ha-dong/p6
[Spider] ✅ Thành công: Tìm thấy 30 tin đăng ở trang 6.

[Spider] Đang cào trang 7/100: https://batdongsan.com.vn/nha-dat-ban-ha-dong/p7
[Spider] ✅ Thành công: Tìm thấy 30 tin đăng ở trang 7.

[Spider] Đang cào trang 8/100: https://batdongsan.com.vn/nha-dat-ban-ha-dong/p8
[Spider] ✅ Thành công: Tìm thấy 30 tin đăng ở trang 8.

[Spider] Đang cào trang 9/100: https://batdongsan.com.vn/nha-dat-ban-ha-dong/p9
[Spider] ✅ Thành công: Tìm thấy 30 tin đăng ở trang 9.

[Spider] Đang cào trang 10/100: https://batdongsan.com.vn/nha-dat-ban-ha-dong/p10
[Spider] ✅ Thành công: Tìm thấy 30 tin đăng ở trang 10.

[Spider] Đang cào trang 11/100: https://batdongsan.com.vn/nha-dat-ban-ha-dong/p11
[Spider] ✅ Thành công: Tìm thấy 30 tin đăng ở trang 11.

[Spider] Đang cào trang 12/100: https://batdongsan.com.vn/nha-dat-ban-ha-dong/p12
[Spider] ✅ Thành công: Tìm thấy 31 tin đăng ở trang 12.

[Spider] Đang cào trang 13/100: https://batdongsan.com.vn/nha-dat-ban-ha-dong/p13
[Spider] ✅ Thành công: Tìm thấy 31 tin đăng ở trang 13.

[Spider] Đang cào trang 14/100: https://batdongsan.com.vn/nha-dat-ban-ha-dong/p14
[Spider] ✅ Thành công: Tìm thấy 31 tin đăng ở trang 14.

[Spider] Đang cào trang 15/100: https://batdongsan.com.vn/nha-dat-ban-ha-dong/p15
[Spider] ✅ Thành công: Tìm thấy 31 tin đăng ở trang 15.

[Spider] Đang cào trang 16/100: https://batdongsan.com.vn/nha-dat-ban-ha-dong/p16
[Spider] ✅ Thành công: Tìm thấy 31 tin đăng ở trang 16.

[Spider] Đang cào trang 17/100: https://batdongsan.com.vn/nha-dat-ban-ha-dong/p17
[Spider] ✅ Thành công: Tìm thấy 31 tin đăng ở trang 17.

[Spider] Đang cào trang 18/100: https://batdongsan.com.vn/nha-dat-ban-ha-dong/p18
[Spider] ✅ Thành công: Tìm thấy 31 tin đăng ở trang 18.

[Spider] Đang cào trang 19/100: https://batdongsan.com.vn/nha-dat-ban-ha-dong/p19
[Spider] ✅ Thành công: Tìm thấy 31 tin đăng ở trang 19.

[Spider] Đang cào trang 20/100: https://batdongsan.com.vn/nha-dat-ban-ha-dong/p20
[Spider] ✅ Thành công: Tìm thấy 31 tin đăng ở trang 20.

[Spider] Đang cào trang 21/100: https://batdongsan.com.vn/nha-dat-ban-ha-dong/p21
[Spider] ✅ Thành công: Tìm thấy 31 tin đăng ở trang 21.

[Spider] Đang cào trang 22/100: https://batdongsan.com.vn/nha-dat-ban-ha-dong/p22
[Spider] ✅ Thành công: Tìm thấy 31 tin đăng ở trang 22.

[Spider] Đang cào trang 23/100: https://batdongsan.com.vn/nha-dat-ban-ha-dong/p23
[Spider] ✅ Thành công: Tìm thấy 31 tin đăng ở trang 23.

[Spider] Đang cào trang 24/100: https://batdongsan.com.vn/nha-dat-ban-ha-dong/p24
[Spider] ✅ Thành công: Tìm thấy 31 tin đăng ở trang 24.

[Spider] Đang cào trang 25/100: https://batdongsan.com.vn/nha-dat-ban-ha-dong/p25
[Spider] ✅ Thành công: Tìm thấy 31 tin đăng ở trang 25.

[Spider] Đang cào trang 26/100: https://batdongsan.com.vn/nha-dat-ban-ha-dong/p26
[Spider] ✅ Thành công: Tìm thấy 31 tin đăng ở trang 26.

[Spider] Đang cào trang 27/100: https://batdongsan.com.vn/nha-dat-ban-ha-dong/p27
[Spider] ✅ Thành công: Tìm thấy 31 tin đăng ở trang 27.

[Spider] Đang cào trang 28/100: https://batdongsan.com.vn/nha-dat-ban-ha-dong/p28
[Spider] ✅ Thành công: Tìm thấy 31 tin đăng ở trang 28.

[Spider] Đang cào trang 29/100: https://batdongsan.com.vn/nha-dat-ban-ha-dong/p29
[Spider] ✅ Thành công: Tìm thấy 31 tin đăng ở trang 29.

[Spider] Đang cào trang 30/100: https://batdongsan.com.vn/nha-dat-ban-ha-dong/p30
[Spider] ✅ Thành công: Tìm thấy 31 tin đăng ở trang 30.

[Spider] Đang cào trang 31/100: https://batdongsan.com.vn/nha-dat-ban-ha-dong/p31
[Spider] ✅ Thành công: Tìm thấy 31 tin đăng ở trang 31.

[Spider] Đang cào trang 32/100: https://batdongsan.com.vn/nha-dat-ban-ha-dong/p32
[Spider] ✅ Thành công: Tìm thấy 31 tin đăng ở trang 32.

[Spider] Đang cào trang 33/100: https://batdongsan.com.vn/nha-dat-ban-ha-dong/p33
[Spider] ✅ Thành công: Tìm thấy 31 tin đăng ở trang 33.

[Spider] Đang cào trang 34/100: https://batdongsan.com.vn/nha-dat-ban-ha-dong/p34
[Spider] ✅ Thành công: Tìm thấy 31 tin đăng ở trang 34.

[Spider] Đang cào trang 35/100: https://batdongsan.com.vn/nha-dat-ban-ha-dong/p35
[Spider] ✅ Thành công: Tìm thấy 31 tin đăng ở trang 35.

[Spider] Đang cào trang 36/100: https://batdongsan.com.vn/nha-dat-ban-ha-dong/p36
[Spider] ✅ Thành công: Tìm thấy 30 tin đăng ở trang 36.

[Spider] Đang cào trang 37/100: https://batdongsan.com.vn/nha-dat-ban-ha-dong/p37
[Spider] ✅ Thành công: Tìm thấy 30 tin đăng ở trang 37.

[Spider] Đang cào trang 38/100: https://batdongsan.com.vn/nha-dat-ban-ha-dong/p38
[Spider] ✅ Thành công: Tìm thấy 31 tin đăng ở trang 38.

[Spider] Đang cào trang 39/100: https://batdongsan.com.vn/nha-dat-ban-ha-dong/p39
[Spider] ✅ Thành công: Tìm thấy 31 tin đăng ở trang 39.

[Spider] Đang cào trang 40/100: https://batdongsan.com.vn/nha-dat-ban-ha-dong/p40
[Spider] ✅ Thành công: Tìm thấy 31 tin đăng ở trang 40.

[Spider] Đang cào trang 41/100: https://batdongsan.com.vn/nha-dat-ban-ha-dong/p41
[Spider] ✅ Thành công: Tìm thấy 31 tin đăng ở trang 41.

[Spider] Đang cào trang 42/100: https://batdongsan.com.vn/nha-dat-ban-ha-dong/p42
[Spider] ✅ Thành công: Tìm thấy 31 tin đăng ở trang 42.

[Spider] Đang cào trang 43/100: https://batdongsan.com.vn/nha-dat-ban-ha-dong/p43
[Spider] ✅ Thành công: Tìm thấy 31 tin đăng ở trang 43.

[Spider] Đang cào trang 44/100: https://batdongsan.com.vn/nha-dat-ban-ha-dong/p44
[Spider] ✅ Thành công: Tìm thấy 30 tin đăng ở trang 44.

[Spider] Đang cào trang 45/100: https://batdongsan.com.vn/nha-dat-ban-ha-dong/p45
[Spider] ✅ Thành công: Tìm thấy 30 tin đăng ở trang 45.

[Spider] Đang cào trang 46/100: https://batdongsan.com.vn/nha-dat-ban-ha-dong/p46
[Spider] ✅ Thành công: Tìm thấy 30 tin đăng ở trang 46.

[Spider] Đang cào trang 47/100: https://batdongsan.com.vn/nha-dat-ban-ha-dong/p47
[Spider] ✅ Thành công: Tìm thấy 31 tin đăng ở trang 47.

[Spider] Đang cào trang 48/100: https://batdongsan.com.vn/nha-dat-ban-ha-dong/p48
[Spider] ✅ Thành công: Tìm thấy 31 tin đăng ở trang 48.

[Spider] Đang cào trang 49/100: https://batdongsan.com.vn/nha-dat-ban-ha-dong/p49
[Spider] ✅ Thành công: Tìm thấy 31 tin đăng ở trang 49.

[Spider] Đang cào trang 50/100: https://batdongsan.com.vn/nha-dat-ban-ha-dong/p50
[Spider] ✅ Thành công: Tìm thấy 31 tin đăng ở trang 50.

[Spider] Đang cào trang 51/100: https://batdongsan.com.vn/nha-dat-ban-ha-dong/p51
[Spider] ✅ Thành công: Tìm thấy 31 tin đăng ở trang 51.

[Spider] Đang cào trang 52/100: https://batdongsan.com.vn/nha-dat-ban-ha-dong/p52
[Spider] ✅ Thành công: Tìm thấy 31 tin đăng ở trang 52.

[Spider] Đang cào trang 53/100: https://batdongsan.com.vn/nha-dat-ban-ha-dong/p53
[Spider] ✅ Thành công: Tìm thấy 31 tin đăng ở trang 53.

[Spider] Đang cào trang 54/100: https://batdongsan.com.vn/nha-dat-ban-ha-dong/p54
[Spider] ✅ Thành công: Tìm thấy 31 tin đăng ở trang 54.

[Spider] Đang cào trang 55/100: https://batdongsan.com.vn/nha-dat-ban-ha-dong/p55
[Spider] ✅ Thành công: Tìm thấy 31 tin đăng ở trang 55.

[Spider] Đang cào trang 56/100: https://batdongsan.com.vn/nha-dat-ban-ha-dong/p56
[Spider] ✅ Thành công: Tìm thấy 31 tin đăng ở trang 56.

[Spider] Đang cào trang 57/100: https://batdongsan.com.vn/nha-dat-ban-ha-dong/p57
[Spider] ✅ Thành công: Tìm thấy 31 tin đăng ở trang 57.

[Spider] Đang cào trang 58/100: https://batdongsan.com.vn/nha-dat-ban-ha-dong/p58
[Spider] ✅ Thành công: Tìm thấy 30 tin đăng ở trang 58.

[Spider] Đang cào trang 59/100: https://batdongsan.com.vn/nha-dat-ban-ha-dong/p59
[Spider] ✅ Thành công: Tìm thấy 30 tin đăng ở trang 59.

[Spider] Đang cào trang 60/100: https://batdongsan.com.vn/nha-dat-ban-ha-dong/p60
[Spider] ✅ Thành công: Tìm thấy 30 tin đăng ở trang 60.

[Spider] Đang cào trang 61/100: https://batdongsan.com.vn/nha-dat-ban-ha-dong/p61
[Spider] ✅ Thành công: Tìm thấy 31 tin đăng ở trang 61.

[Spider] Đang cào trang 62/100: https://batdongsan.com.vn/nha-dat-ban-ha-dong/p62
[Spider] ✅ Thành công: Tìm thấy 31 tin đăng ở trang 62.

[Spider] Đang cào trang 63/100: https://batdongsan.com.vn/nha-dat-ban-ha-dong/p63
[Spider] ✅ Thành công: Tìm thấy 31 tin đăng ở trang 63.

[Spider] Đang cào trang 64/100: https://batdongsan.com.vn/nha-dat-ban-ha-dong/p64
[Spider] ✅ Thành công: Tìm thấy 31 tin đăng ở trang 64.

[Spider] Đang cào trang 65/100: https://batdongsan.com.vn/nha-dat-ban-ha-dong/p65
[Spider] ✅ Thành công: Tìm thấy 31 tin đăng ở trang 65.

[Spider] Đang cào trang 66/100: https://batdongsan.com.vn/nha-dat-ban-ha-dong/p66
[Spider] ✅ Thành công: Tìm thấy 31 tin đăng ở trang 66.

[Spider] Đang cào trang 67/100: https://batdongsan.com.vn/nha-dat-ban-ha-dong/p67
[Spider] ✅ Thành công: Tìm thấy 31 tin đăng ở trang 67.

[Spider] Đang cào trang 68/100: https://batdongsan.com.vn/nha-dat-ban-ha-dong/p68
[Spider] ✅ Thành công: Tìm thấy 31 tin đăng ở trang 68.

[Spider] Đang cào trang 69/100: https://batdongsan.com.vn/nha-dat-ban-ha-dong/p69
[Spider] ✅ Thành công: Tìm thấy 31 tin đăng ở trang 69.

[Spider] Đang cào trang 70/100: https://batdongsan.com.vn/nha-dat-ban-ha-dong/p70
[Spider] ✅ Thành công: Tìm thấy 31 tin đăng ở trang 70.

[Spider] Đang cào trang 71/100: https://batdongsan.com.vn/nha-dat-ban-ha-dong/p71
[Spider] ✅ Thành công: Tìm thấy 31 tin đăng ở trang 71.

[Spider] Đang cào trang 72/100: https://batdongsan.com.vn/nha-dat-ban-ha-dong/p72
[Spider] ✅ Thành công: Tìm thấy 31 tin đăng ở trang 72.

[Spider] Đang cào trang 73/100: https://batdongsan.com.vn/nha-dat-ban-ha-dong/p73
[Spider] ✅ Thành công: Tìm thấy 30 tin đăng ở trang 73.

[Spider] Đang cào trang 74/100: https://batdongsan.com.vn/nha-dat-ban-ha-dong/p74
[Spider] ✅ Thành công: Tìm thấy 30 tin đăng ở trang 74.

[Spider] Đang cào trang 75/100: https://batdongsan.com.vn/nha-dat-ban-ha-dong/p75
[Spider] ✅ Thành công: Tìm thấy 30 tin đăng ở trang 75.

[Spider] Đang cào trang 76/100: https://batdongsan.com.vn/nha-dat-ban-ha-dong/p76
[Spider] ✅ Thành công: Tìm thấy 31 tin đăng ở trang 76.

[Spider] Đang cào trang 77/100: https://batdongsan.com.vn/nha-dat-ban-ha-dong/p77
[Spider] ✅ Thành công: Tìm thấy 31 tin đăng ở trang 77.

[Spider] Đang cào trang 78/100: https://batdongsan.com.vn/nha-dat-ban-ha-dong/p78
[Spider] ✅ Thành công: Tìm thấy 31 tin đăng ở trang 78.

[Spider] Đang cào trang 79/100: https://batdongsan.com.vn/nha-dat-ban-ha-dong/p79
[Spider] ✅ Thành công: Tìm thấy 31 tin đăng ở trang 79.

[Spider] Đang cào trang 80/100: https://batdongsan.com.vn/nha-dat-ban-ha-dong/p80
[Spider] ✅ Thành công: Tìm thấy 31 tin đăng ở trang 80.

[Spider] Đang cào trang 81/100: https://batdongsan.com.vn/nha-dat-ban-ha-dong/p81
[Spider] ✅ Thành công: Tìm thấy 31 tin đăng ở trang 81.

[Spider] Đang cào trang 82/100: https://batdongsan.com.vn/nha-dat-ban-ha-dong/p82
[Spider] ✅ Thành công: Tìm thấy 31 tin đăng ở trang 82.

[Spider] Đang cào trang 83/100: https://batdongsan.com.vn/nha-dat-ban-ha-dong/p83
[Spider] ✅ Thành công: Tìm thấy 31 tin đăng ở trang 83.

[Spider] Đang cào trang 84/100: https://batdongsan.com.vn/nha-dat-ban-ha-dong/p84
[Spider] ✅ Thành công: Tìm thấy 31 tin đăng ở trang 84.

[Spider] Đang cào trang 85/100: https://batdongsan.com.vn/nha-dat-ban-ha-dong/p85
[Spider] ✅ Thành công: Tìm thấy 31 tin đăng ở trang 85.

[Spider] Đang cào trang 86/100: https://batdongsan.com.vn/nha-dat-ban-ha-dong/p86
[Spider] ✅ Thành công: Tìm thấy 31 tin đăng ở trang 86.

[Spider] Đang cào trang 87/100: https://batdongsan.com.vn/nha-dat-ban-ha-dong/p87
[Spider] ✅ Thành công: Tìm thấy 31 tin đăng ở trang 87.

[Spider] Đang cào trang 88/100: https://batdongsan.com.vn/nha-dat-ban-ha-dong/p88
[Spider] ✅ Thành công: Tìm thấy 31 tin đăng ở trang 88.

[Spider] Đang cào trang 89/100: https://batdongsan.com.vn/nha-dat-ban-ha-dong/p89
[Spider] ✅ Thành công: Tìm thấy 31 tin đăng ở trang 89.

[Spider] Đang cào trang 90/100: https://batdongsan.com.vn/nha-dat-ban-ha-dong/p90
[Spider] ✅ Thành công: Tìm thấy 31 tin đăng ở trang 90.

[Spider] Đang cào trang 91/100: https://batdongsan.com.vn/nha-dat-ban-ha-dong/p91
[Spider] ✅ Thành công: Tìm thấy 31 tin đăng ở trang 91.

[Spider] Đang cào trang 92/100: https://batdongsan.com.vn/nha-dat-ban-ha-dong/p92
[Spider] ✅ Thành công: Tìm thấy 31 tin đăng ở trang 92.

[Spider] Đang cào trang 93/100: https://batdongsan.com.vn/nha-dat-ban-ha-dong/p93
[Spider] ✅ Thành công: Tìm thấy 31 tin đăng ở trang 93.

[Spider] Đang cào trang 94/100: https://batdongsan.com.vn/nha-dat-ban-ha-dong/p94
[Spider] ✅ Thành công: Tìm thấy 31 tin đăng ở trang 94.

[Spider] Đang cào trang 95/100: https://batdongsan.com.vn/nha-dat-ban-ha-dong/p95
[Spider] ✅ Thành công: Tìm thấy 31 tin đăng ở trang 95.

[Spider] Đang cào trang 96/100: https://batdongsan.com.vn/nha-dat-ban-ha-dong/p96
[Spider] ✅ Thành công: Tìm thấy 31 tin đăng ở trang 96.

[Spider] Đang cào trang 97/100: https://batdongsan.com.vn/nha-dat-ban-ha-dong/p97
[Spider] ✅ Thành công: Tìm thấy 31 tin đăng ở trang 97.

[Spider] Đang cào trang 98/100: https://batdongsan.com.vn/nha-dat-ban-ha-dong/p98
[Spider] ✅ Thành công: Tìm thấy 31 tin đăng ở trang 98.

[Spider] Đang cào trang 99/100: https://batdongsan.com.vn/nha-dat-ban-ha-dong/p99
[Spider] ✅ Thành công: Tìm thấy 31 tin đăng ở trang 99.

[Spider] Đang cào trang 100/100: https://batdongsan.com.vn/nha-dat-ban-ha-dong/p100
[Spider] ✅ Thành công: Tìm thấy 31 tin đăng ở trang 100.
[Spider] Đang gộp dữ liệu mới vào file cũ (Khớp theo tên cột)...
[Spider] Đã lưu 2382 dòng mới. Tổng: 27501 dòng.
[Sat 02/28/2026 13:05:07.73] [2/3] Dang lam sach va day vao PostgreSQL... 
Đang đọc dữ liệu thô...
Tổng số dòng thô: 27501
🧠 Đang áp dụng NLP trích xuất Đặc trưng...
🧠 Đang áp dụng KNN Imputer...
✅ Giữ lại 5136/27501 tin hợp lệ.
✅ Đã kết nối thành công tới PostgreSQL.
✅ Bảng 'bds_hadong' đã có PRIMARY KEY. Bỏ qua.
Đang thực hiện Upsert dữ liệu vào PostgreSQL...
🔄 Upsert thành công 5136 bản ghi vào 'bds_hadong'.
✅ Hoàn tất Pipeline ETL.
[Sat 02/28/2026 13:05:54.00] [3/3] Dang dong bo Data len GitHub... 
[main b311889] Auto-update Fast Pipeline: Sat 02/28/2026 13:05:54.41
 3 files changed, 7575 insertions(+), 4685 deletions(-)
 create mode 100644 logs/fast_pipeline.log
To https://github.com/Alexus143/hanoi-house-price-prediction.git
   e443e9d..b311889  main -> main
[Sat 02/28/2026 13:06:05.21] HOAN THANH LUONG FAST 
========================================= 
[Sun 03/01/2026 12:15:04.40] BAT DAU LUONG FAST (QUET BE MAT) 
[Sun 03/01/2026 12:15:04.41] [1/3] Dang cao du lieu be mat... 
[Browser] Đang khởi tạo trình duyệt...
[Browser] Phát hiện Chrome (Windows): Version 139

[Spider] Đang cào trang 1/10: https://batdongsan.com.vn/nha-dat-ban-ha-dong
[Spider] ✅ Thành công: Tìm thấy 31 tin đăng ở trang 1.

[Spider] Đang cào trang 2/10: https://batdongsan.com.vn/nha-dat-ban-ha-dong/p2
[Spider] ✅ Thành công: Tìm thấy 31 tin đăng ở trang 2.

[Spider] Đang cào trang 3/10: https://batdongsan.com.vn/nha-dat-ban-ha-dong/p3
[Spider] ✅ Thành công: Tìm thấy 31 tin đăng ở trang 3.

[Spider] Đang cào trang 4/10: https://batdongsan.com.vn/nha-dat-ban-ha-dong/p4
[Spider] ✅ Thành công: Tìm thấy 31 tin đăng ở trang 4.

[Spider] Đang cào trang 5/10: https://batdongsan.com.vn/nha-dat-ban-ha-dong/p5
[Spider] ✅ Thành công: Tìm thấy 31 tin đăng ở trang 5.

[Spider] Đang cào trang 6/10: https://batdongsan.com.vn/nha-dat-ban-ha-dong/p6
[Spider] ✅ Thành công: Tìm thấy 31 tin đăng ở trang 6.

[Spider] Đang cào trang 7/10: https://batdongsan.com.vn/nha-dat-ban-ha-dong/p7
[Spider] ✅ Thành công: Tìm thấy 31 tin đăng ở trang 7.

[Spider] Đang cào trang 8/10: https://batdongsan.com.vn/nha-dat-ban-ha-dong/p8
[Spider] ✅ Thành công: Tìm thấy 31 tin đăng ở trang 8.

[Spider] Đang cào trang 9/10: https://batdongsan.com.vn/nha-dat-ban-ha-dong/p9
[Spider] ✅ Thành công: Tìm thấy 31 tin đăng ở trang 9.

[Spider] Đang cào trang 10/10: https://batdongsan.com.vn/nha-dat-ban-ha-dong/p10
[Spider] ✅ Thành công: Tìm thấy 31 tin đăng ở trang 10.
[Spider] Đang gộp dữ liệu mới vào file cũ (Khớp theo tên cột)...
[Spider] Đã lưu 240 dòng mới. Tổng: 27741 dòng.
[Sun 03/01/2026 12:18:21.59] [2/3] Dang lam sach va day vao PostgreSQL... 
Đang đọc dữ liệu thô...
Tổng số dòng thô: 27741
🧠 Đang áp dụng NLP trích xuất Đặc trưng...
🧠 Đang áp dụng KNN Imputer...
✅ Giữ lại 5155/27741 tin hợp lệ.
✅ Đã kết nối thành công tới PostgreSQL.
✅ Bảng 'bds_hadong' đã có PRIMARY KEY. Bỏ qua.
Đang thực hiện Upsert dữ liệu vào PostgreSQL...
🔄 Upsert thành công 5155 bản ghi vào 'bds_hadong'.
✅ Hoàn tất Pipeline ETL.
[Sun 03/01/2026 12:18:52.84] [3/3] Dang dong bo Data len GitHub... 
[main dab23c5] Auto-update Fast Pipeline: Sun 03/01/2026 12:18:54.22
 3 files changed, 3816 insertions(+), 3505 deletions(-)
fatal: Unable to persist credentials with the 'wincredman' credential store.
See https://aka.ms/gcm/credstores for more information.
bash: line 1: /dev/tty: No such device or address
error: failed to execute prompt script (exit code 1)
fatal: could not read Username for 'https://github.com': No such file or directory
[Sun 03/01/2026 12:18:57.79] HOAN THANH LUONG FAST 
========================================= 
[Mon 03/02/2026 12:52:25.49] BAT DAU LUONG FAST (QUET BE MAT) 
[Mon 03/02/2026 12:52:25.50] [1/3] Dang cao du lieu be mat... 
Traceback (most recent call last):
  File "C:\Users\User\AppData\Local\Programs\Python\Python310\lib\urllib\request.py", line 1348, in do_open
    h.request(req.get_method(), req.selector, req.data, headers,
  File "C:\Users\User\AppData\Local\Programs\Python\Python310\lib\http\client.py", line 1276, in request
    self._send_request(method, url, body, headers, encode_chunked)
  File "C:\Users\User\AppData\Local\Programs\Python\Python310\lib\http\client.py", line 1322, in _send_request
    self.endheaders(body, encode_chunked=encode_chunked)
  File "C:\Users\User\AppData\Local\Programs\Python\Python310\lib\http\client.py", line 1271, in endheaders
    self._send_output(message_body, encode_chunked=encode_chunked)
  File "C:\Users\User\AppData\Local\Programs\Python\Python310\lib\http\client.py", line 1031, in _send_output
    self.send(msg)
  File "C:\Users\User\AppData\Local\Programs\Python\Python310\lib\http\client.py", line 969, in send
    self.connect()
  File "C:\Users\User\AppData\Local\Programs\Python\Python310\lib\http\client.py", line 1441, in connect
    super().connect()
  File "C:\Users\User\AppData\Local\Programs\Python\Python310\lib\http\client.py", line 940, in connect
    self.sock = self._create_connection(
  File "C:\Users\User\AppData\Local\Programs\Python\Python310\lib\socket.py", line 824, in create_connection
    for res in getaddrinfo(host, port, 0, SOCK_STREAM):
  File "C:\Users\User\AppData\Local\Programs\Python\Python310\lib\socket.py", line 955, in getaddrinfo
    for res in _socket.getaddrinfo(host, port, family, type, proto, flags):
socket.gaierror: [Errno 11001] getaddrinfo failed

During handling of the above exception, another exception occurred:

Traceback (most recent call last):
  File "C:\Users\User\AppData\Local\Programs\Python\Python310\lib\runpy.py", line 196, in _run_module_as_main
    return _run_code(code, main_globals, None,
  File "C:\Users\User\AppData\Local\Programs\Python\Python310\lib\runpy.py", line 86, in _run_code
    exec(code, run_globals)
  File "D:\Python\realtime_estimate_tracker\src\data_loader\spider.py", line 193, in <module>
    data = run_crawler(pages=10)
  File "D:\Python\realtime_estimate_tracker\src\data_loader\spider.py", line 109, in run_crawler
    driver = init_driver()
  File "D:\Python\realtime_estimate_tracker\src\data_loader\browser.py", line 99, in init_driver
    raise e
  File "D:\Python\realtime_estimate_tracker\src\data_loader\browser.py", line 88, in init_driver
    driver = uc.Chrome(
  File "D:\Python\realtime_estimate_tracker\venv_bds\lib\site-packages\undetected_chromedriver\__init__.py", line 258, in __init__
    self.patcher.auto()
  File "D:\Python\realtime_estimate_tracker\venv_bds\lib\site-packages\undetected_chromedriver\patcher.py", line 175, in auto
    release = self.fetch_release_number()
  File "D:\Python\realtime_estimate_tracker\venv_bds\lib\site-packages\undetected_chromedriver\patcher.py", line 259, in fetch_release_number
    with urlopen(self.url_repo + path) as conn:
  File "C:\Users\User\AppData\Local\Programs\Python\Python310\lib\urllib\request.py", line 216, in urlopen
    return opener.open(url, data, timeout)
  File "C:\Users\User\AppData\Local\Programs\Python\Python310\lib\urllib\request.py", line 519, in open
    response = self._open(req, data)
  File "C:\Users\User\AppData\Local\Programs\Python\Python310\lib\urllib\request.py", line 536, in _open
    result = self._call_chain(self.handle_open, protocol, protocol +
  File "C:\Users\User\AppData\Local\Programs\Python\Python310\lib\urllib\request.py", line 496, in _call_chain
    result = func(*args)
  File "C:\Users\User\AppData\Local\Programs\Python\Python310\lib\urllib\request.py", line 1391, in https_open
    return self.do_open(http.client.HTTPSConnection, req,
  File "C:\Users\User\AppData\Local\Programs\Python\Python310\lib\urllib\request.py", line 1351, in do_open
    raise URLError(err)
urllib.error.URLError: <urlopen error [Errno 11001] getaddrinfo failed>
[Browser] Đang khởi tạo trình duyệt...
[Browser] Phát hiện Chrome (Windows): Version 139
[Browser] Lỗi khởi tạo driver: <urlopen error [Errno 11001] getaddrinfo failed>
[Mon 03/02/2026 12:52:42.83] LOI: Spider that bai. Dung pipeline. 
[Mon 03/02/2026 12:52:42.85] LUONG FAST BI DUNG DO LOI 
========================================= 
[Tue 03/03/2026 12:00:02.71] BAT DAU LUONG FAST (QUET BE MAT) 
[Tue 03/03/2026 12:00:02.74] [1/3] Dang cao du lieu be mat... 
[Browser] Đang khởi tạo trình duyệt...
[Browser] Phát hiện Chrome (Windows): Version 139

[Spider] Đang cào trang 1/10: https://batdongsan.com.vn/nha-dat-ban-ha-dong
[Spider] ✅ Thành công: Tìm thấy 31 tin đăng ở trang 1.

[Spider] Đang cào trang 2/10: https://batdongsan.com.vn/nha-dat-ban-ha-dong/p2
[Spider] ✅ Thành công: Tìm thấy 31 tin đăng ở trang 2.

[Spider] Đang cào trang 3/10: https://batdongsan.com.vn/nha-dat-ban-ha-dong/p3
[Spider] ✅ Thành công: Tìm thấy 31 tin đăng ở trang 3.

[Spider] Đang cào trang 4/10: https://batdongsan.com.vn/nha-dat-ban-ha-dong/p4
[Spider] ✅ Thành công: Tìm thấy 31 tin đăng ở trang 4.

[Spider] Đang cào trang 5/10: https://batdongsan.com.vn/nha-dat-ban-ha-dong/p5
[Spider] ✅ Thành công: Tìm thấy 31 tin đăng ở trang 5.

[Spider] Đang cào trang 6/10: https://batdongsan.com.vn/nha-dat-ban-ha-dong/p6
[Spider] ✅ Thành công: Tìm thấy 31 tin đăng ở trang 6.

[Spider] Đang cào trang 7/10: https://batdongsan.com.vn/nha-dat-ban-ha-dong/p7
[Spider] ✅ Thành công: Tìm thấy 31 tin đăng ở trang 7.

[Spider] Đang cào trang 8/10: https://batdongsan.com.vn/nha-dat-ban-ha-dong/p8
[Spider] ✅ Thành công: Tìm thấy 30 tin đăng ở trang 8.

[Spider] Đang cào trang 9/10: https://batdongsan.com.vn/nha-dat-ban-ha-dong/p9
[Spider] ✅ Thành công: Tìm thấy 31 tin đăng ở trang 9.

[Spider] Đang cào trang 10/10: https://batdongsan.com.vn/nha-dat-ban-ha-dong/p10
[Spider] ✅ Thành công: Tìm thấy 31 tin đăng ở trang 10.
[Spider] Đang gộp dữ liệu mới vào file cũ (Khớp theo tên cột)...
[Spider] Đã lưu 239 dòng mới. Tổng: 28220 dòng.
[Tue 03/03/2026 12:03:02.62] [2/3] Dang lam sach va day vao PostgreSQL... 
Đang đọc dữ liệu thô...
Tổng số dòng thô: 28220
🧠 Đang áp dụng NLP trích xuất Đặc trưng...
🧠 Đang áp dụng KNN Imputer...
✅ Giữ lại 5186/28220 tin hợp lệ.
✅ Đã kết nối thành công tới PostgreSQL.
✅ Bảng 'bds_hadong' đã có PRIMARY KEY. Bỏ qua.
Đang thực hiện Upsert dữ liệu vào PostgreSQL...
🔄 Upsert thành công 5186 bản ghi vào 'bds_hadong'.
✅ Hoàn tất Pipeline ETL.
[Tue 03/03/2026 12:03:11.09] [3/3] Dang dong bo Data len GitHub... 
[main fe4ee46] Auto-update Fast Pipeline: Tue 03/03/2026 12:03:12.55
 4 files changed, 1989 insertions(+), 1415 deletions(-)
fatal: Unable to persist credentials with the 'wincredman' credential store.
See https://aka.ms/gcm/credstores for more information.
bash: line 1: /dev/tty: No such device or address
error: failed to execute prompt script (exit code 1)
fatal: could not read Username for 'https://github.com': No such file or directory
[Tue 03/03/2026 12:03:15.05] HOAN THANH LUONG FAST 
========================================= 
[Wed 03/04/2026 12:00:01.93] BAT DAU LUONG FAST (QUET BE MAT) 
[Wed 03/04/2026 12:00:01.95] [1/3] Dang cao du lieu be mat... 
[Browser] Đang khởi tạo trình duyệt...
[Browser] Phát hiện Chrome (Windows): Version 139

[Spider] Đang cào trang 1/10: https://batdongsan.com.vn/nha-dat-ban-ha-dong
[Spider] ✅ Thành công: Tìm thấy 30 tin đăng ở trang 1.

[Spider] Đang cào trang 2/10: https://batdongsan.com.vn/nha-dat-ban-ha-dong/p2
[Spider] ✅ Thành công: Tìm thấy 30 tin đăng ở trang 2.

[Spider] Đang cào trang 3/10: https://batdongsan.com.vn/nha-dat-ban-ha-dong/p3
[Spider] ✅ Thành công: Tìm thấy 30 tin đăng ở trang 3.

[Spider] Đang cào trang 4/10: https://batdongsan.com.vn/nha-dat-ban-ha-dong/p4
[Spider] ✅ Thành công: Tìm thấy 30 tin đăng ở trang 4.

[Spider] Đang cào trang 5/10: https://batdongsan.com.vn/nha-dat-ban-ha-dong/p5
[Spider] ✅ Thành công: Tìm thấy 30 tin đăng ở trang 5.

[Spider] Đang cào trang 6/10: https://batdongsan.com.vn/nha-dat-ban-ha-dong/p6
[Spider] ✅ Thành công: Tìm thấy 30 tin đăng ở trang 6.

[Spider] Đang cào trang 7/10: https://batdongsan.com.vn/nha-dat-ban-ha-dong/p7
[Spider] ✅ Thành công: Tìm thấy 30 tin đăng ở trang 7.

[Spider] Đang cào trang 8/10: https://batdongsan.com.vn/nha-dat-ban-ha-dong/p8
[Spider] ✅ Thành công: Tìm thấy 30 tin đăng ở trang 8.

[Spider] Đang cào trang 9/10: https://batdongsan.com.vn/nha-dat-ban-ha-dong/p9
[Spider] ✅ Thành công: Tìm thấy 30 tin đăng ở trang 9.

[Spider] Đang cào trang 10/10: https://batdongsan.com.vn/nha-dat-ban-ha-dong/p10
[Spider] ✅ Thành công: Tìm thấy 30 tin đăng ở trang 10.
[Spider] Đang gộp dữ liệu mới vào file cũ (Khớp theo tên cột)...
[Spider] Đã lưu 230 dòng mới. Tổng: 28450 dòng.
[Wed 03/04/2026 12:03:37.26] [2/3] Dang lam sach va day vao PostgreSQL... 
Đang đọc dữ liệu thô...
Tổng số dòng thô: 28450
🧠 Đang áp dụng NLP trích xuất Đặc trưng...
🧠 Đang áp dụng KNN Imputer...
✅ Giữ lại 5201/28450 tin hợp lệ.
✅ Đã kết nối thành công tới PostgreSQL.
✅ Bảng 'bds_hadong' đã có PRIMARY KEY. Bỏ qua.
Đang thực hiện Upsert dữ liệu vào PostgreSQL...
🔄 Upsert thành công 5201 bản ghi vào 'bds_hadong'.
✅ Hoàn tất Pipeline ETL.
[Wed 03/04/2026 12:04:09.31] [3/3] Dang dong bo Data len GitHub... 
[main ca8d7b9] Auto-update Fast Pipeline: Wed 03/04/2026 12:04:11.36
 4 files changed, 1679 insertions(+), 1373 deletions(-)
fatal: Unable to persist credentials with the 'wincredman' credential store.
See https://aka.ms/gcm/credstores for more information.
bash: line 1: /dev/tty: No such device or address
error: failed to execute prompt script (exit code 1)
fatal: could not read Username for 'https://github.com': No such file or directory
[Wed 03/04/2026 12:04:15.38] HOAN THANH LUONG FAST 
========================================= 
[Thu 03/05/2026 12:00:02.32] BAT DAU LUONG FAST (QUET BE MAT) 
[Thu 03/05/2026 12:00:02.36] [1/3] Dang cao du lieu be mat... 
[Browser] Đang khởi tạo trình duyệt...
[Browser] Phát hiện Chrome (Windows): Version 139

[Spider] Đang cào trang 1/10: https://batdongsan.com.vn/nha-dat-ban-ha-dong
[Spider] ✅ Thành công: Tìm thấy 30 tin đăng ở trang 1.

[Spider] Đang cào trang 2/10: https://batdongsan.com.vn/nha-dat-ban-ha-dong/p2
[Spider] ✅ Thành công: Tìm thấy 30 tin đăng ở trang 2.

[Spider] Đang cào trang 3/10: https://batdongsan.com.vn/nha-dat-ban-ha-dong/p3
[Spider] ✅ Thành công: Tìm thấy 30 tin đăng ở trang 3.

[Spider] Đang cào trang 4/10: https://batdongsan.com.vn/nha-dat-ban-ha-dong/p4
[Spider] ✅ Thành công: Tìm thấy 30 tin đăng ở trang 4.

[Spider] Đang cào trang 5/10: https://batdongsan.com.vn/nha-dat-ban-ha-dong/p5
[Spider] ✅ Thành công: Tìm thấy 30 tin đăng ở trang 5.

[Spider] Đang cào trang 6/10: https://batdongsan.com.vn/nha-dat-ban-ha-dong/p6
[Spider] ✅ Thành công: Tìm thấy 30 tin đăng ở trang 6.

[Spider] Đang cào trang 7/10: https://batdongsan.com.vn/nha-dat-ban-ha-dong/p7
[Spider] ✅ Thành công: Tìm thấy 30 tin đăng ở trang 7.

[Spider] Đang cào trang 8/10: https://batdongsan.com.vn/nha-dat-ban-ha-dong/p8
[Spider] ✅ Thành công: Tìm thấy 30 tin đăng ở trang 8.

[Spider] Đang cào trang 9/10: https://batdongsan.com.vn/nha-dat-ban-ha-dong/p9
[Spider] ✅ Thành công: Tìm thấy 30 tin đăng ở trang 9.

[Spider] Đang cào trang 10/10: https://batdongsan.com.vn/nha-dat-ban-ha-dong/p10
[Spider] ✅ Thành công: Tìm thấy 30 tin đăng ở trang 10.
[Spider] Đang gộp dữ liệu mới vào file cũ (Khớp theo tên cột)...
[Spider] Đã lưu 230 dòng mới. Tổng: 28703 dòng.
[Thu 03/05/2026 12:03:14.12] [2/3] Dang lam sach va day vao PostgreSQL... 
🔍 Đang cấu hình Database với: postgres.kkwivuufxdewurmxtsto@aws-1-ap-southeast-1.pooler.supabase.com:5432/postgres
Đang đọc dữ liệu thô...
Tổng số dòng thô: 28703
🧠 Đang áp dụng NLP trích xuất Đặc trưng...
🧠 Đang áp dụng KNN Imputer...
✅ Giữ lại 5340/28703 tin hợp lệ.
✅ Đã kết nối thành công tới PostgreSQL.
✅ Bảng 'bds_hadong' đã có PRIMARY KEY. Bỏ qua.
Đang thực hiện Upsert dữ liệu vào PostgreSQL...
🔄 Upsert thành công 5340 bản ghi vào 'bds_hadong'.
✅ Hoàn tất Pipeline ETL.
[Thu 03/05/2026 12:04:03.51] [3/3] Dang dong bo Data len GitHub... 
[main 8719fff] Auto-update Fast Pipeline: Thu 03/05/2026 12:04:06.40
 3 files changed, 1651 insertions(+), 1243 deletions(-)
fatal: Unable to persist credentials with the 'wincredman' credential store.
See https://aka.ms/gcm/credstores for more information.
bash: line 1: /dev/tty: No such device or address
error: failed to execute prompt script (exit code 1)
fatal: could not read Username for 'https://github.com': No such file or directory
[Thu 03/05/2026 12:04:09.82] HOAN THANH LUONG FAST 
========================================= 
[Fri 03/06/2026 12:00:01.92] BAT DAU LUONG FAST (QUET BE MAT) 
[Fri 03/06/2026 12:00:01.94] [1/3] Dang cao du lieu be mat... 
[Browser] Đang khởi tạo trình duyệt...
[Browser] Phát hiện Chrome (Windows): Version 139

[Spider] Đang cào trang 1/10: https://batdongsan.com.vn/nha-dat-ban-ha-dong
[Spider] ✅ Thành công: Tìm thấy 30 tin đăng ở trang 1.

[Spider] Đang cào trang 2/10: https://batdongsan.com.vn/nha-dat-ban-ha-dong/p2
[Spider] ✅ Thành công: Tìm thấy 30 tin đăng ở trang 2.

[Spider] Đang cào trang 3/10: https://batdongsan.com.vn/nha-dat-ban-ha-dong/p3
[Spider] ✅ Thành công: Tìm thấy 30 tin đăng ở trang 3.

[Spider] Đang cào trang 4/10: https://batdongsan.com.vn/nha-dat-ban-ha-dong/p4
[Spider] ✅ Thành công: Tìm thấy 30 tin đăng ở trang 4.

[Spider] Đang cào trang 5/10: https://batdongsan.com.vn/nha-dat-ban-ha-dong/p5
[Spider] ✅ Thành công: Tìm thấy 30 tin đăng ở trang 5.

[Spider] Đang cào trang 6/10: https://batdongsan.com.vn/nha-dat-ban-ha-dong/p6
[Spider] ✅ Thành công: Tìm thấy 30 tin đăng ở trang 6.

[Spider] Đang cào trang 7/10: https://batdongsan.com.vn/nha-dat-ban-ha-dong/p7
[Spider] ✅ Thành công: Tìm thấy 30 tin đăng ở trang 7.

[Spider] Đang cào trang 8/10: https://batdongsan.com.vn/nha-dat-ban-ha-dong/p8
[Spider] ✅ Thành công: Tìm thấy 30 tin đăng ở trang 8.

[Spider] Đang cào trang 9/10: https://batdongsan.com.vn/nha-dat-ban-ha-dong/p9
[Spider] ✅ Thành công: Tìm thấy 30 tin đăng ở trang 9.

[Spider] Đang cào trang 10/10: https://batdongsan.com.vn/nha-dat-ban-ha-dong/p10
[Spider] ✅ Thành công: Tìm thấy 30 tin đăng ở trang 10.
[Spider] Đang gộp dữ liệu mới vào file cũ (Khớp theo tên cột)...
[Spider] Đã lưu 230 dòng mới. Tổng: 28933 dòng.
[Fri 03/06/2026 12:03:19.07] [2/3] Dang lam sach va day vao PostgreSQL... 
🔍 Đang cấu hình Database với: postgres.kkwivuufxdewurmxtsto@aws-1-ap-southeast-1.pooler.supabase.com:5432/postgres
Đang đọc dữ liệu thô...
Tổng số dòng thô: 28933
🧠 Đang áp dụng NLP trích xuất Đặc trưng...
🧠 Đang áp dụng KNN Imputer...
✅ Giữ lại 5220/28933 tin hợp lệ.
✅ Đã kết nối thành công tới PostgreSQL.
✅ Bảng 'bds_hadong' đã có PRIMARY KEY. Bỏ qua.
Đang thực hiện Upsert dữ liệu vào PostgreSQL...
🔄 Upsert thành công 5220 bản ghi vào 'bds_hadong'.
✅ Hoàn tất Pipeline ETL.
[Fri 03/06/2026 12:03:57.52] [3/3] Dang dong bo Data len GitHub... 
[main 1b2f4ea] Auto-update Fast Pipeline: Fri 03/06/2026 12:03:59.26
 3 files changed, 1723 insertions(+), 1427 deletions(-)
fatal: Unable to persist credentials with the 'wincredman' credential store.
See https://aka.ms/gcm/credstores for more information.
bash: line 1: /dev/tty: No such device or address
error: failed to execute prompt script (exit code 1)
fatal: could not read Username for 'https://github.com': No such file or directory
[Fri 03/06/2026 12:04:04.63] HOAN THANH LUONG FAST 
========================================= 
[Sat 03/07/2026 23:32:26.52] BAT DAU LUONG FAST (QUET BE MAT) 
[Sat 03/07/2026 23:32:26.54] [1/3] Dang cao du lieu be mat... 
[Browser] Đang khởi tạo trình duyệt...
[Browser] Phát hiện Chrome (Windows): Version 139

[Spider] Đang cào trang 1/10: https://batdongsan.com.vn/nha-dat-ban-ha-dong
[Spider] ✅ Thành công: Tìm thấy 30 tin đăng ở trang 1.

[Spider] Đang cào trang 2/10: https://batdongsan.com.vn/nha-dat-ban-ha-dong/p2
[Spider] ✅ Thành công: Tìm thấy 30 tin đăng ở trang 2.

[Spider] Đang cào trang 3/10: https://batdongsan.com.vn/nha-dat-ban-ha-dong/p3
[Spider] ✅ Thành công: Tìm thấy 30 tin đăng ở trang 3.

[Spider] Đang cào trang 4/10: https://batdongsan.com.vn/nha-dat-ban-ha-dong/p4
[Spider] ✅ Thành công: Tìm thấy 30 tin đăng ở trang 4.

[Spider] Đang cào trang 5/10: https://batdongsan.com.vn/nha-dat-ban-ha-dong/p5
[Spider] ✅ Thành công: Tìm thấy 30 tin đăng ở trang 5.

[Spider] Đang cào trang 6/10: https://batdongsan.com.vn/nha-dat-ban-ha-dong/p6
[Spider] ✅ Thành công: Tìm thấy 30 tin đăng ở trang 6.

[Spider] Đang cào trang 7/10: https://batdongsan.com.vn/nha-dat-ban-ha-dong/p7
[Spider] ✅ Thành công: Tìm thấy 30 tin đăng ở trang 7.

[Spider] Đang cào trang 8/10: https://batdongsan.com.vn/nha-dat-ban-ha-dong/p8
[Spider] ✅ Thành công: Tìm thấy 30 tin đăng ở trang 8.

[Spider] Đang cào trang 9/10: https://batdongsan.com.vn/nha-dat-ban-ha-dong/p9
[Spider] ✅ Thành công: Tìm thấy 30 tin đăng ở trang 9.

[Spider] Đang cào trang 10/10: https://batdongsan.com.vn/nha-dat-ban-ha-dong/p10
[Spider] ✅ Thành công: Tìm thấy 30 tin đăng ở trang 10.
[Spider] Đang gộp dữ liệu mới vào file cũ (Khớp theo tên cột)...
[Spider] Đã lưu 230 dòng mới. Tổng: 29163 dòng.
[Sat 03/07/2026 23:36:21.02] [2/3] Dang lam sach va day vao PostgreSQL... 
🔍 Đang cấu hình Database với: postgres.kkwivuufxdewurmxtsto@aws-1-ap-southeast-1.pooler.supabase.com:5432/postgres
Đang đọc dữ liệu thô...
Tổng số dòng thô: 29163
🧠 Đang áp dụng NLP trích xuất Đặc trưng...
🧠 Đang áp dụng KNN Imputer...
✅ Giữ lại 5241/29163 tin hợp lệ.
✅ Đã kết nối thành công tới PostgreSQL.
✅ Bảng 'bds_hadong' đã có PRIMARY KEY. Bỏ qua.
Đang thực hiện Upsert dữ liệu vào PostgreSQL...
🔄 Upsert thành công 5241 bản ghi vào 'bds_hadong'.
✅ Hoàn tất Pipeline ETL.
[Sat 03/07/2026 23:36:52.86] [3/3] Dang dong bo Data len GitHub... 
[main c631bfb] Auto-update Fast Pipeline: Sat 03/07/2026 23:36:54.95
 4 files changed, 1746 insertions(+), 1426 deletions(-)
fatal: Unable to persist credentials with the 'wincredman' credential store.
See https://aka.ms/gcm/credstores for more information.
bash: line 1: /dev/tty: No such device or address
error: failed to execute prompt script (exit code 1)
fatal: could not read Username for 'https://github.com': No such file or directory
[Sat 03/07/2026 23:36:58.04] HOAN THANH LUONG FAST 
========================================= 
[Sun 03/08/2026 12:48:16.62] BAT DAU LUONG FAST (QUET BE MAT) 
[Sun 03/08/2026 12:48:16.64] [1/3] Dang cao du lieu be mat... 
[Browser] Đang khởi tạo trình duyệt...
[Browser] Phát hiện Chrome (Windows): Version 139

[Spider] Đang cào trang 1/10: https://batdongsan.com.vn/nha-dat-ban-ha-dong
[Spider] ✅ Thành công: Tìm thấy 30 tin đăng ở trang 1.

[Spider] Đang cào trang 2/10: https://batdongsan.com.vn/nha-dat-ban-ha-dong/p2
[Spider] ✅ Thành công: Tìm thấy 30 tin đăng ở trang 2.

[Spider] Đang cào trang 3/10: https://batdongsan.com.vn/nha-dat-ban-ha-dong/p3
[Spider] ✅ Thành công: Tìm thấy 30 tin đăng ở trang 3.

[Spider] Đang cào trang 4/10: https://batdongsan.com.vn/nha-dat-ban-ha-dong/p4
[Spider] ✅ Thành công: Tìm thấy 30 tin đăng ở trang 4.

[Spider] Đang cào trang 5/10: https://batdongsan.com.vn/nha-dat-ban-ha-dong/p5
[Spider] ✅ Thành công: Tìm thấy 30 tin đăng ở trang 5.

[Spider] Đang cào trang 6/10: https://batdongsan.com.vn/nha-dat-ban-ha-dong/p6
[Spider] ✅ Thành công: Tìm thấy 30 tin đăng ở trang 6.

[Spider] Đang cào trang 7/10: https://batdongsan.com.vn/nha-dat-ban-ha-dong/p7
[Spider] ✅ Thành công: Tìm thấy 30 tin đăng ở trang 7.

[Spider] Đang cào trang 8/10: https://batdongsan.com.vn/nha-dat-ban-ha-dong/p8
[Spider] ✅ Thành công: Tìm thấy 30 tin đăng ở trang 8.

[Spider] Đang cào trang 9/10: https://batdongsan.com.vn/nha-dat-ban-ha-dong/p9
[Spider] ✅ Thành công: Tìm thấy 30 tin đăng ở trang 9.

[Spider] Đang cào trang 10/10: https://batdongsan.com.vn/nha-dat-ban-ha-dong/p10
[Spider] Lỗi tại trang 10 (Attempt 1): Message: unknown error: net::ERR_CONNECTION_TIMED_OUT
  (Session info: chrome=139.0.7258.139)
Stacktrace:
	GetHandleVerifier [0x0xd6a8a3+63283]
	GetHandleVerifier [0x0xd6a8e4+63348]
	(No symbol) [0x0xba3e43]
	(No symbol) [0x0xba156b]
	(No symbol) [0x0xb94d32]
	(No symbol) [0x0xb96768]
	(No symbol) [0x0xb94fc8]
	(No symbol) [0x0xb94b03]
	(No symbol) [0x0xb94811]
	(No symbol) [0x0xb927b4]
	(No symbol) [0x0xb9315b]
	(No symbol) [0x0xba785e]
	(No symbol) [0x0xc332e7]
	(No symbol) [0x0xc1141c]
	(No symbol) [0x0xc3271a]
	(No symbol) [0x0xc11216]
	(No symbol) [0x0xbe0855]
	(No symbol) [0x0xbe16f4]
	GetHandleVerifier [0x0xfdbb43+2623955]
	GetHandleVerifier [0x0xfd6daa+2604090]
	GetHandleVerifier [0x0xd9069a+218410]
	GetHandleVerifier [0x0xd80ed8+154984]
	GetHandleVerifier [0x0xd8742d+180925]
	GetHandleVerifier [0x0xd722b8+94536]
	GetHandleVerifier [0x0xd72442+94930]
	GetHandleVerifier [0x0xd5d5ea+9338]
	BaseThreadInitThunk [0x0x7715fcc9+25]
	RtlGetAppContainerNamedObjectPath [0x0x77a1839e+286]
	RtlGetAppContainerNamedObjectPath [0x0x77a1836e+238]

[Spider] 🔄 Đang thử tải lại lần 2/3 cho trang 10...
[Spider] ✅ Thành công: Tìm thấy 30 tin đăng ở trang 10.
[Spider] Đang gộp dữ liệu mới vào file cũ (Khớp theo tên cột)...
[Spider] Đã lưu 230 dòng mới. Tổng: 29393 dòng.
[Sun 03/08/2026 12:53:47.34] [2/3] Dang lam sach va day vao PostgreSQL... 
🔍 Đang cấu hình Database với: postgres.kkwivuufxdewurmxtsto@aws-1-ap-southeast-1.pooler.supabase.com:5432/postgres
Đang đọc dữ liệu thô...
Tổng số dòng thô: 29393
🧠 Đang áp dụng NLP trích xuất Đặc trưng...
🧠 Đang áp dụng KNN Imputer...
✅ Giữ lại 5242/29393 tin hợp lệ.
✅ Đã kết nối thành công tới PostgreSQL.
✅ Bảng 'bds_hadong' đã có PRIMARY KEY. Bỏ qua.
Đang thực hiện Upsert dữ liệu vào PostgreSQL...
🔄 Upsert thành công 5242 bản ghi vào 'bds_hadong'.
✅ Hoàn tất Pipeline ETL.
[Sun 03/08/2026 12:54:22.13] [3/3] Dang dong bo Data len GitHub... 
[main edc31ee] Auto-update Fast Pipeline: Sun 03/08/2026 12:54:23.53
 4 files changed, 1749 insertions(+), 1349 deletions(-)
fatal: Unable to persist credentials with the 'wincredman' credential store.
See https://aka.ms/gcm/credstores for more information.
bash: line 1: /dev/tty: No such device or address
error: failed to execute prompt script (exit code 1)
fatal: could not read Username for 'https://github.com': No such file or directory
[Sun 03/08/2026 12:54:26.44] HOAN THANH LUONG FAST 
========================================= 
[Mon 03/09/2026 12:00:01.88] BAT DAU LUONG FAST (QUET BE MAT) 
[Mon 03/09/2026 12:00:01.90] [1/3] Dang cao du lieu be mat... 
[Browser] Đang khởi tạo trình duyệt...
[Browser] Phát hiện Chrome (Windows): Version 139

[Spider] Đang cào trang 1/10: https://batdongsan.com.vn/nha-dat-ban-ha-dong
[Spider] ✅ Thành công: Tìm thấy 30 tin đăng ở trang 1.

[Spider] Đang cào trang 2/10: https://batdongsan.com.vn/nha-dat-ban-ha-dong/p2
[Spider] ✅ Thành công: Tìm thấy 30 tin đăng ở trang 2.

[Spider] Đang cào trang 3/10: https://batdongsan.com.vn/nha-dat-ban-ha-dong/p3
[Spider] ✅ Thành công: Tìm thấy 30 tin đăng ở trang 3.

[Spider] Đang cào trang 4/10: https://batdongsan.com.vn/nha-dat-ban-ha-dong/p4
[Spider] ✅ Thành công: Tìm thấy 30 tin đăng ở trang 4.

[Spider] Đang cào trang 5/10: https://batdongsan.com.vn/nha-dat-ban-ha-dong/p5
[Spider] ✅ Thành công: Tìm thấy 30 tin đăng ở trang 5.

[Spider] Đang cào trang 6/10: https://batdongsan.com.vn/nha-dat-ban-ha-dong/p6
[Spider] ✅ Thành công: Tìm thấy 30 tin đăng ở trang 6.

[Spider] Đang cào trang 7/10: https://batdongsan.com.vn/nha-dat-ban-ha-dong/p7
[Spider] ✅ Thành công: Tìm thấy 30 tin đăng ở trang 7.

[Spider] Đang cào trang 8/10: https://batdongsan.com.vn/nha-dat-ban-ha-dong/p8
[Spider] ✅ Thành công: Tìm thấy 30 tin đăng ở trang 8.

[Spider] Đang cào trang 9/10: https://batdongsan.com.vn/nha-dat-ban-ha-dong/p9
[Spider] ✅ Thành công: Tìm thấy 30 tin đăng ở trang 9.

[Spider] Đang cào trang 10/10: https://batdongsan.com.vn/nha-dat-ban-ha-dong/p10
[Spider] ✅ Thành công: Tìm thấy 30 tin đăng ở trang 10.
[Spider] Đang gộp dữ liệu mới vào file cũ (Khớp theo tên cột)...
[Spider] Đã lưu 230 dòng mới. Tổng: 29623 dòng.
[Mon 03/09/2026 12:03:36.65] [2/3] Dang lam sach va day vao PostgreSQL... 
🔍 Đang cấu hình Database với: postgres.kkwivuufxdewurmxtsto@aws-1-ap-southeast-1.pooler.supabase.com:5432/postgres
Đang đọc dữ liệu thô...
Tổng số dòng thô: 29623
🧠 Đang áp dụng NLP trích xuất Đặc trưng...
🧠 Đang áp dụng KNN Imputer...
✅ Giữ lại 5256/29623 tin hợp lệ.
✅ Đã kết nối thành công tới PostgreSQL.
✅ Bảng 'bds_hadong' đã có PRIMARY KEY. Bỏ qua.
Đang thực hiện Upsert dữ liệu vào PostgreSQL...
🔄 Upsert thành công 5256 bản ghi vào 'bds_hadong'.
✅ Hoàn tất Pipeline ETL.
[Mon 03/09/2026 12:04:11.93] [3/3] Dang dong bo Data len GitHub... 
[main 139e723] Auto-update Fast Pipeline: Mon 03/09/2026 12:04:12.64
 3 files changed, 35715 insertions(+), 35417 deletions(-)
fatal: Unable to persist credentials with the 'wincredman' credential store.
See https://aka.ms/gcm/credstores for more information.
bash: line 1: /dev/tty: No such device or address
error: failed to execute prompt script (exit code 1)
fatal: could not read Username for 'https://github.com': No such file or directory
[Mon 03/09/2026 12:04:16.60] HOAN THANH LUONG FAST 
========================================= 
[Tue 03/10/2026 12:00:02.66] BAT DAU LUONG FAST (QUET BE MAT) 
[Tue 03/10/2026 12:00:02.68] [1/3] Dang cao du lieu be mat... 
[Browser] Đang khởi tạo trình duyệt...
[Browser] Phát hiện Chrome (Windows): Version 139

[Spider] Đang cào trang 1/10: https://batdongsan.com.vn/nha-dat-ban-ha-dong
[Spider] ✅ Thành công: Tìm thấy 30 tin đăng ở trang 1.

[Spider] Đang cào trang 2/10: https://batdongsan.com.vn/nha-dat-ban-ha-dong/p2
[Spider] ✅ Thành công: Tìm thấy 30 tin đăng ở trang 2.

[Spider] Đang cào trang 3/10: https://batdongsan.com.vn/nha-dat-ban-ha-dong/p3
[Spider] ✅ Thành công: Tìm thấy 30 tin đăng ở trang 3.

[Spider] Đang cào trang 4/10: https://batdongsan.com.vn/nha-dat-ban-ha-dong/p4
[Spider] ✅ Thành công: Tìm thấy 30 tin đăng ở trang 4.

[Spider] Đang cào trang 5/10: https://batdongsan.com.vn/nha-dat-ban-ha-dong/p5
[Spider] ✅ Thành công: Tìm thấy 30 tin đăng ở trang 5.

[Spider] Đang cào trang 6/10: https://batdongsan.com.vn/nha-dat-ban-ha-dong/p6
[Spider] ✅ Thành công: Tìm thấy 30 tin đăng ở trang 6.

[Spider] Đang cào trang 7/10: https://batdongsan.com.vn/nha-dat-ban-ha-dong/p7
[Spider] ✅ Thành công: Tìm thấy 30 tin đăng ở trang 7.

[Spider] Đang cào trang 8/10: https://batdongsan.com.vn/nha-dat-ban-ha-dong/p8
[Spider] ✅ Thành công: Tìm thấy 30 tin đăng ở trang 8.

[Spider] Đang cào trang 9/10: https://batdongsan.com.vn/nha-dat-ban-ha-dong/p9
[Spider] ✅ Thành công: Tìm thấy 30 tin đăng ở trang 9.

[Spider] Đang cào trang 10/10: https://batdongsan.com.vn/nha-dat-ban-ha-dong/p10
[Spider] ✅ Thành công: Tìm thấy 30 tin đăng ở trang 10.
[Spider] Đang gộp dữ liệu mới vào file cũ (Khớp theo tên cột)...
[Spider] Đã lưu 230 dòng mới. Tổng: 29853 dòng.
[Tue 03/10/2026 12:03:25.99] [2/3] Dang lam sach va day vao PostgreSQL... 
🔍 Đang cấu hình Database với: postgres.kkwivuufxdewurmxtsto@aws-1-ap-southeast-1.pooler.supabase.com:5432/postgres
Đang đọc dữ liệu thô...
Tổng số dòng thô: 29853
🧠 Đang áp dụng NLP trích xuất Đặc trưng...
🧠 Đang áp dụng KNN Imputer...
✅ Giữ lại 5270/29853 tin hợp lệ.
✅ Đã kết nối thành công tới PostgreSQL.
✅ Bảng 'bds_hadong' đã có PRIMARY KEY. Bỏ qua.
Đang thực hiện Upsert dữ liệu vào PostgreSQL...
🔄 Upsert thành công 5270 bản ghi vào 'bds_hadong'.
✅ Hoàn tất Pipeline ETL.
[Tue 03/10/2026 12:04:14.85] [3/3] Dang dong bo Data len GitHub... 
[main 822575c] Auto-update Fast Pipeline: Tue 03/10/2026 12:04:17.09
 4 files changed, 1657 insertions(+), 1357 deletions(-)
fatal: Unable to persist credentials with the 'wincredman' credential store.
See https://aka.ms/gcm/credstores for more information.
bash: line 1: /dev/tty: No such device or address
error: failed to execute prompt script (exit code 1)
fatal: could not read Username for 'https://github.com': No such file or directory
[Tue 03/10/2026 12:04:21.55] HOAN THANH LUONG FAST 
========================================= 
[Wed 03/11/2026 12:00:02.44] BAT DAU LUONG FAST (QUET BE MAT) 
[Wed 03/11/2026 12:00:02.46] [1/3] Dang cao du lieu be mat... 
[Browser] Đang khởi tạo trình duyệt...
[Browser] Phát hiện Chrome (Windows): Version 139

[Spider] Đang cào trang 1/10: https://batdongsan.com.vn/nha-dat-ban-ha-dong
[Spider] ✅ Thành công: Tìm thấy 30 tin đăng ở trang 1.

[Spider] Đang cào trang 2/10: https://batdongsan.com.vn/nha-dat-ban-ha-dong/p2
[Spider] ✅ Thành công: Tìm thấy 30 tin đăng ở trang 2.

[Spider] Đang cào trang 3/10: https://batdongsan.com.vn/nha-dat-ban-ha-dong/p3
[Spider] ✅ Thành công: Tìm thấy 30 tin đăng ở trang 3.

[Spider] Đang cào trang 4/10: https://batdongsan.com.vn/nha-dat-ban-ha-dong/p4
[Spider] ✅ Thành công: Tìm thấy 30 tin đăng ở trang 4.

[Spider] Đang cào trang 5/10: https://batdongsan.com.vn/nha-dat-ban-ha-dong/p5
[Spider] ✅ Thành công: Tìm thấy 30 tin đăng ở trang 5.

[Spider] Đang cào trang 6/10: https://batdongsan.com.vn/nha-dat-ban-ha-dong/p6
[Spider] ✅ Thành công: Tìm thấy 30 tin đăng ở trang 6.

[Spider] Đang cào trang 7/10: https://batdongsan.com.vn/nha-dat-ban-ha-dong/p7
[Spider] ✅ Thành công: Tìm thấy 30 tin đăng ở trang 7.

[Spider] Đang cào trang 8/10: https://batdongsan.com.vn/nha-dat-ban-ha-dong/p8
[Spider] ✅ Thành công: Tìm thấy 30 tin đăng ở trang 8.

[Spider] Đang cào trang 9/10: https://batdongsan.com.vn/nha-dat-ban-ha-dong/p9
[Spider] ✅ Thành công: Tìm thấy 30 tin đăng ở trang 9.

[Spider] Đang cào trang 10/10: https://batdongsan.com.vn/nha-dat-ban-ha-dong/p10
[Spider] ✅ Thành công: Tìm thấy 30 tin đăng ở trang 10.
[Spider] Đang gộp dữ liệu mới vào file cũ (Khớp theo tên cột)...
[Spider] Đã lưu 230 dòng mới. Tổng: 30083 dòng.
[Wed 03/11/2026 12:03:31.61] [2/3] Dang lam sach va day vao PostgreSQL... 
🔍 Đang cấu hình Database với: postgres.kkwivuufxdewurmxtsto@aws-1-ap-southeast-1.pooler.supabase.com:5432/postgres
Đang đọc dữ liệu thô...
Tổng số dòng thô: 30083
🧠 Đang áp dụng NLP trích xuất Đặc trưng...
🧠 Đang áp dụng KNN Imputer...
✅ Giữ lại 5287/30083 tin hợp lệ.
✅ Đã kết nối thành công tới PostgreSQL.
✅ Bảng 'bds_hadong' đã có PRIMARY KEY. Bỏ qua.
Đang thực hiện Upsert dữ liệu vào PostgreSQL...
🔄 Upsert thành công 5287 bản ghi vào 'bds_hadong'.
✅ Hoàn tất Pipeline ETL.
[Wed 03/11/2026 12:04:27.41] [3/3] Dang dong bo Data len GitHub... 
[main 472d02e] Auto-update Fast Pipeline: Wed 03/11/2026 12:04:30.67
 4 files changed, 1670 insertions(+), 1363 deletions(-)
fatal: Unable to persist credentials with the 'wincredman' credential store.
See https://aka.ms/gcm/credstores for more information.
bash: line 1: /dev/tty: No such device or address
error: failed to execute prompt script (exit code 1)
fatal: could not read Username for 'https://github.com': No such file or directory
[Wed 03/11/2026 12:04:34.68] HOAN THANH LUONG FAST 
========================================= 
[Thu 03/12/2026 12:00:02.65] BAT DAU LUONG FAST (QUET BE MAT) 
[Thu 03/12/2026 12:00:02.67] [1/3] Dang cao du lieu be mat... 
[Browser] Đang khởi tạo trình duyệt...
[Browser] Phát hiện Chrome (Windows): Version 139

[Spider] Đang cào trang 1/10: https://batdongsan.com.vn/nha-dat-ban-ha-dong
[Spider] ✅ Thành công: Tìm thấy 30 tin đăng ở trang 1.

[Spider] Đang cào trang 2/10: https://batdongsan.com.vn/nha-dat-ban-ha-dong/p2
[Spider] ✅ Thành công: Tìm thấy 30 tin đăng ở trang 2.

[Spider] Đang cào trang 3/10: https://batdongsan.com.vn/nha-dat-ban-ha-dong/p3
[Spider] ✅ Thành công: Tìm thấy 30 tin đăng ở trang 3.

[Spider] Đang cào trang 4/10: https://batdongsan.com.vn/nha-dat-ban-ha-dong/p4
[Spider] ✅ Thành công: Tìm thấy 30 tin đăng ở trang 4.

[Spider] Đang cào trang 5/10: https://batdongsan.com.vn/nha-dat-ban-ha-dong/p5
[Spider] ✅ Thành công: Tìm thấy 30 tin đăng ở trang 5.

[Spider] Đang cào trang 6/10: https://batdongsan.com.vn/nha-dat-ban-ha-dong/p6
[Spider] ✅ Thành công: Tìm thấy 30 tin đăng ở trang 6.

[Spider] Đang cào trang 7/10: https://batdongsan.com.vn/nha-dat-ban-ha-dong/p7
[Spider] ✅ Thành công: Tìm thấy 30 tin đăng ở trang 7.

[Spider] Đang cào trang 8/10: https://batdongsan.com.vn/nha-dat-ban-ha-dong/p8
[Spider] ✅ Thành công: Tìm thấy 30 tin đăng ở trang 8.

[Spider] Đang cào trang 9/10: https://batdongsan.com.vn/nha-dat-ban-ha-dong/p9
[Spider] ✅ Thành công: Tìm thấy 30 tin đăng ở trang 9.

[Spider] Đang cào trang 10/10: https://batdongsan.com.vn/nha-dat-ban-ha-dong/p10
[Spider] ✅ Thành công: Tìm thấy 30 tin đăng ở trang 10.
[Spider] Đang gộp dữ liệu mới vào file cũ (Khớp theo tên cột)...
[Spider] Đã lưu 209 dòng mới. Tổng: 30292 dòng.
[Thu 03/12/2026 12:03:44.44] [2/3] Dang lam sach va day vao PostgreSQL... 
🔍 Đang cấu hình Database với: postgres.kkwivuufxdewurmxtsto@aws-1-ap-southeast-1.pooler.supabase.com:5432/postgres
Đang đọc dữ liệu thô...
Tổng số dòng thô: 30292
🧠 Đang áp dụng NLP trích xuất Đặc trưng...
🧠 Đang áp dụng KNN Imputer...
✅ Giữ lại 5297/30292 tin hợp lệ.
✅ Đã kết nối thành công tới PostgreSQL.
✅ Bảng 'bds_hadong' đã có PRIMARY KEY. Bỏ qua.
Đang thực hiện Upsert dữ liệu vào PostgreSQL...
🔄 Upsert thành công 5297 bản ghi vào 'bds_hadong'.
✅ Hoàn tất Pipeline ETL.
[Thu 03/12/2026 12:04:41.55] [3/3] Dang dong bo Data len GitHub... 
[main adf38ad] Auto-update Fast Pipeline: Thu 03/12/2026 12:04:43.70
 4 files changed, 1685 insertions(+), 1401 deletions(-)
remote: This repository moved. Please use the new location:        
remote:   https://github.com/HieuNT316/hanoi-house-price-prediction.git        
To https://github.com/Alexus143/hanoi-house-price-prediction.git
   858135e..adf38ad  main -> main
[Thu 03/12/2026 12:04:55.17] HOAN THANH LUONG FAST 
========================================= 
[Fri 03/13/2026 12:00:02.64] BAT DAU LUONG FAST (QUET BE MAT) 
[Fri 03/13/2026 12:00:02.64] [1/3] Dang cao du lieu be mat... 
[Browser] Đang khởi tạo trình duyệt...
[Browser] Phát hiện Chrome (Windows): Version 139

[Spider] Đang cào trang 1/10: https://batdongsan.com.vn/nha-dat-ban-ha-dong
[Spider] Lỗi tại trang 1 (Attempt 1): Message: invalid session id; For documentation on this error, please visit: https://www.selenium.dev/documentation/webdriver/troubleshooting/errors#invalidsessionidexception
Stacktrace:
	GetHandleVerifier [0x0x8ba8a3+63283]
	GetHandleVerifier [0x0x8ba8e4+63348]
	(No symbol) [0x0x6f3ca0]
	(No symbol) [0x0x72fb48]
	(No symbol) [0x0x7612d6]
	(No symbol) [0x0x75ceb5]
	(No symbol) [0x0x75c436]
	(No symbol) [0x0x6c5755]
	(No symbol) [0x0x6c5cae]
	(No symbol) [0x0x6c613d]
	GetHandleVerifier [0x0xb2bb43+2623955]
	GetHandleVerifier [0x0xb26daa+2604090]
	GetHandleVerifier [0x0x8e069a+218410]
	GetHandleVerifier [0x0x8d0ed8+154984]
	GetHandleVerifier [0x0x8d742d+180925]
	(No symbol) [0x0x6c5420]
	(No symbol) [0x0x6c4c36]
	GetHandleVerifier [0x0xc668fc+3913612]
	BaseThreadInitThunk [0x0x767ffcc9+25]
	RtlGetAppContainerNamedObjectPath [0x0x77d3839e+286]
	RtlGetAppContainerNamedObjectPath [0x0x77d3836e+238]

[Spider] 🔄 Đang thử tải lại lần 2/3 cho trang 1...
[Spider] Lỗi tại trang 1 (Attempt 2): Message: invalid session id; For documentation on this error, please visit: https://www.selenium.dev/documentation/webdriver/troubleshooting/errors#invalidsessionidexception
Stacktrace:
	GetHandleVerifier [0x0x8ba8a3+63283]
	GetHandleVerifier [0x0x8ba8e4+63348]
	(No symbol) [0x0x6f3ca0]
	(No symbol) [0x0x72fb48]
	(No symbol) [0x0x7612d6]
	(No symbol) [0x0x75ceb5]
	(No symbol) [0x0x75c436]
	(No symbol) [0x0x6c5755]
	(No symbol) [0x0x6c5cae]
	(No symbol) [0x0x6c613d]
	GetHandleVerifier [0x0xb2bb43+2623955]
	GetHandleVerifier [0x0xb26daa+2604090]
	GetHandleVerifier [0x0x8e069a+218410]
	GetHandleVerifier [0x0x8d0ed8+154984]
	GetHandleVerifier [0x0x8d742d+180925]
	(No symbol) [0x0x6c5420]
	(No symbol) [0x0x6c4c36]
	GetHandleVerifier [0x0xc668fc+3913612]
	BaseThreadInitThunk [0x0x767ffcc9+25]
	RtlGetAppContainerNamedObjectPath [0x0x77d3839e+286]
	RtlGetAppContainerNamedObjectPath [0x0x77d3836e+238]

[Spider] 🔄 Đang thử tải lại lần 3/3 cho trang 1...
[Spider] Lỗi tại trang 1 (Attempt 3): Message: invalid session id; For documentation on this error, please visit: https://www.selenium.dev/documentation/webdriver/troubleshooting/errors#invalidsessionidexception
Stacktrace:
	GetHandleVerifier [0x0x8ba8a3+63283]
	GetHandleVerifier [0x0x8ba8e4+63348]
	(No symbol) [0x0x6f3ca0]
	(No symbol) [0x0x72fb48]
	(No symbol) [0x0x7612d6]
	(No symbol) [0x0x75ceb5]
	(No symbol) [0x0x75c436]
	(No symbol) [0x0x6c5755]
	(No symbol) [0x0x6c5cae]
	(No symbol) [0x0x6c613d]
	GetHandleVerifier [0x0xb2bb43+2623955]
	GetHandleVerifier [0x0xb26daa+2604090]
	GetHandleVerifier [0x0x8e069a+218410]
	GetHandleVerifier [0x0x8d0ed8+154984]
	GetHandleVerifier [0x0x8d742d+180925]
	(No symbol) [0x0x6c5420]
	(No symbol) [0x0x6c4c36]
	GetHandleVerifier [0x0xc668fc+3913612]
	BaseThreadInitThunk [0x0x767ffcc9+25]
	RtlGetAppContainerNamedObjectPath [0x0x77d3839e+286]
	RtlGetAppContainerNamedObjectPath [0x0x77d3836e+238]


[Spider] Đang cào trang 2/10: https://batdongsan.com.vn/nha-dat-ban-ha-dong/p2
[Spider] Lỗi tại trang 2 (Attempt 1): Message: invalid session id; For documentation on this error, please visit: https://www.selenium.dev/documentation/webdriver/troubleshooting/errors#invalidsessionidexception
Stacktrace:
	GetHandleVerifier [0x0x8ba8a3+63283]
	GetHandleVerifier [0x0x8ba8e4+63348]
	(No symbol) [0x0x6f3ca0]
	(No symbol) [0x0x72fb48]
	(No symbol) [0x0x7612d6]
	(No symbol) [0x0x75ceb5]
	(No symbol) [0x0x75c436]
	(No symbol) [0x0x6c5755]
	(No symbol) [0x0x6c5cae]
	(No symbol) [0x0x6c613d]
	GetHandleVerifier [0x0xb2bb43+2623955]
	GetHandleVerifier [0x0xb26daa+2604090]
	GetHandleVerifier [0x0x8e069a+218410]
	GetHandleVerifier [0x0x8d0ed8+154984]
	GetHandleVerifier [0x0x8d742d+180925]
	(No symbol) [0x0x6c5420]
	(No symbol) [0x0x6c4c36]
	GetHandleVerifier [0x0xc668fc+3913612]
	BaseThreadInitThunk [0x0x767ffcc9+25]
	RtlGetAppContainerNamedObjectPath [0x0x77d3839e+286]
	RtlGetAppContainerNamedObjectPath [0x0x77d3836e+238]

[Spider] 🔄 Đang thử tải lại lần 2/3 cho trang 2...
[Spider] Lỗi tại trang 2 (Attempt 2): Message: invalid session id; For documentation on this error, please visit: https://www.selenium.dev/documentation/webdriver/troubleshooting/errors#invalidsessionidexception
Stacktrace:
	GetHandleVerifier [0x0x8ba8a3+63283]
	GetHandleVerifier [0x0x8ba8e4+63348]
	(No symbol) [0x0x6f3ca0]
	(No symbol) [0x0x72fb48]
	(No symbol) [0x0x7612d6]
	(No symbol) [0x0x75ceb5]
	(No symbol) [0x0x75c436]
	(No symbol) [0x0x6c5755]
	(No symbol) [0x0x6c5cae]
	(No symbol) [0x0x6c613d]
	GetHandleVerifier [0x0xb2bb43+2623955]
	GetHandleVerifier [0x0xb26daa+2604090]
	GetHandleVerifier [0x0x8e069a+218410]
	GetHandleVerifier [0x0x8d0ed8+154984]
	GetHandleVerifier [0x0x8d742d+180925]
	(No symbol) [0x0x6c5420]
	(No symbol) [0x0x6c4c36]
	GetHandleVerifier [0x0xc668fc+3913612]
	BaseThreadInitThunk [0x0x767ffcc9+25]
	RtlGetAppContainerNamedObjectPath [0x0x77d3839e+286]
	RtlGetAppContainerNamedObjectPath [0x0x77d3836e+238]

[Spider] 🔄 Đang thử tải lại lần 3/3 cho trang 2...
[Spider] Lỗi tại trang 2 (Attempt 3): Message: invalid session id; For documentation on this error, please visit: https://www.selenium.dev/documentation/webdriver/troubleshooting/errors#invalidsessionidexception
Stacktrace:
	GetHandleVerifier [0x0x8ba8a3+63283]
	GetHandleVerifier [0x0x8ba8e4+63348]
	(No symbol) [0x0x6f3ca0]
	(No symbol) [0x0x72fb48]
	(No symbol) [0x0x7612d6]
	(No symbol) [0x0x75ceb5]
	(No symbol) [0x0x75c436]
	(No symbol) [0x0x6c5755]
	(No symbol) [0x0x6c5cae]
	(No symbol) [0x0x6c613d]
	GetHandleVerifier [0x0xb2bb43+2623955]
	GetHandleVerifier [0x0xb26daa+2604090]
	GetHandleVerifier [0x0x8e069a+218410]
	GetHandleVerifier [0x0x8d0ed8+154984]
	GetHandleVerifier [0x0x8d742d+180925]
	(No symbol) [0x0x6c5420]
	(No symbol) [0x0x6c4c36]
	GetHandleVerifier [0x0xc668fc+3913612]
	BaseThreadInitThunk [0x0x767ffcc9+25]
	RtlGetAppContainerNamedObjectPath [0x0x77d3839e+286]
	RtlGetAppContainerNamedObjectPath [0x0x77d3836e+238]


[Spider] Đang cào trang 3/10: https://batdongsan.com.vn/nha-dat-ban-ha-dong/p3
[Spider] Lỗi tại trang 3 (Attempt 1): Message: invalid session id; For documentation on this error, please visit: https://www.selenium.dev/documentation/webdriver/troubleshooting/errors#invalidsessionidexception
Stacktrace:
	GetHandleVerifier [0x0x8ba8a3+63283]
	GetHandleVerifier [0x0x8ba8e4+63348]
	(No symbol) [0x0x6f3ca0]
	(No symbol) [0x0x72fb48]
	(No symbol) [0x0x7612d6]
	(No symbol) [0x0x75ceb5]
	(No symbol) [0x0x75c436]
	(No symbol) [0x0x6c5755]
	(No symbol) [0x0x6c5cae]
	(No symbol) [0x0x6c613d]
	GetHandleVerifier [0x0xb2bb43+2623955]
	GetHandleVerifier [0x0xb26daa+2604090]
	GetHandleVerifier [0x0x8e069a+218410]
	GetHandleVerifier [0x0x8d0ed8+154984]
	GetHandleVerifier [0x0x8d742d+180925]
	(No symbol) [0x0x6c5420]
	(No symbol) [0x0x6c4c36]
	GetHandleVerifier [0x0xc668fc+3913612]
	BaseThreadInitThunk [0x0x767ffcc9+25]
	RtlGetAppContainerNamedObjectPath [0x0x77d3839e+286]
	RtlGetAppContainerNamedObjectPath [0x0x77d3836e+238]

[Spider] 🔄 Đang thử tải lại lần 2/3 cho trang 3...
[Spider] Lỗi tại trang 3 (Attempt 2): Message: invalid session id; For documentation on this error, please visit: https://www.selenium.dev/documentation/webdriver/troubleshooting/errors#invalidsessionidexception
Stacktrace:
	GetHandleVerifier [0x0x8ba8a3+63283]
	GetHandleVerifier [0x0x8ba8e4+63348]
	(No symbol) [0x0x6f3ca0]
	(No symbol) [0x0x72fb48]
	(No symbol) [0x0x7612d6]
	(No symbol) [0x0x75ceb5]
	(No symbol) [0x0x75c436]
	(No symbol) [0x0x6c5755]
	(No symbol) [0x0x6c5cae]
	(No symbol) [0x0x6c613d]
	GetHandleVerifier [0x0xb2bb43+2623955]
	GetHandleVerifier [0x0xb26daa+2604090]
	GetHandleVerifier [0x0x8e069a+218410]
	GetHandleVerifier [0x0x8d0ed8+154984]
	GetHandleVerifier [0x0x8d742d+180925]
	(No symbol) [0x0x6c5420]
	(No symbol) [0x0x6c4c36]
	GetHandleVerifier [0x0xc668fc+3913612]
	BaseThreadInitThunk [0x0x767ffcc9+25]
	RtlGetAppContainerNamedObjectPath [0x0x77d3839e+286]
	RtlGetAppContainerNamedObjectPath [0x0x77d3836e+238]

[Spider] 🔄 Đang thử tải lại lần 3/3 cho trang 3...
[Spider] Lỗi tại trang 3 (Attempt 3): Message: invalid session id; For documentation on this error, please visit: https://www.selenium.dev/documentation/webdriver/troubleshooting/errors#invalidsessionidexception
Stacktrace:
	GetHandleVerifier [0x0x8ba8a3+63283]
	GetHandleVerifier [0x0x8ba8e4+63348]
	(No symbol) [0x0x6f3ca0]
	(No symbol) [0x0x72fb48]
	(No symbol) [0x0x7612d6]
	(No symbol) [0x0x75ceb5]
	(No symbol) [0x0x75c436]
	(No symbol) [0x0x6c5755]
	(No symbol) [0x0x6c5cae]
	(No symbol) [0x0x6c613d]
	GetHandleVerifier [0x0xb2bb43+2623955]
	GetHandleVerifier [0x0xb26daa+2604090]
	GetHandleVerifier [0x0x8e069a+218410]
	GetHandleVerifier [0x0x8d0ed8+154984]
	GetHandleVerifier [0x0x8d742d+180925]
	(No symbol) [0x0x6c5420]
	(No symbol) [0x0x6c4c36]
	GetHandleVerifier [0x0xc668fc+3913612]
	BaseThreadInitThunk [0x0x767ffcc9+25]
	RtlGetAppContainerNamedObjectPath [0x0x77d3839e+286]
	RtlGetAppContainerNamedObjectPath [0x0x77d3836e+238]


[Spider] Đang cào trang 4/10: https://batdongsan.com.vn/nha-dat-ban-ha-dong/p4
[Spider] Lỗi tại trang 4 (Attempt 1): Message: invalid session id; For documentation on this error, please visit: https://www.selenium.dev/documentation/webdriver/troubleshooting/errors#invalidsessionidexception
Stacktrace:
	GetHandleVerifier [0x0x8ba8a3+63283]
	GetHandleVerifier [0x0x8ba8e4+63348]
	(No symbol) [0x0x6f3ca0]
	(No symbol) [0x0x72fb48]
	(No symbol) [0x0x7612d6]
	(No symbol) [0x0x75ceb5]
	(No symbol) [0x0x75c436]
	(No symbol) [0x0x6c5755]
	(No symbol) [0x0x6c5cae]
	(No symbol) [0x0x6c613d]
	GetHandleVerifier [0x0xb2bb43+2623955]
	GetHandleVerifier [0x0xb26daa+2604090]
	GetHandleVerifier [0x0x8e069a+218410]
	GetHandleVerifier [0x0x8d0ed8+154984]
	GetHandleVerifier [0x0x8d742d+180925]
	(No symbol) [0x0x6c5420]
	(No symbol) [0x0x6c4c36]
	GetHandleVerifier [0x0xc668fc+3913612]
	BaseThreadInitThunk [0x0x767ffcc9+25]
	RtlGetAppContainerNamedObjectPath [0x0x77d3839e+286]
	RtlGetAppContainerNamedObjectPath [0x0x77d3836e+238]

[Spider] 🔄 Đang thử tải lại lần 2/3 cho trang 4...
[Spider] Lỗi tại trang 4 (Attempt 2): Message: invalid session id; For documentation on this error, please visit: https://www.selenium.dev/documentation/webdriver/troubleshooting/errors#invalidsessionidexception
Stacktrace:
	GetHandleVerifier [0x0x8ba8a3+63283]
	GetHandleVerifier [0x0x8ba8e4+63348]
	(No symbol) [0x0x6f3ca0]
	(No symbol) [0x0x72fb48]
	(No symbol) [0x0x7612d6]
	(No symbol) [0x0x75ceb5]
	(No symbol) [0x0x75c436]
	(No symbol) [0x0x6c5755]
	(No symbol) [0x0x6c5cae]
	(No symbol) [0x0x6c613d]
	GetHandleVerifier [0x0xb2bb43+2623955]
	GetHandleVerifier [0x0xb26daa+2604090]
	GetHandleVerifier [0x0x8e069a+218410]
	GetHandleVerifier [0x0x8d0ed8+154984]
	GetHandleVerifier [0x0x8d742d+180925]
	(No symbol) [0x0x6c5420]
	(No symbol) [0x0x6c4c36]
	GetHandleVerifier [0x0xc668fc+3913612]
	BaseThreadInitThunk [0x0x767ffcc9+25]
	RtlGetAppContainerNamedObjectPath [0x0x77d3839e+286]
	RtlGetAppContainerNamedObjectPath [0x0x77d3836e+238]

[Spider] 🔄 Đang thử tải lại lần 3/3 cho trang 4...
[Spider] Lỗi tại trang 4 (Attempt 3): Message: invalid session id; For documentation on this error, please visit: https://www.selenium.dev/documentation/webdriver/troubleshooting/errors#invalidsessionidexception
Stacktrace:
	GetHandleVerifier [0x0x8ba8a3+63283]
	GetHandleVerifier [0x0x8ba8e4+63348]
	(No symbol) [0x0x6f3ca0]
	(No symbol) [0x0x72fb48]
	(No symbol) [0x0x7612d6]
	(No symbol) [0x0x75ceb5]
	(No symbol) [0x0x75c436]
	(No symbol) [0x0x6c5755]
	(No symbol) [0x0x6c5cae]
	(No symbol) [0x0x6c613d]
	GetHandleVerifier [0x0xb2bb43+2623955]
	GetHandleVerifier [0x0xb26daa+2604090]
	GetHandleVerifier [0x0x8e069a+218410]
	GetHandleVerifier [0x0x8d0ed8+154984]
	GetHandleVerifier [0x0x8d742d+180925]
	(No symbol) [0x0x6c5420]
	(No symbol) [0x0x6c4c36]
	GetHandleVerifier [0x0xc668fc+3913612]
	BaseThreadInitThunk [0x0x767ffcc9+25]
	RtlGetAppContainerNamedObjectPath [0x0x77d3839e+286]
	RtlGetAppContainerNamedObjectPath [0x0x77d3836e+238]


[Spider] Đang cào trang 5/10: https://batdongsan.com.vn/nha-dat-ban-ha-dong/p5
[Spider] Lỗi tại trang 5 (Attempt 1): Message: invalid session id; For documentation on this error, please visit: https://www.selenium.dev/documentation/webdriver/troubleshooting/errors#invalidsessionidexception
Stacktrace:
	GetHandleVerifier [0x0x8ba8a3+63283]
	GetHandleVerifier [0x0x8ba8e4+63348]
	(No symbol) [0x0x6f3ca0]
	(No symbol) [0x0x72fb48]
	(No symbol) [0x0x7612d6]
	(No symbol) [0x0x75ceb5]
	(No symbol) [0x0x75c436]
	(No symbol) [0x0x6c5755]
	(No symbol) [0x0x6c5cae]
	(No symbol) [0x0x6c613d]
	GetHandleVerifier [0x0xb2bb43+2623955]
	GetHandleVerifier [0x0xb26daa+2604090]
	GetHandleVerifier [0x0x8e069a+218410]
	GetHandleVerifier [0x0x8d0ed8+154984]
	GetHandleVerifier [0x0x8d742d+180925]
	(No symbol) [0x0x6c5420]
	(No symbol) [0x0x6c4c36]
	GetHandleVerifier [0x0xc668fc+3913612]
	BaseThreadInitThunk [0x0x767ffcc9+25]
	RtlGetAppContainerNamedObjectPath [0x0x77d3839e+286]
	RtlGetAppContainerNamedObjectPath [0x0x77d3836e+238]

[Spider] 🔄 Đang thử tải lại lần 2/3 cho trang 5...
[Spider] Lỗi tại trang 5 (Attempt 2): Message: invalid session id; For documentation on this error, please visit: https://www.selenium.dev/documentation/webdriver/troubleshooting/errors#invalidsessionidexception
Stacktrace:
	GetHandleVerifier [0x0x8ba8a3+63283]
	GetHandleVerifier [0x0x8ba8e4+63348]
	(No symbol) [0x0x6f3ca0]
	(No symbol) [0x0x72fb48]
	(No symbol) [0x0x7612d6]
	(No symbol) [0x0x75ceb5]
	(No symbol) [0x0x75c436]
	(No symbol) [0x0x6c5755]
	(No symbol) [0x0x6c5cae]
	(No symbol) [0x0x6c613d]
	GetHandleVerifier [0x0xb2bb43+2623955]
	GetHandleVerifier [0x0xb26daa+2604090]
	GetHandleVerifier [0x0x8e069a+218410]
	GetHandleVerifier [0x0x8d0ed8+154984]
	GetHandleVerifier [0x0x8d742d+180925]
	(No symbol) [0x0x6c5420]
	(No symbol) [0x0x6c4c36]
	GetHandleVerifier [0x0xc668fc+3913612]
	BaseThreadInitThunk [0x0x767ffcc9+25]
	RtlGetAppContainerNamedObjectPath [0x0x77d3839e+286]
	RtlGetAppContainerNamedObjectPath [0x0x77d3836e+238]

[Spider] 🔄 Đang thử tải lại lần 3/3 cho trang 5...
[Spider] Lỗi tại trang 5 (Attempt 3): Message: invalid session id; For documentation on this error, please visit: https://www.selenium.dev/documentation/webdriver/troubleshooting/errors#invalidsessionidexception
Stacktrace:
	GetHandleVerifier [0x0x8ba8a3+63283]
	GetHandleVerifier [0x0x8ba8e4+63348]
	(No symbol) [0x0x6f3ca0]
	(No symbol) [0x0x72fb48]
	(No symbol) [0x0x7612d6]
	(No symbol) [0x0x75ceb5]
	(No symbol) [0x0x75c436]
	(No symbol) [0x0x6c5755]
	(No symbol) [0x0x6c5cae]
	(No symbol) [0x0x6c613d]
	GetHandleVerifier [0x0xb2bb43+2623955]
	GetHandleVerifier [0x0xb26daa+2604090]
	GetHandleVerifier [0x0x8e069a+218410]
	GetHandleVerifier [0x0x8d0ed8+154984]
	GetHandleVerifier [0x0x8d742d+180925]
	(No symbol) [0x0x6c5420]
	(No symbol) [0x0x6c4c36]
	GetHandleVerifier [0x0xc668fc+3913612]
	BaseThreadInitThunk [0x0x767ffcc9+25]
	RtlGetAppContainerNamedObjectPath [0x0x77d3839e+286]
	RtlGetAppContainerNamedObjectPath [0x0x77d3836e+238]


[Spider] Đang cào trang 6/10: https://batdongsan.com.vn/nha-dat-ban-ha-dong/p6
[Spider] Lỗi tại trang 6 (Attempt 1): Message: invalid session id; For documentation on this error, please visit: https://www.selenium.dev/documentation/webdriver/troubleshooting/errors#invalidsessionidexception
Stacktrace:
	GetHandleVerifier [0x0x8ba8a3+63283]
	GetHandleVerifier [0x0x8ba8e4+63348]
	(No symbol) [0x0x6f3ca0]
	(No symbol) [0x0x72fb48]
	(No symbol) [0x0x7612d6]
	(No symbol) [0x0x75ceb5]
	(No symbol) [0x0x75c436]
	(No symbol) [0x0x6c5755]
	(No symbol) [0x0x6c5cae]
	(No symbol) [0x0x6c613d]
	GetHandleVerifier [0x0xb2bb43+2623955]
	GetHandleVerifier [0x0xb26daa+2604090]
	GetHandleVerifier [0x0x8e069a+218410]
	GetHandleVerifier [0x0x8d0ed8+154984]
	GetHandleVerifier [0x0x8d742d+180925]
	(No symbol) [0x0x6c5420]
	(No symbol) [0x0x6c4c36]
	GetHandleVerifier [0x0xc668fc+3913612]
	BaseThreadInitThunk [0x0x767ffcc9+25]
	RtlGetAppContainerNamedObjectPath [0x0x77d3839e+286]
	RtlGetAppContainerNamedObjectPath [0x0x77d3836e+238]

[Spider] 🔄 Đang thử tải lại lần 2/3 cho trang 6...
[Spider] Lỗi tại trang 6 (Attempt 2): Message: invalid session id; For documentation on this error, please visit: https://www.selenium.dev/documentation/webdriver/troubleshooting/errors#invalidsessionidexception
Stacktrace:
	GetHandleVerifier [0x0x8ba8a3+63283]
	GetHandleVerifier [0x0x8ba8e4+63348]
	(No symbol) [0x0x6f3ca0]
	(No symbol) [0x0x72fb48]
	(No symbol) [0x0x7612d6]
	(No symbol) [0x0x75ceb5]
	(No symbol) [0x0x75c436]
	(No symbol) [0x0x6c5755]
	(No symbol) [0x0x6c5cae]
	(No symbol) [0x0x6c613d]
	GetHandleVerifier [0x0xb2bb43+2623955]
	GetHandleVerifier [0x0xb26daa+2604090]
	GetHandleVerifier [0x0x8e069a+218410]
	GetHandleVerifier [0x0x8d0ed8+154984]
	GetHandleVerifier [0x0x8d742d+180925]
	(No symbol) [0x0x6c5420]
	(No symbol) [0x0x6c4c36]
	GetHandleVerifier [0x0xc668fc+3913612]
	BaseThreadInitThunk [0x0x767ffcc9+25]
	RtlGetAppContainerNamedObjectPath [0x0x77d3839e+286]
	RtlGetAppContainerNamedObjectPath [0x0x77d3836e+238]

[Spider] 🔄 Đang thử tải lại lần 3/3 cho trang 6...
[Spider] Lỗi tại trang 6 (Attempt 3): Message: invalid session id; For documentation on this error, please visit: https://www.selenium.dev/documentation/webdriver/troubleshooting/errors#invalidsessionidexception
Stacktrace:
	GetHandleVerifier [0x0x8ba8a3+63283]
	GetHandleVerifier [0x0x8ba8e4+63348]
	(No symbol) [0x0x6f3ca0]
	(No symbol) [0x0x72fb48]
	(No symbol) [0x0x7612d6]
	(No symbol) [0x0x75ceb5]
	(No symbol) [0x0x75c436]
	(No symbol) [0x0x6c5755]
	(No symbol) [0x0x6c5cae]
	(No symbol) [0x0x6c613d]
	GetHandleVerifier [0x0xb2bb43+2623955]
	GetHandleVerifier [0x0xb26daa+2604090]
	GetHandleVerifier [0x0x8e069a+218410]
	GetHandleVerifier [0x0x8d0ed8+154984]
	GetHandleVerifier [0x0x8d742d+180925]
	(No symbol) [0x0x6c5420]
	(No symbol) [0x0x6c4c36]
	GetHandleVerifier [0x0xc668fc+3913612]
	BaseThreadInitThunk [0x0x767ffcc9+25]
	RtlGetAppContainerNamedObjectPath [0x0x77d3839e+286]
	RtlGetAppContainerNamedObjectPath [0x0x77d3836e+238]


[Spider] Đang cào trang 7/10: https://batdongsan.com.vn/nha-dat-ban-ha-dong/p7
[Spider] Lỗi tại trang 7 (Attempt 1): Message: invalid session id; For documentation on this error, please visit: https://www.selenium.dev/documentation/webdriver/troubleshooting/errors#invalidsessionidexception
Stacktrace:
	GetHandleVerifier [0x0x8ba8a3+63283]
	GetHandleVerifier [0x0x8ba8e4+63348]
	(No symbol) [0x0x6f3ca0]
	(No symbol) [0x0x72fb48]
	(No symbol) [0x0x7612d6]
	(No symbol) [0x0x75ceb5]
	(No symbol) [0x0x75c436]
	(No symbol) [0x0x6c5755]
	(No symbol) [0x0x6c5cae]
	(No symbol) [0x0x6c613d]
	GetHandleVerifier [0x0xb2bb43+2623955]
	GetHandleVerifier [0x0xb26daa+2604090]
	GetHandleVerifier [0x0x8e069a+218410]
	GetHandleVerifier [0x0x8d0ed8+154984]
	GetHandleVerifier [0x0x8d742d+180925]
	(No symbol) [0x0x6c5420]
	(No symbol) [0x0x6c4c36]
	GetHandleVerifier [0x0xc668fc+3913612]
	BaseThreadInitThunk [0x0x767ffcc9+25]
	RtlGetAppContainerNamedObjectPath [0x0x77d3839e+286]
	RtlGetAppContainerNamedObjectPath [0x0x77d3836e+238]

[Spider] 🔄 Đang thử tải lại lần 2/3 cho trang 7...
[Spider] Lỗi tại trang 7 (Attempt 2): Message: invalid session id; For documentation on this error, please visit: https://www.selenium.dev/documentation/webdriver/troubleshooting/errors#invalidsessionidexception
Stacktrace:
	GetHandleVerifier [0x0x8ba8a3+63283]
	GetHandleVerifier [0x0x8ba8e4+63348]
	(No symbol) [0x0x6f3ca0]
	(No symbol) [0x0x72fb48]
	(No symbol) [0x0x7612d6]
	(No symbol) [0x0x75ceb5]
	(No symbol) [0x0x75c436]
	(No symbol) [0x0x6c5755]
	(No symbol) [0x0x6c5cae]
	(No symbol) [0x0x6c613d]
	GetHandleVerifier [0x0xb2bb43+2623955]
	GetHandleVerifier [0x0xb26daa+2604090]
	GetHandleVerifier [0x0x8e069a+218410]
	GetHandleVerifier [0x0x8d0ed8+154984]
	GetHandleVerifier [0x0x8d742d+180925]
	(No symbol) [0x0x6c5420]
	(No symbol) [0x0x6c4c36]
	GetHandleVerifier [0x0xc668fc+3913612]
	BaseThreadInitThunk [0x0x767ffcc9+25]
	RtlGetAppContainerNamedObjectPath [0x0x77d3839e+286]
	RtlGetAppContainerNamedObjectPath [0x0x77d3836e+238]

[Spider] 🔄 Đang thử tải lại lần 3/3 cho trang 7...
[Spider] Lỗi tại trang 7 (Attempt 3): Message: invalid session id; For documentation on this error, please visit: https://www.selenium.dev/documentation/webdriver/troubleshooting/errors#invalidsessionidexception
Stacktrace:
	GetHandleVerifier [0x0x8ba8a3+63283]
	GetHandleVerifier [0x0x8ba8e4+63348]
	(No symbol) [0x0x6f3ca0]
	(No symbol) [0x0x72fb48]
	(No symbol) [0x0x7612d6]
	(No symbol) [0x0x75ceb5]
	(No symbol) [0x0x75c436]
	(No symbol) [0x0x6c5755]
	(No symbol) [0x0x6c5cae]
	(No symbol) [0x0x6c613d]
	GetHandleVerifier [0x0xb2bb43+2623955]
	GetHandleVerifier [0x0xb26daa+2604090]
	GetHandleVerifier [0x0x8e069a+218410]
	GetHandleVerifier [0x0x8d0ed8+154984]
	GetHandleVerifier [0x0x8d742d+180925]
	(No symbol) [0x0x6c5420]
	(No symbol) [0x0x6c4c36]
	GetHandleVerifier [0x0xc668fc+3913612]
	BaseThreadInitThunk [0x0x767ffcc9+25]
	RtlGetAppContainerNamedObjectPath [0x0x77d3839e+286]
	RtlGetAppContainerNamedObjectPath [0x0x77d3836e+238]


[Spider] Đang cào trang 8/10: https://batdongsan.com.vn/nha-dat-ban-ha-dong/p8
[Spider] Lỗi tại trang 8 (Attempt 1): Message: invalid session id; For documentation on this error, please visit: https://www.selenium.dev/documentation/webdriver/troubleshooting/errors#invalidsessionidexception
Stacktrace:
	GetHandleVerifier [0x0x8ba8a3+63283]
	GetHandleVerifier [0x0x8ba8e4+63348]
	(No symbol) [0x0x6f3ca0]
	(No symbol) [0x0x72fb48]
	(No symbol) [0x0x7612d6]
	(No symbol) [0x0x75ceb5]
	(No symbol) [0x0x75c436]
	(No symbol) [0x0x6c5755]
	(No symbol) [0x0x6c5cae]
	(No symbol) [0x0x6c613d]
	GetHandleVerifier [0x0xb2bb43+2623955]
	GetHandleVerifier [0x0xb26daa+2604090]
	GetHandleVerifier [0x0x8e069a+218410]
	GetHandleVerifier [0x0x8d0ed8+154984]
	GetHandleVerifier [0x0x8d742d+180925]
	(No symbol) [0x0x6c5420]
	(No symbol) [0x0x6c4c36]
	GetHandleVerifier [0x0xc668fc+3913612]
	BaseThreadInitThunk [0x0x767ffcc9+25]
	RtlGetAppContainerNamedObjectPath [0x0x77d3839e+286]
	RtlGetAppContainerNamedObjectPath [0x0x77d3836e+238]

[Spider] 🔄 Đang thử tải lại lần 2/3 cho trang 8...
[Spider] Lỗi tại trang 8 (Attempt 2): Message: invalid session id; For documentation on this error, please visit: https://www.selenium.dev/documentation/webdriver/troubleshooting/errors#invalidsessionidexception
Stacktrace:
	GetHandleVerifier [0x0x8ba8a3+63283]
	GetHandleVerifier [0x0x8ba8e4+63348]
	(No symbol) [0x0x6f3ca0]
	(No symbol) [0x0x72fb48]
	(No symbol) [0x0x7612d6]
	(No symbol) [0x0x75ceb5]
	(No symbol) [0x0x75c436]
	(No symbol) [0x0x6c5755]
	(No symbol) [0x0x6c5cae]
	(No symbol) [0x0x6c613d]
	GetHandleVerifier [0x0xb2bb43+2623955]
	GetHandleVerifier [0x0xb26daa+2604090]
	GetHandleVerifier [0x0x8e069a+218410]
	GetHandleVerifier [0x0x8d0ed8+154984]
	GetHandleVerifier [0x0x8d742d+180925]
	(No symbol) [0x0x6c5420]
	(No symbol) [0x0x6c4c36]
	GetHandleVerifier [0x0xc668fc+3913612]
	BaseThreadInitThunk [0x0x767ffcc9+25]
	RtlGetAppContainerNamedObjectPath [0x0x77d3839e+286]
	RtlGetAppContainerNamedObjectPath [0x0x77d3836e+238]

[Spider] 🔄 Đang thử tải lại lần 3/3 cho trang 8...
[Spider] Lỗi tại trang 8 (Attempt 3): Message: invalid session id; For documentation on this error, please visit: https://www.selenium.dev/documentation/webdriver/troubleshooting/errors#invalidsessionidexception
Stacktrace:
	GetHandleVerifier [0x0x8ba8a3+63283]
	GetHandleVerifier [0x0x8ba8e4+63348]
	(No symbol) [0x0x6f3ca0]
	(No symbol) [0x0x72fb48]
	(No symbol) [0x0x7612d6]
	(No symbol) [0x0x75ceb5]
	(No symbol) [0x0x75c436]
	(No symbol) [0x0x6c5755]
	(No symbol) [0x0x6c5cae]
	(No symbol) [0x0x6c613d]
	GetHandleVerifier [0x0xb2bb43+2623955]
	GetHandleVerifier [0x0xb26daa+2604090]
	GetHandleVerifier [0x0x8e069a+218410]
	GetHandleVerifier [0x0x8d0ed8+154984]
	GetHandleVerifier [0x0x8d742d+180925]
	(No symbol) [0x0x6c5420]
	(No symbol) [0x0x6c4c36]
	GetHandleVerifier [0x0xc668fc+3913612]
	BaseThreadInitThunk [0x0x767ffcc9+25]
	RtlGetAppContainerNamedObjectPath [0x0x77d3839e+286]
	RtlGetAppContainerNamedObjectPath [0x0x77d3836e+238]


[Spider] Đang cào trang 9/10: https://batdongsan.com.vn/nha-dat-ban-ha-dong/p9
[Spider] Lỗi tại trang 9 (Attempt 1): Message: invalid session id; For documentation on this error, please visit: https://www.selenium.dev/documentation/webdriver/troubleshooting/errors#invalidsessionidexception
Stacktrace:
	GetHandleVerifier [0x0x8ba8a3+63283]
	GetHandleVerifier [0x0x8ba8e4+63348]
	(No symbol) [0x0x6f3ca0]
	(No symbol) [0x0x72fb48]
	(No symbol) [0x0x7612d6]
	(No symbol) [0x0x75ceb5]
	(No symbol) [0x0x75c436]
	(No symbol) [0x0x6c5755]
	(No symbol) [0x0x6c5cae]
	(No symbol) [0x0x6c613d]
	GetHandleVerifier [0x0xb2bb43+2623955]
	GetHandleVerifier [0x0xb26daa+2604090]
	GetHandleVerifier [0x0x8e069a+218410]
	GetHandleVerifier [0x0x8d0ed8+154984]
	GetHandleVerifier [0x0x8d742d+180925]
	(No symbol) [0x0x6c5420]
	(No symbol) [0x0x6c4c36]
	GetHandleVerifier [0x0xc668fc+3913612]
	BaseThreadInitThunk [0x0x767ffcc9+25]
	RtlGetAppContainerNamedObjectPath [0x0x77d3839e+286]
	RtlGetAppContainerNamedObjectPath [0x0x77d3836e+238]

[Spider] 🔄 Đang thử tải lại lần 2/3 cho trang 9...
[Spider] Lỗi tại trang 9 (Attempt 2): Message: invalid session id; For documentation on this error, please visit: https://www.selenium.dev/documentation/webdriver/troubleshooting/errors#invalidsessionidexception
Stacktrace:
	GetHandleVerifier [0x0x8ba8a3+63283]
	GetHandleVerifier [0x0x8ba8e4+63348]
	(No symbol) [0x0x6f3ca0]
	(No symbol) [0x0x72fb48]
	(No symbol) [0x0x7612d6]
	(No symbol) [0x0x75ceb5]
	(No symbol) [0x0x75c436]
	(No symbol) [0x0x6c5755]
	(No symbol) [0x0x6c5cae]
	(No symbol) [0x0x6c613d]
	GetHandleVerifier [0x0xb2bb43+2623955]
	GetHandleVerifier [0x0xb26daa+2604090]
	GetHandleVerifier [0x0x8e069a+218410]
	GetHandleVerifier [0x0x8d0ed8+154984]
	GetHandleVerifier [0x0x8d742d+180925]
	(No symbol) [0x0x6c5420]
	(No symbol) [0x0x6c4c36]
	GetHandleVerifier [0x0xc668fc+3913612]
	BaseThreadInitThunk [0x0x767ffcc9+25]
	RtlGetAppContainerNamedObjectPath [0x0x77d3839e+286]
	RtlGetAppContainerNamedObjectPath [0x0x77d3836e+238]

[Spider] 🔄 Đang thử tải lại lần 3/3 cho trang 9...
[Spider] Lỗi tại trang 9 (Attempt 3): Message: invalid session id; For documentation on this error, please visit: https://www.selenium.dev/documentation/webdriver/troubleshooting/errors#invalidsessionidexception
Stacktrace:
	GetHandleVerifier [0x0x8ba8a3+63283]
	GetHandleVerifier [0x0x8ba8e4+63348]
	(No symbol) [0x0x6f3ca0]
	(No symbol) [0x0x72fb48]
	(No symbol) [0x0x7612d6]
	(No symbol) [0x0x75ceb5]
	(No symbol) [0x0x75c436]
	(No symbol) [0x0x6c5755]
	(No symbol) [0x0x6c5cae]
	(No symbol) [0x0x6c613d]
	GetHandleVerifier [0x0xb2bb43+2623955]
	GetHandleVerifier [0x0xb26daa+2604090]
	GetHandleVerifier [0x0x8e069a+218410]
	GetHandleVerifier [0x0x8d0ed8+154984]
	GetHandleVerifier [0x0x8d742d+180925]
	(No symbol) [0x0x6c5420]
	(No symbol) [0x0x6c4c36]
	GetHandleVerifier [0x0xc668fc+3913612]
	BaseThreadInitThunk [0x0x767ffcc9+25]
	RtlGetAppContainerNamedObjectPath [0x0x77d3839e+286]
	RtlGetAppContainerNamedObjectPath [0x0x77d3836e+238]


[Spider] Đang cào trang 10/10: https://batdongsan.com.vn/nha-dat-ban-ha-dong/p10
[Spider] Lỗi tại trang 10 (Attempt 1): Message: invalid session id; For documentation on this error, please visit: https://www.selenium.dev/documentation/webdriver/troubleshooting/errors#invalidsessionidexception
Stacktrace:
	GetHandleVerifier [0x0x8ba8a3+63283]
	GetHandleVerifier [0x0x8ba8e4+63348]
	(No symbol) [0x0x6f3ca0]
	(No symbol) [0x0x72fb48]
	(No symbol) [0x0x7612d6]
	(No symbol) [0x0x75ceb5]
	(No symbol) [0x0x75c436]
	(No symbol) [0x0x6c5755]
	(No symbol) [0x0x6c5cae]
	(No symbol) [0x0x6c613d]
	GetHandleVerifier [0x0xb2bb43+2623955]
	GetHandleVerifier [0x0xb26daa+2604090]
	GetHandleVerifier [0x0x8e069a+218410]
	GetHandleVerifier [0x0x8d0ed8+154984]
	GetHandleVerifier [0x0x8d742d+180925]
	(No symbol) [0x0x6c5420]
	(No symbol) [0x0x6c4c36]
	GetHandleVerifier [0x0xc668fc+3913612]
	BaseThreadInitThunk [0x0x767ffcc9+25]
	RtlGetAppContainerNamedObjectPath [0x0x77d3839e+286]
	RtlGetAppContainerNamedObjectPath [0x0x77d3836e+238]

[Spider] 🔄 Đang thử tải lại lần 2/3 cho trang 10...
[Spider] Lỗi tại trang 10 (Attempt 2): Message: invalid session id; For documentation on this error, please visit: https://www.selenium.dev/documentation/webdriver/troubleshooting/errors#invalidsessionidexception
Stacktrace:
	GetHandleVerifier [0x0x8ba8a3+63283]
	GetHandleVerifier [0x0x8ba8e4+63348]
	(No symbol) [0x0x6f3ca0]
	(No symbol) [0x0x72fb48]
	(No symbol) [0x0x7612d6]
	(No symbol) [0x0x75ceb5]
	(No symbol) [0x0x75c436]
	(No symbol) [0x0x6c5755]
	(No symbol) [0x0x6c5cae]
	(No symbol) [0x0x6c613d]
	GetHandleVerifier [0x0xb2bb43+2623955]
	GetHandleVerifier [0x0xb26daa+2604090]
	GetHandleVerifier [0x0x8e069a+218410]
	GetHandleVerifier [0x0x8d0ed8+154984]
	GetHandleVerifier [0x0x8d742d+180925]
	(No symbol) [0x0x6c5420]
	(No symbol) [0x0x6c4c36]
	GetHandleVerifier [0x0xc668fc+3913612]
	BaseThreadInitThunk [0x0x767ffcc9+25]
	RtlGetAppContainerNamedObjectPath [0x0x77d3839e+286]
	RtlGetAppContainerNamedObjectPath [0x0x77d3836e+238]

[Spider] 🔄 Đang thử tải lại lần 3/3 cho trang 10...
[Spider] Lỗi tại trang 10 (Attempt 3): Message: invalid session id; For documentation on this error, please visit: https://www.selenium.dev/documentation/webdriver/troubleshooting/errors#invalidsessionidexception
Stacktrace:
	GetHandleVerifier [0x0x8ba8a3+63283]
	GetHandleVerifier [0x0x8ba8e4+63348]
	(No symbol) [0x0x6f3ca0]
	(No symbol) [0x0x72fb48]
	(No symbol) [0x0x7612d6]
	(No symbol) [0x0x75ceb5]
	(No symbol) [0x0x75c436]
	(No symbol) [0x0x6c5755]
	(No symbol) [0x0x6c5cae]
	(No symbol) [0x0x6c613d]
	GetHandleVerifier [0x0xb2bb43+2623955]
	GetHandleVerifier [0x0xb26daa+2604090]
	GetHandleVerifier [0x0x8e069a+218410]
	GetHandleVerifier [0x0x8d0ed8+154984]
	GetHandleVerifier [0x0x8d742d+180925]
	(No symbol) [0x0x6c5420]
	(No symbol) [0x0x6c4c36]
	GetHandleVerifier [0x0xc668fc+3913612]
	BaseThreadInitThunk [0x0x767ffcc9+25]
	RtlGetAppContainerNamedObjectPath [0x0x77d3839e+286]
	RtlGetAppContainerNamedObjectPath [0x0x77d3836e+238]

[Spider] Không có dữ liệu mới.
[Fri 03/13/2026 12:52:53.19] [2/3] Dang lam sach va day vao PostgreSQL... 
🔍 Đang cấu hình Database với: postgres.kkwivuufxdewurmxtsto@aws-1-ap-southeast-1.pooler.supabase.com:5432/postgres
Đang đọc dữ liệu thô...
Tổng số dòng thô: 30292
🧠 Đang áp dụng NLP trích xuất Đặc trưng...
🧠 Đang áp dụng KNN Imputer...
✅ Giữ lại 5297/30292 tin hợp lệ.
✅ Đã kết nối thành công tới PostgreSQL.
✅ Bảng 'bds_hadong' đã có PRIMARY KEY. Bỏ qua.
Đang thực hiện Upsert dữ liệu vào PostgreSQL...
🔄 Upsert thành công 5297 bản ghi vào 'bds_hadong'.
✅ Hoàn tất Pipeline ETL.
[Fri 03/13/2026 12:53:36.57] [3/3] Dang dong bo Data len GitHub... 
[main 3a2da59] Auto-update Fast Pipeline: Fri 03/13/2026 12:53:37.91
 3 files changed, 1749 insertions(+), 964 deletions(-)
fatal: Unable to persist credentials with the 'wincredman' credential store.
See https://aka.ms/gcm/credstores for more information.
bash: line 1: /dev/tty: No such device or address
error: failed to execute prompt script (exit code 1)
fatal: could not read Username for 'https://github.com': No such file or directory
[Fri 03/13/2026 12:53:41.07] HOAN THANH LUONG FAST 
========================================= 
[Sat 03/14/2026 12:00:02.97] BAT DAU LUONG FAST (QUET BE MAT) 
[Sat 03/14/2026 12:00:02.99] [1/3] Dang cao du lieu be mat... 
[Browser] Đang khởi tạo trình duyệt...
[Browser] Phát hiện Chrome (Windows): Version 139

[Spider] Đang cào trang 1/10: https://batdongsan.com.vn/nha-dat-ban-ha-dong
[Spider] ✅ Thành công: Tìm thấy 31 tin đăng ở trang 1.

[Spider] Đang cào trang 2/10: https://batdongsan.com.vn/nha-dat-ban-ha-dong/p2
[Spider] ✅ Thành công: Tìm thấy 31 tin đăng ở trang 2.

[Spider] Đang cào trang 3/10: https://batdongsan.com.vn/nha-dat-ban-ha-dong/p3
[Spider] ✅ Thành công: Tìm thấy 31 tin đăng ở trang 3.

[Spider] Đang cào trang 4/10: https://batdongsan.com.vn/nha-dat-ban-ha-dong/p4
[Spider] ✅ Thành công: Tìm thấy 31 tin đăng ở trang 4.

[Spider] Đang cào trang 5/10: https://batdongsan.com.vn/nha-dat-ban-ha-dong/p5
[Spider] ✅ Thành công: Tìm thấy 31 tin đăng ở trang 5.

[Spider] Đang cào trang 6/10: https://batdongsan.com.vn/nha-dat-ban-ha-dong/p6
[Spider] ✅ Thành công: Tìm thấy 31 tin đăng ở trang 6.

[Spider] Đang cào trang 7/10: https://batdongsan.com.vn/nha-dat-ban-ha-dong/p7
[Spider] ✅ Thành công: Tìm thấy 31 tin đăng ở trang 7.

[Spider] Đang cào trang 8/10: https://batdongsan.com.vn/nha-dat-ban-ha-dong/p8
[Spider] ✅ Thành công: Tìm thấy 31 tin đăng ở trang 8.

[Spider] Đang cào trang 9/10: https://batdongsan.com.vn/nha-dat-ban-ha-dong/p9
[Spider] ✅ Thành công: Tìm thấy 31 tin đăng ở trang 9.

[Spider] Đang cào trang 10/10: https://batdongsan.com.vn/nha-dat-ban-ha-dong/p10
[Spider] ✅ Thành công: Tìm thấy 31 tin đăng ở trang 10.
[Spider] Đang gộp dữ liệu mới vào file cũ (Khớp theo tên cột)...
[Spider] Đã lưu 218 dòng mới. Tổng: 30510 dòng.
[Sat 03/14/2026 12:03:31.75] [2/3] Dang lam sach va day vao PostgreSQL... 
🔍 Đang cấu hình Database với: postgres.kkwivuufxdewurmxtsto@aws-1-ap-southeast-1.pooler.supabase.com:5432/postgres
Đang đọc dữ liệu thô...
Tổng số dòng thô: 30510
🧠 Đang áp dụng NLP trích xuất Đặc trưng...
🧠 Đang áp dụng KNN Imputer...
✅ Giữ lại 5320/30510 tin hợp lệ.
✅ Đã kết nối thành công tới PostgreSQL.
✅ Bảng 'bds_hadong' đã có PRIMARY KEY. Bỏ qua.
Đang thực hiện Upsert dữ liệu vào PostgreSQL...
🔄 Upsert thành công 5320 bản ghi vào 'bds_hadong'.
✅ Hoàn tất Pipeline ETL.
[Sat 03/14/2026 12:04:11.84] [3/3] Dang dong bo Data len GitHub... 
[main 39650ec] Auto-update Fast Pipeline: Sat 03/14/2026 12:04:13.84
 4 files changed, 1696 insertions(+), 1396 deletions(-)
fatal: Unable to persist credentials with the 'wincredman' credential store.
See https://aka.ms/gcm/credstores for more information.
bash: line 1: /dev/tty: No such device or address
error: failed to execute prompt script (exit code 1)
fatal: could not read Username for 'https://github.com': No such file or directory
[Sat 03/14/2026 12:04:18.54] HOAN THANH LUONG FAST 
========================================= 
[Sun 03/15/2026 12:00:02.98] BAT DAU LUONG FAST (QUET BE MAT) 
[Sun 03/15/2026 12:00:03.01] [1/3] Dang cao du lieu be mat... 
[Browser] Đang khởi tạo trình duyệt...
[Browser] Phát hiện Chrome (Windows): Version 139

[Spider] Đang cào trang 1/10: https://batdongsan.com.vn/nha-dat-ban-ha-dong
[Spider] ✅ Thành công: Tìm thấy 31 tin đăng ở trang 1.

[Spider] Đang cào trang 2/10: https://batdongsan.com.vn/nha-dat-ban-ha-dong/p2
[Spider] ✅ Thành công: Tìm thấy 31 tin đăng ở trang 2.

[Spider] Đang cào trang 3/10: https://batdongsan.com.vn/nha-dat-ban-ha-dong/p3
[Spider] ✅ Thành công: Tìm thấy 31 tin đăng ở trang 3.

[Spider] Đang cào trang 4/10: https://batdongsan.com.vn/nha-dat-ban-ha-dong/p4
[Spider] ✅ Thành công: Tìm thấy 31 tin đăng ở trang 4.

[Spider] Đang cào trang 5/10: https://batdongsan.com.vn/nha-dat-ban-ha-dong/p5
[Spider] ✅ Thành công: Tìm thấy 31 tin đăng ở trang 5.

[Spider] Đang cào trang 6/10: https://batdongsan.com.vn/nha-dat-ban-ha-dong/p6
[Spider] ✅ Thành công: Tìm thấy 31 tin đăng ở trang 6.

[Spider] Đang cào trang 7/10: https://batdongsan.com.vn/nha-dat-ban-ha-dong/p7
[Spider] ✅ Thành công: Tìm thấy 31 tin đăng ở trang 7.

[Spider] Đang cào trang 8/10: https://batdongsan.com.vn/nha-dat-ban-ha-dong/p8
[Spider] ✅ Thành công: Tìm thấy 31 tin đăng ở trang 8.

[Spider] Đang cào trang 9/10: https://batdongsan.com.vn/nha-dat-ban-ha-dong/p9
[Spider] ✅ Thành công: Tìm thấy 31 tin đăng ở trang 9.

[Spider] Đang cào trang 10/10: https://batdongsan.com.vn/nha-dat-ban-ha-dong/p10
[Spider] ✅ Thành công: Tìm thấy 31 tin đăng ở trang 10.
[Spider] Đang gộp dữ liệu mới vào file cũ (Khớp theo tên cột)...
[Spider] Đã lưu 218 dòng mới. Tổng: 30728 dòng.
[Sun 03/15/2026 12:03:34.77] [2/3] Dang lam sach va day vao PostgreSQL... 
🔍 Đang cấu hình Database với: postgres.kkwivuufxdewurmxtsto@aws-1-ap-southeast-1.pooler.supabase.com:5432/postgres
Đang đọc dữ liệu thô...
Tổng số dòng thô: 30728
🧠 Đang áp dụng NLP trích xuất Đặc trưng...
🧠 Đang áp dụng KNN Imputer...
✅ Giữ lại 5331/30728 tin hợp lệ.
✅ Đã kết nối thành công tới PostgreSQL.
✅ Bảng 'bds_hadong' đã có PRIMARY KEY. Bỏ qua.
Đang thực hiện Upsert dữ liệu vào PostgreSQL...
🔄 Upsert thành công 5331 bản ghi vào 'bds_hadong'.
✅ Hoàn tất Pipeline ETL.
[Sun 03/15/2026 12:04:13.51] [3/3] Dang dong bo Data len GitHub... 
[main 986a06f] Auto-update Fast Pipeline: Sun 03/15/2026 12:04:15.44
 4 files changed, 1670 insertions(+), 1383 deletions(-)
remote: This repository moved. Please use the new location:        
remote:   https://github.com/HieuNT316/hanoi-house-price-prediction.git        
To https://github.com/Alexus143/hanoi-house-price-prediction.git
   40a4144..986a06f  main -> main
[Sun 03/15/2026 12:04:25.23] HOAN THANH LUONG FAST 
========================================= 
[Mon 03/16/2026 13:25:35.19] BAT DAU LUONG FAST (QUET BE MAT) 
[Mon 03/16/2026 13:25:35.21] [1/3] Dang cao du lieu be mat... 
[Browser] Đang khởi tạo trình duyệt...
[Browser] Phát hiện Chrome (Windows): Version 139

[Spider] Đang cào trang 1/10: https://batdongsan.com.vn/nha-dat-ban-ha-dong
[Spider] ✅ Thành công: Tìm thấy 31 tin đăng ở trang 1.

[Spider] Đang cào trang 2/10: https://batdongsan.com.vn/nha-dat-ban-ha-dong/p2
[Spider] ✅ Thành công: Tìm thấy 31 tin đăng ở trang 2.

[Spider] Đang cào trang 3/10: https://batdongsan.com.vn/nha-dat-ban-ha-dong/p3
[Spider] ✅ Thành công: Tìm thấy 31 tin đăng ở trang 3.

[Spider] Đang cào trang 4/10: https://batdongsan.com.vn/nha-dat-ban-ha-dong/p4
[Spider] ✅ Thành công: Tìm thấy 31 tin đăng ở trang 4.

[Spider] Đang cào trang 5/10: https://batdongsan.com.vn/nha-dat-ban-ha-dong/p5
[Spider] ✅ Thành công: Tìm thấy 31 tin đăng ở trang 5.

[Spider] Đang cào trang 6/10: https://batdongsan.com.vn/nha-dat-ban-ha-dong/p6
[Spider] ✅ Thành công: Tìm thấy 31 tin đăng ở trang 6.

[Spider] Đang cào trang 7/10: https://batdongsan.com.vn/nha-dat-ban-ha-dong/p7
[Spider] ✅ Thành công: Tìm thấy 31 tin đăng ở trang 7.

[Spider] Đang cào trang 8/10: https://batdongsan.com.vn/nha-dat-ban-ha-dong/p8
[Spider] ✅ Thành công: Tìm thấy 31 tin đăng ở trang 8.

[Spider] Đang cào trang 9/10: https://batdongsan.com.vn/nha-dat-ban-ha-dong/p9
[Spider] ✅ Thành công: Tìm thấy 31 tin đăng ở trang 9.

[Spider] Đang cào trang 10/10: https://batdongsan.com.vn/nha-dat-ban-ha-dong/p10
[Spider] ✅ Thành công: Tìm thấy 31 tin đăng ở trang 10.
[Spider] Đang gộp dữ liệu mới vào file cũ (Khớp theo tên cột)...
[Spider] Đã lưu 218 dòng mới. Tổng: 30946 dòng.
[Mon 03/16/2026 13:29:05.23] [2/3] Dang lam sach va day vao PostgreSQL... 
🔍 Đang cấu hình Database với: postgres.kkwivuufxdewurmxtsto@aws-1-ap-southeast-1.pooler.supabase.com:5432/postgres
Đang đọc dữ liệu thô...
Tổng số dòng thô: 30946
🧠 Đang áp dụng NLP trích xuất Đặc trưng...
🧠 Đang áp dụng KNN Imputer...
✅ Giữ lại 5344/30946 tin hợp lệ.
✅ Đã kết nối thành công tới PostgreSQL.
✅ Bảng 'bds_hadong' đã có PRIMARY KEY. Bỏ qua.
Đang thực hiện Upsert dữ liệu vào PostgreSQL...
🔄 Upsert thành công 5344 bản ghi vào 'bds_hadong'.
✅ Hoàn tất Pipeline ETL.
[Mon 03/16/2026 13:29:45.49] [3/3] Dang dong bo Data len GitHub... 
[main 614c8a6] Auto-update Fast Pipeline: Mon 03/16/2026 13:29:47.37
 4 files changed, 1643 insertions(+), 1353 deletions(-)
fatal: Unable to persist credentials with the 'wincredman' credential store.
See https://aka.ms/gcm/credstores for more information.
bash: line 1: /dev/tty: No such device or address
error: failed to execute prompt script (exit code 1)
fatal: could not read Username for 'https://github.com': No such file or directory
[Mon 03/16/2026 13:29:51.90] HOAN THANH LUONG FAST 
========================================= 
[Tue 03/17/2026 12:00:02.70] BAT DAU LUONG FAST (QUET BE MAT) 
[Tue 03/17/2026 12:00:02.72] [1/3] Dang cao du lieu be mat... 
[Browser] Đang khởi tạo trình duyệt...
[Browser] Phát hiện Chrome (Windows): Version 139

[Spider] Đang cào trang 1/10: https://batdongsan.com.vn/nha-dat-ban-ha-dong
[Spider] ✅ Thành công: Tìm thấy 31 tin đăng ở trang 1.

[Spider] Đang cào trang 2/10: https://batdongsan.com.vn/nha-dat-ban-ha-dong/p2
[Spider] ✅ Thành công: Tìm thấy 31 tin đăng ở trang 2.

[Spider] Đang cào trang 3/10: https://batdongsan.com.vn/nha-dat-ban-ha-dong/p3
[Spider] ✅ Thành công: Tìm thấy 31 tin đăng ở trang 3.

[Spider] Đang cào trang 4/10: https://batdongsan.com.vn/nha-dat-ban-ha-dong/p4
[Spider] ✅ Thành công: Tìm thấy 31 tin đăng ở trang 4.

[Spider] Đang cào trang 5/10: https://batdongsan.com.vn/nha-dat-ban-ha-dong/p5
[Spider] ✅ Thành công: Tìm thấy 31 tin đăng ở trang 5.

[Spider] Đang cào trang 6/10: https://batdongsan.com.vn/nha-dat-ban-ha-dong/p6
[Spider] ✅ Thành công: Tìm thấy 31 tin đăng ở trang 6.

[Spider] Đang cào trang 7/10: https://batdongsan.com.vn/nha-dat-ban-ha-dong/p7
[Spider] ✅ Thành công: Tìm thấy 31 tin đăng ở trang 7.

[Spider] Đang cào trang 8/10: https://batdongsan.com.vn/nha-dat-ban-ha-dong/p8
[Spider] ✅ Thành công: Tìm thấy 31 tin đăng ở trang 8.

[Spider] Đang cào trang 9/10: https://batdongsan.com.vn/nha-dat-ban-ha-dong/p9
[Spider] ✅ Thành công: Tìm thấy 31 tin đăng ở trang 9.

[Spider] Đang cào trang 10/10: https://batdongsan.com.vn/nha-dat-ban-ha-dong/p10
[Spider] ✅ Thành công: Tìm thấy 31 tin đăng ở trang 10.
[Spider] Đang gộp dữ liệu mới vào file cũ (Khớp theo tên cột)...
[Spider] Đã lưu 218 dòng mới. Tổng: 31164 dòng.
[Tue 03/17/2026 12:03:26.91] [2/3] Dang lam sach va day vao PostgreSQL... 
🔍 Đang cấu hình Database với: postgres.kkwivuufxdewurmxtsto@aws-1-ap-southeast-1.pooler.supabase.com:5432/postgres
Đang đọc dữ liệu thô...
Tổng số dòng thô: 31164
🧠 Đang áp dụng NLP trích xuất Đặc trưng...
🧠 Đang áp dụng KNN Imputer...
✅ Giữ lại 5358/31164 tin hợp lệ.
✅ Đã kết nối thành công tới PostgreSQL.
✅ Bảng 'bds_hadong' đã có PRIMARY KEY. Bỏ qua.
Đang thực hiện Upsert dữ liệu vào PostgreSQL...
🔄 Upsert thành công 5358 bản ghi vào 'bds_hadong'.
✅ Hoàn tất Pipeline ETL.
[Tue 03/17/2026 12:04:06.94] [3/3] Dang dong bo Data len GitHub... 
[main c20d951] Auto-update Fast Pipeline: Tue 03/17/2026 12:04:09.04
 4 files changed, 1694 insertions(+), 1403 deletions(-)
fatal: Unable to persist credentials with the 'wincredman' credential store.
See https://aka.ms/gcm/credstores for more information.
bash: line 1: /dev/tty: No such device or address
error: failed to execute prompt script (exit code 1)
fatal: could not read Username for 'https://github.com': No such file or directory
[Tue 03/17/2026 12:04:13.82] HOAN THANH LUONG FAST 
========================================= 
[Wed 03/18/2026 12:00:02.93] BAT DAU LUONG FAST (QUET BE MAT) 
[Wed 03/18/2026 12:00:02.97] [1/3] Dang cao du lieu be mat... 
[Browser] Đang khởi tạo trình duyệt...
[Browser] Phát hiện Chrome (Windows): Version 139

[Spider] Đang cào trang 1/10: https://batdongsan.com.vn/nha-dat-ban-ha-dong
[Spider] ✅ Thành công: Tìm thấy 31 tin đăng ở trang 1.

[Spider] Đang cào trang 2/10: https://batdongsan.com.vn/nha-dat-ban-ha-dong/p2
[Spider] ✅ Thành công: Tìm thấy 31 tin đăng ở trang 2.

[Spider] Đang cào trang 3/10: https://batdongsan.com.vn/nha-dat-ban-ha-dong/p3
[Spider] ✅ Thành công: Tìm thấy 31 tin đăng ở trang 3.

[Spider] Đang cào trang 4/10: https://batdongsan.com.vn/nha-dat-ban-ha-dong/p4
[Spider] ✅ Thành công: Tìm thấy 31 tin đăng ở trang 4.

[Spider] Đang cào trang 5/10: https://batdongsan.com.vn/nha-dat-ban-ha-dong/p5
[Spider] ✅ Thành công: Tìm thấy 31 tin đăng ở trang 5.

[Spider] Đang cào trang 6/10: https://batdongsan.com.vn/nha-dat-ban-ha-dong/p6
[Spider] ✅ Thành công: Tìm thấy 31 tin đăng ở trang 6.

[Spider] Đang cào trang 7/10: https://batdongsan.com.vn/nha-dat-ban-ha-dong/p7
[Spider] ✅ Thành công: Tìm thấy 31 tin đăng ở trang 7.

[Spider] Đang cào trang 8/10: https://batdongsan.com.vn/nha-dat-ban-ha-dong/p8
[Spider] ✅ Thành công: Tìm thấy 30 tin đăng ở trang 8.

[Spider] Đang cào trang 9/10: https://batdongsan.com.vn/nha-dat-ban-ha-dong/p9
[Spider] ✅ Thành công: Tìm thấy 30 tin đăng ở trang 9.

[Spider] Đang cào trang 10/10: https://batdongsan.com.vn/nha-dat-ban-ha-dong/p10
[Spider] ✅ Thành công: Tìm thấy 31 tin đăng ở trang 10.
[Spider] Đang gộp dữ liệu mới vào file cũ (Khớp theo tên cột)...
[Spider] Đã lưu 216 dòng mới. Tổng: 31380 dòng.
[Wed 03/18/2026 12:03:32.14] [2/3] Dang lam sach va day vao PostgreSQL... 
🔍 Đang cấu hình Database với: postgres.kkwivuufxdewurmxtsto@aws-1-ap-southeast-1.pooler.supabase.com:5432/postgres
Đang đọc dữ liệu thô...
Tổng số dòng thô: 31380
🧠 Đang áp dụng NLP trích xuất Đặc trưng...
🧠 Đang áp dụng KNN Imputer...
✅ Giữ lại 5371/31380 tin hợp lệ.
✅ Đã kết nối thành công tới PostgreSQL.
✅ Bảng 'bds_hadong' đã có PRIMARY KEY. Bỏ qua.
Đang thực hiện Upsert dữ liệu vào PostgreSQL...
🔄 Upsert thành công 5371 bản ghi vào 'bds_hadong'.
✅ Hoàn tất Pipeline ETL.
[Wed 03/18/2026 12:04:13.13] [3/3] Dang dong bo Data len GitHub... 
[main 203f245] Auto-update Fast Pipeline: Wed 03/18/2026 12:04:15.31
 4 files changed, 1645 insertions(+), 1355 deletions(-)
fatal: Unable to persist credentials with the 'wincredman' credential store.
See https://aka.ms/gcm/credstores for more information.
bash: line 1: /dev/tty: No such device or address
error: failed to execute prompt script (exit code 1)
fatal: could not read Username for 'https://github.com': No such file or directory
[Wed 03/18/2026 12:04:20.02] HOAN THANH LUONG FAST 
========================================= 
[Thu 03/19/2026 12:00:02.93] BAT DAU LUONG FAST (QUET BE MAT) 
[Thu 03/19/2026 12:00:02.95] [1/3] Dang cao du lieu be mat... 
[Browser] Đang khởi tạo trình duyệt...
[Browser] Phát hiện Chrome (Windows): Version 139

[Spider] Đang cào trang 1/10: https://batdongsan.com.vn/nha-dat-ban-ha-dong
[Spider] ✅ Thành công: Tìm thấy 9 tin đăng ở trang 1.

[Spider] Đang cào trang 2/10: https://batdongsan.com.vn/nha-dat-ban-ha-dong/p2
[Spider] ✅ Thành công: Tìm thấy 21 tin đăng ở trang 2.

[Spider] Đang cào trang 3/10: https://batdongsan.com.vn/nha-dat-ban-ha-dong/p3
[Spider] ✅ Thành công: Tìm thấy 21 tin đăng ở trang 3.

[Spider] Đang cào trang 4/10: https://batdongsan.com.vn/nha-dat-ban-ha-dong/p4
[Spider] ⚠️ Không tìm thấy dữ liệu (Attempt 1). Có thể bị chặn.
[Spider] 🔄 Đang thử tải lại lần 2/3 cho trang 4...
[Spider] ⚠️ Không tìm thấy dữ liệu (Attempt 2). Có thể bị chặn.
[Spider] 🔄 Đang thử tải lại lần 3/3 cho trang 4...
[Spider] ⚠️ Không tìm thấy dữ liệu (Attempt 3). Có thể bị chặn.
[Spider] 📸 Đã lưu ảnh debug: D:\Python\realtime_estimate_tracker\src\data_loader\debug_page_4.png

[Spider] Đang cào trang 5/10: https://batdongsan.com.vn/nha-dat-ban-ha-dong/p5
[Spider] ✅ Thành công: Tìm thấy 21 tin đăng ở trang 5.

[Spider] Đang cào trang 6/10: https://batdongsan.com.vn/nha-dat-ban-ha-dong/p6
[Spider] ✅ Thành công: Tìm thấy 21 tin đăng ở trang 6.

[Spider] Đang cào trang 7/10: https://batdongsan.com.vn/nha-dat-ban-ha-dong/p7
[Spider] ✅ Thành công: Tìm thấy 21 tin đăng ở trang 7.

[Spider] Đang cào trang 8/10: https://batdongsan.com.vn/nha-dat-ban-ha-dong/p8
[Spider] ✅ Thành công: Tìm thấy 21 tin đăng ở trang 8.

[Spider] Đang cào trang 9/10: https://batdongsan.com.vn/nha-dat-ban-ha-dong/p9
[Spider] ✅ Thành công: Tìm thấy 21 tin đăng ở trang 9.

[Spider] Đang cào trang 10/10: https://batdongsan.com.vn/nha-dat-ban-ha-dong/p10
[Spider] ✅ Thành công: Tìm thấy 21 tin đăng ở trang 10.
[Spider] Đang gộp dữ liệu mới vào file cũ (Khớp theo tên cột)...
[Spider] Đã lưu 158 dòng mới. Tổng: 31538 dòng.
[Thu 03/19/2026 12:03:26.06] [2/3] Dang lam sach va day vao PostgreSQL... 
🔍 Đang cấu hình Database với: postgres.kkwivuufxdewurmxtsto@aws-1-ap-southeast-1.pooler.supabase.com:5432/postgres
Đang đọc dữ liệu thô...
Tổng số dòng thô: 31538
🧠 Đang áp dụng NLP trích xuất Đặc trưng...
🧠 Đang áp dụng KNN Imputer...
✅ Giữ lại 5380/31538 tin hợp lệ.
✅ Đã kết nối thành công tới PostgreSQL.
✅ Bảng 'bds_hadong' đã có PRIMARY KEY. Bỏ qua.
Đang thực hiện Upsert dữ liệu vào PostgreSQL...
🔄 Upsert thành công 5380 bản ghi vào 'bds_hadong'.
✅ Hoàn tất Pipeline ETL.
[Thu 03/19/2026 12:04:05.75] [3/3] Dang dong bo Data len GitHub... 
[main fc9d49d] Auto-update Fast Pipeline: Thu 03/19/2026 12:04:08.05
 4 files changed, 1544 insertions(+), 1316 deletions(-)
fatal: Unable to persist credentials with the 'wincredman' credential store.
See https://aka.ms/gcm/credstores for more information.
bash: line 1: /dev/tty: No such device or address
error: failed to execute prompt script (exit code 1)
fatal: could not read Username for 'https://github.com': No such file or directory
[Thu 03/19/2026 12:04:12.61] HOAN THANH LUONG FAST 
========================================= 
[Fri 03/20/2026 12:00:04.69] BAT DAU LUONG FAST (QUET BE MAT) 
[Fri 03/20/2026 12:00:04.71] [1/3] Dang cao du lieu be mat... 
[Browser] Đang khởi tạo trình duyệt...
[Browser] Phát hiện Chrome (Windows): Version 139

[Spider] Đang cào trang 1/10: https://batdongsan.com.vn/nha-dat-ban-ha-dong
[Spider] ✅ Thành công: Tìm thấy 31 tin đăng ở trang 1.

[Spider] Đang cào trang 2/10: https://batdongsan.com.vn/nha-dat-ban-ha-dong/p2
[Spider] ✅ Thành công: Tìm thấy 31 tin đăng ở trang 2.

[Spider] Đang cào trang 3/10: https://batdongsan.com.vn/nha-dat-ban-ha-dong/p3
[Spider] ✅ Thành công: Tìm thấy 31 tin đăng ở trang 3.

[Spider] Đang cào trang 4/10: https://batdongsan.com.vn/nha-dat-ban-ha-dong/p4
[Spider] ✅ Thành công: Tìm thấy 31 tin đăng ở trang 4.

[Spider] Đang cào trang 5/10: https://batdongsan.com.vn/nha-dat-ban-ha-dong/p5
[Spider] ✅ Thành công: Tìm thấy 31 tin đăng ở trang 5.

[Spider] Đang cào trang 6/10: https://batdongsan.com.vn/nha-dat-ban-ha-dong/p6
[Spider] ✅ Thành công: Tìm thấy 31 tin đăng ở trang 6.

[Spider] Đang cào trang 7/10: https://batdongsan.com.vn/nha-dat-ban-ha-dong/p7
[Spider] ✅ Thành công: Tìm thấy 31 tin đăng ở trang 7.

[Spider] Đang cào trang 8/10: https://batdongsan.com.vn/nha-dat-ban-ha-dong/p8
[Spider] ✅ Thành công: Tìm thấy 31 tin đăng ở trang 8.

[Spider] Đang cào trang 9/10: https://batdongsan.com.vn/nha-dat-ban-ha-dong/p9
[Spider] ✅ Thành công: Tìm thấy 31 tin đăng ở trang 9.

[Spider] Đang cào trang 10/10: https://batdongsan.com.vn/nha-dat-ban-ha-dong/p10
[Spider] ✅ Thành công: Tìm thấy 31 tin đăng ở trang 10.
[Spider] Đang gộp dữ liệu mới vào file cũ (Khớp theo tên cột)...
[Spider] Đã lưu 240 dòng mới. Tổng: 31778 dòng.
[Fri 03/20/2026 12:03:34.40] [2/3] Dang lam sach va day vao PostgreSQL... 
🔍 Đang cấu hình Database với: postgres.kkwivuufxdewurmxtsto@aws-1-ap-southeast-1.pooler.supabase.com:5432/postgres
Đang đọc dữ liệu thô...
Tổng số dòng thô: 31778
🧠 Đang áp dụng NLP trích xuất Đặc trưng...
🧠 Đang áp dụng KNN Imputer...
✅ Giữ lại 5412/31778 tin hợp lệ.
✅ Đã kết nối thành công tới PostgreSQL.
✅ Bảng 'bds_hadong' đã có PRIMARY KEY. Bỏ qua.
Đang thực hiện Upsert dữ liệu vào PostgreSQL...
🔄 Upsert thành công 5412 bản ghi vào 'bds_hadong'.
✅ Hoàn tất Pipeline ETL.
[Fri 03/20/2026 12:04:24.58] [3/3] Dang dong bo Data len GitHub... 
[main b1ffa40] Auto-update Fast Pipeline: Fri 03/20/2026 12:04:28.26
 4 files changed, 1626 insertions(+), 1291 deletions(-)
remote: This repository moved. Please use the new location:        
remote:   https://github.com/HieuNT316/hanoi-house-price-prediction.git        
To https://github.com/Alexus143/hanoi-house-price-prediction.git
   aece9a4..b1ffa40  main -> main
[Fri 03/20/2026 12:04:38.26] HOAN THANH LUONG FAST 
========================================= 
[Sun 03/22/2026 12:38:22.10] BAT DAU LUONG FAST (QUET BE MAT) 
[Sun 03/22/2026 12:38:22.13] [1/3] Dang cao du lieu be mat... 
[Browser] Đang khởi tạo trình duyệt...
[Browser] Phát hiện Chrome (Windows): Version 139

[Spider] Đang cào trang 1/10: https://batdongsan.com.vn/nha-dat-ban-ha-dong
[Spider] ✅ Thành công: Tìm thấy 31 tin đăng ở trang 1.

[Spider] Đang cào trang 2/10: https://batdongsan.com.vn/nha-dat-ban-ha-dong/p2
[Spider] ✅ Thành công: Tìm thấy 31 tin đăng ở trang 2.

[Spider] Đang cào trang 3/10: https://batdongsan.com.vn/nha-dat-ban-ha-dong/p3
[Spider] ✅ Thành công: Tìm thấy 31 tin đăng ở trang 3.

[Spider] Đang cào trang 4/10: https://batdongsan.com.vn/nha-dat-ban-ha-dong/p4
[Spider] ✅ Thành công: Tìm thấy 31 tin đăng ở trang 4.

[Spider] Đang cào trang 5/10: https://batdongsan.com.vn/nha-dat-ban-ha-dong/p5
[Spider] ✅ Thành công: Tìm thấy 31 tin đăng ở trang 5.

[Spider] Đang cào trang 6/10: https://batdongsan.com.vn/nha-dat-ban-ha-dong/p6
[Spider] ✅ Thành công: Tìm thấy 31 tin đăng ở trang 6.

[Spider] Đang cào trang 7/10: https://batdongsan.com.vn/nha-dat-ban-ha-dong/p7
[Spider] ✅ Thành công: Tìm thấy 31 tin đăng ở trang 7.

[Spider] Đang cào trang 8/10: https://batdongsan.com.vn/nha-dat-ban-ha-dong/p8
[Spider] ✅ Thành công: Tìm thấy 31 tin đăng ở trang 8.

[Spider] Đang cào trang 9/10: https://batdongsan.com.vn/nha-dat-ban-ha-dong/p9
[Spider] ✅ Thành công: Tìm thấy 31 tin đăng ở trang 9.

[Spider] Đang cào trang 10/10: https://batdongsan.com.vn/nha-dat-ban-ha-dong/p10
[Spider] ✅ Thành công: Tìm thấy 31 tin đăng ở trang 10.
[Spider] Đang gộp dữ liệu mới vào file cũ (Khớp theo tên cột)...
[Spider] Đã lưu 240 dòng mới. Tổng: 32258 dòng.
[Sun 03/22/2026 12:44:38.75] [2/3] Dang lam sach va day vao PostgreSQL... 
🔍 Đang cấu hình Database với: postgres.kkwivuufxdewurmxtsto@aws-1-ap-southeast-1.pooler.supabase.com:5432/postgres
Đang đọc dữ liệu thô...
Tổng số dòng thô: 32258
🧠 Đang áp dụng NLP trích xuất Đặc trưng...
🧠 Đang áp dụng KNN Imputer...
✅ Giữ lại 5431/32258 tin hợp lệ.
✅ Đã kết nối thành công tới PostgreSQL.
✅ Bảng 'bds_hadong' đã có PRIMARY KEY. Bỏ qua.
Đang thực hiện Upsert dữ liệu vào PostgreSQL...
🔄 Upsert thành công 5431 bản ghi vào 'bds_hadong'.
✅ Hoàn tất Pipeline ETL.
[Sun 03/22/2026 12:45:40.27] [3/3] Dang dong bo Data len GitHub... 
[main d8996d4] Auto-update Fast Pipeline: Sun 03/22/2026 12:45:43.58
 4 files changed, 9926 insertions(+), 9591 deletions(-)
fatal: Unable to persist credentials with the 'wincredman' credential store.
See https://aka.ms/gcm/credstores for more information.
bash: line 1: /dev/tty: No such device or address
error: failed to execute prompt script (exit code 1)
fatal: could not read Username for 'https://github.com': No such file or directory
[Sun 03/22/2026 12:45:49.22] HOAN THANH LUONG FAST 
========================================= 
[Mon 03/23/2026 12:00:02.02] BAT DAU LUONG FAST (QUET BE MAT) 
[Mon 03/23/2026 12:00:02.04] [1/3] Dang cao du lieu be mat... 
[Browser] Đang khởi tạo trình duyệt...
[Browser] Phát hiện Chrome (Windows): Version 139

[Spider] Đang cào trang 1/10: https://batdongsan.com.vn/nha-dat-ban-ha-dong
[Spider] ✅ Thành công: Tìm thấy 31 tin đăng ở trang 1.

[Spider] Đang cào trang 2/10: https://batdongsan.com.vn/nha-dat-ban-ha-dong/p2
[Spider] ✅ Thành công: Tìm thấy 31 tin đăng ở trang 2.

[Spider] Đang cào trang 3/10: https://batdongsan.com.vn/nha-dat-ban-ha-dong/p3
[Spider] ✅ Thành công: Tìm thấy 31 tin đăng ở trang 3.

[Spider] Đang cào trang 4/10: https://batdongsan.com.vn/nha-dat-ban-ha-dong/p4
[Spider] ✅ Thành công: Tìm thấy 31 tin đăng ở trang 4.

[Spider] Đang cào trang 5/10: https://batdongsan.com.vn/nha-dat-ban-ha-dong/p5
[Spider] ✅ Thành công: Tìm thấy 31 tin đăng ở trang 5.

[Spider] Đang cào trang 6/10: https://batdongsan.com.vn/nha-dat-ban-ha-dong/p6
[Spider] ✅ Thành công: Tìm thấy 31 tin đăng ở trang 6.

[Spider] Đang cào trang 7/10: https://batdongsan.com.vn/nha-dat-ban-ha-dong/p7
[Spider] ✅ Thành công: Tìm thấy 31 tin đăng ở trang 7.

[Spider] Đang cào trang 8/10: https://batdongsan.com.vn/nha-dat-ban-ha-dong/p8
[Spider] ✅ Thành công: Tìm thấy 31 tin đăng ở trang 8.

[Spider] Đang cào trang 9/10: https://batdongsan.com.vn/nha-dat-ban-ha-dong/p9
[Spider] ✅ Thành công: Tìm thấy 31 tin đăng ở trang 9.

[Spider] Đang cào trang 10/10: https://batdongsan.com.vn/nha-dat-ban-ha-dong/p10
[Spider] ✅ Thành công: Tìm thấy 31 tin đăng ở trang 10.
[Spider] Đang gộp dữ liệu mới vào file cũ (Khớp theo tên cột)...
[Spider] Đã lưu 240 dòng mới. Tổng: 32498 dòng.
[Mon 03/23/2026 12:03:23.54] [2/3] Dang lam sach va day vao PostgreSQL... 
🔍 Đang cấu hình Database với: postgres.kkwivuufxdewurmxtsto@aws-1-ap-southeast-1.pooler.supabase.com:5432/postgres
Đang đọc dữ liệu thô...
Tổng số dòng thô: 32498
🧠 Đang áp dụng NLP trích xuất Đặc trưng...
🧠 Đang áp dụng KNN Imputer...
✅ Giữ lại 5440/32498 tin hợp lệ.
✅ Đã kết nối thành công tới PostgreSQL.
✅ Bảng 'bds_hadong' đã có PRIMARY KEY. Bỏ qua.
Đang thực hiện Upsert dữ liệu vào PostgreSQL...
🔄 Upsert thành công 5440 bản ghi vào 'bds_hadong'.
✅ Hoàn tất Pipeline ETL.
[Mon 03/23/2026 12:03:57.86] [3/3] Dang dong bo Data len GitHub... 
[main b332e5c] Auto-update Fast Pipeline: Mon 03/23/2026 12:03:59.19
 3 files changed, 1683 insertions(+), 1374 deletions(-)
fatal: Unable to persist credentials with the 'wincredman' credential store.
See https://aka.ms/gcm/credstores for more information.
fatal: Unable to persist credentials with the 'wincredman' credential store.
See https://aka.ms/gcm/credstores for more information.
fatal: could not read Username for 'https://github.com': terminal prompts disabled
[Mon 03/23/2026 12:04:01.17] LOI: git push that bai. 
[Mon 03/23/2026 12:04:01.19] LUONG FAST BI DUNG DO LOI 
========================================= 
[Tue 03/24/2026 12:00:02.73] BAT DAU LUONG FAST (QUET BE MAT) 
[Tue 03/24/2026 12:00:02.75] [1/3] Dang cao du lieu be mat... 
[Browser] Đang khởi tạo trình duyệt...
[Browser] Phát hiện Chrome (Windows): Version 139

[Spider] Đang cào trang 1/10: https://batdongsan.com.vn/nha-dat-ban-ha-dong
[Spider] ✅ Thành công: Tìm thấy 31 tin đăng ở trang 1.

[Spider] Đang cào trang 2/10: https://batdongsan.com.vn/nha-dat-ban-ha-dong/p2
[Spider] ✅ Thành công: Tìm thấy 31 tin đăng ở trang 2.

[Spider] Đang cào trang 3/10: https://batdongsan.com.vn/nha-dat-ban-ha-dong/p3
[Spider] ✅ Thành công: Tìm thấy 31 tin đăng ở trang 3.

[Spider] Đang cào trang 4/10: https://batdongsan.com.vn/nha-dat-ban-ha-dong/p4
[Spider] ✅ Thành công: Tìm thấy 31 tin đăng ở trang 4.

[Spider] Đang cào trang 5/10: https://batdongsan.com.vn/nha-dat-ban-ha-dong/p5
[Spider] ✅ Thành công: Tìm thấy 31 tin đăng ở trang 5.

[Spider] Đang cào trang 6/10: https://batdongsan.com.vn/nha-dat-ban-ha-dong/p6
[Spider] ✅ Thành công: Tìm thấy 31 tin đăng ở trang 6.

[Spider] Đang cào trang 7/10: https://batdongsan.com.vn/nha-dat-ban-ha-dong/p7
[Spider] ✅ Thành công: Tìm thấy 31 tin đăng ở trang 7.

[Spider] Đang cào trang 8/10: https://batdongsan.com.vn/nha-dat-ban-ha-dong/p8
[Spider] ✅ Thành công: Tìm thấy 31 tin đăng ở trang 8.

[Spider] Đang cào trang 9/10: https://batdongsan.com.vn/nha-dat-ban-ha-dong/p9
[Spider] ✅ Thành công: Tìm thấy 31 tin đăng ở trang 9.

[Spider] Đang cào trang 10/10: https://batdongsan.com.vn/nha-dat-ban-ha-dong/p10
[Spider] ✅ Thành công: Tìm thấy 31 tin đăng ở trang 10.
[Spider] Đang gộp dữ liệu mới vào file cũ (Khớp theo tên cột)...
[Spider] Đã lưu 240 dòng mới. Tổng: 32738 dòng.
[Tue 03/24/2026 12:03:40.12] [2/3] Dang lam sach va day vao PostgreSQL... 
🔍 Đang cấu hình Database với: postgres.kkwivuufxdewurmxtsto@aws-1-ap-southeast-1.pooler.supabase.com:5432/postgres
Traceback (most recent call last):
  File "D:\Python\realtime_estimate_tracker\venv_bds\lib\site-packages\pandas\core\indexes\base.py", line 3812, in get_loc
    return self._engine.get_loc(casted_key)
  File "pandas/_libs/index.pyx", line 167, in pandas._libs.index.IndexEngine.get_loc
  File "pandas/_libs/index.pyx", line 196, in pandas._libs.index.IndexEngine.get_loc
  File "pandas/_libs/hashtable_class_helper.pxi", line 7088, in pandas._libs.hashtable.PyObjectHashTable.get_item
  File "pandas/_libs/hashtable_class_helper.pxi", line 7096, in pandas._libs.hashtable.PyObjectHashTable.get_item
KeyError: 'scrape_date'

The above exception was the direct cause of the following exception:

Traceback (most recent call last):
  File "C:\Users\User\AppData\Local\Programs\Python\Python310\lib\runpy.py", line 196, in _run_module_as_main
    return _run_code(code, main_globals, None,
  File "C:\Users\User\AppData\Local\Programs\Python\Python310\lib\runpy.py", line 86, in _run_code
    exec(code, run_globals)
  File "D:\Python\realtime_estimate_tracker\src\preprocessing\cleaner.py", line 223, in <module>
    process_and_save()
  File "D:\Python\realtime_estimate_tracker\src\preprocessing\cleaner.py", line 138, in process_and_save
    df['scrape_date'] = pd.to_datetime(df['scrape_date'], errors='coerce')
  File "D:\Python\realtime_estimate_tracker\venv_bds\lib\site-packages\pandas\core\frame.py", line 4113, in __getitem__
    indexer = self.columns.get_loc(key)
  File "D:\Python\realtime_estimate_tracker\venv_bds\lib\site-packages\pandas\core\indexes\base.py", line 3819, in get_loc
    raise KeyError(key) from err
KeyError: 'scrape_date'
Đang đọc dữ liệu thô...
Tổng số dòng thô: 32738
🧠 Đang áp dụng NLP trích xuất Đặc trưng...
[Tue 03/24/2026 12:04:13.73] LOI: Cleaner that bai. Dung pipeline. 
[Tue 03/24/2026 12:04:13.89] LUONG FAST BI DUNG DO LOI 
========================================= 
[Wed 03/25/2026 12:00:03.08] BAT DAU LUONG FAST (QUET BE MAT) 
[Wed 03/25/2026 12:00:03.10] [1/3] Dang cao du lieu be mat... 
[Browser] Đang khởi tạo trình duyệt...
[Browser] Phát hiện Chrome (Windows): Version 139

[Spider] Đang cào trang 1/10: https://batdongsan.com.vn/nha-dat-ban-ha-dong
[Spider] ✅ Thành công: Tìm thấy 31 tin đăng ở trang 1.

[Spider] Đang cào trang 2/10: https://batdongsan.com.vn/nha-dat-ban-ha-dong/p2
[Spider] ✅ Thành công: Tìm thấy 31 tin đăng ở trang 2.

[Spider] Đang cào trang 3/10: https://batdongsan.com.vn/nha-dat-ban-ha-dong/p3
[Spider] ✅ Thành công: Tìm thấy 31 tin đăng ở trang 3.

[Spider] Đang cào trang 4/10: https://batdongsan.com.vn/nha-dat-ban-ha-dong/p4
[Spider] ✅ Thành công: Tìm thấy 31 tin đăng ở trang 4.

[Spider] Đang cào trang 5/10: https://batdongsan.com.vn/nha-dat-ban-ha-dong/p5
[Spider] ✅ Thành công: Tìm thấy 31 tin đăng ở trang 5.

[Spider] Đang cào trang 6/10: https://batdongsan.com.vn/nha-dat-ban-ha-dong/p6
[Spider] ✅ Thành công: Tìm thấy 31 tin đăng ở trang 6.

[Spider] Đang cào trang 7/10: https://batdongsan.com.vn/nha-dat-ban-ha-dong/p7
[Spider] ✅ Thành công: Tìm thấy 31 tin đăng ở trang 7.

[Spider] Đang cào trang 8/10: https://batdongsan.com.vn/nha-dat-ban-ha-dong/p8
[Spider] ✅ Thành công: Tìm thấy 31 tin đăng ở trang 8.

[Spider] Đang cào trang 9/10: https://batdongsan.com.vn/nha-dat-ban-ha-dong/p9
[Spider] ✅ Thành công: Tìm thấy 31 tin đăng ở trang 9.

[Spider] Đang cào trang 10/10: https://batdongsan.com.vn/nha-dat-ban-ha-dong/p10
[Spider] ✅ Thành công: Tìm thấy 31 tin đăng ở trang 10.
[Spider] Đang gộp dữ liệu mới vào file cũ (Khớp theo tên cột)...
[Spider] Đã lưu 240 dòng mới. Tổng: 32978 dòng.
[Wed 03/25/2026 12:03:23.61] [2/3] Dang lam sach va day vao PostgreSQL... 
🔍 Đang cấu hình Database với: postgres.kkwivuufxdewurmxtsto@aws-1-ap-southeast-1.pooler.supabase.com:5432/postgres
Traceback (most recent call last):
  File "D:\Python\realtime_estimate_tracker\venv_bds\lib\site-packages\pandas\core\indexes\base.py", line 3812, in get_loc
    return self._engine.get_loc(casted_key)
  File "pandas/_libs/index.pyx", line 167, in pandas._libs.index.IndexEngine.get_loc
  File "pandas/_libs/index.pyx", line 196, in pandas._libs.index.IndexEngine.get_loc
  File "pandas/_libs/hashtable_class_helper.pxi", line 7088, in pandas._libs.hashtable.PyObjectHashTable.get_item
  File "pandas/_libs/hashtable_class_helper.pxi", line 7096, in pandas._libs.hashtable.PyObjectHashTable.get_item
KeyError: 'scrape_date'

The above exception was the direct cause of the following exception:

Traceback (most recent call last):
  File "C:\Users\User\AppData\Local\Programs\Python\Python310\lib\runpy.py", line 196, in _run_module_as_main
    return _run_code(code, main_globals, None,
  File "C:\Users\User\AppData\Local\Programs\Python\Python310\lib\runpy.py", line 86, in _run_code
    exec(code, run_globals)
  File "D:\Python\realtime_estimate_tracker\src\preprocessing\cleaner.py", line 223, in <module>
    process_and_save()
  File "D:\Python\realtime_estimate_tracker\src\preprocessing\cleaner.py", line 138, in process_and_save
    df['scrape_date'] = pd.to_datetime(df['scrape_date'], errors='coerce')
  File "D:\Python\realtime_estimate_tracker\venv_bds\lib\site-packages\pandas\core\frame.py", line 4113, in __getitem__
    indexer = self.columns.get_loc(key)
  File "D:\Python\realtime_estimate_tracker\venv_bds\lib\site-packages\pandas\core\indexes\base.py", line 3819, in get_loc
    raise KeyError(key) from err
KeyError: 'scrape_date'
Đang đọc dữ liệu thô...
Tổng số dòng thô: 32978
🧠 Đang áp dụng NLP trích xuất Đặc trưng...
[Wed 03/25/2026 12:03:56.03] LOI: Cleaner that bai. Dung pipeline. 
[Wed 03/25/2026 12:03:56.05] LUONG FAST BI DUNG DO LOI 
========================================= 
[Thu 03/26/2026 12:00:02.84] BAT DAU LUONG FAST (QUET BE MAT) 
[Thu 03/26/2026 12:00:02.86] [1/3] Dang cao du lieu be mat... 
[Browser] Đang khởi tạo trình duyệt...
[Browser] Phát hiện Chrome (Windows): Version 139

[Spider] Đang cào trang 1/10: https://batdongsan.com.vn/nha-dat-ban-ha-dong
[Spider] ✅ Thành công: Tìm thấy 31 tin đăng ở trang 1.

[Spider] Đang cào trang 2/10: https://batdongsan.com.vn/nha-dat-ban-ha-dong/p2
[Spider] ✅ Thành công: Tìm thấy 31 tin đăng ở trang 2.

[Spider] Đang cào trang 3/10: https://batdongsan.com.vn/nha-dat-ban-ha-dong/p3
[Spider] ✅ Thành công: Tìm thấy 31 tin đăng ở trang 3.

[Spider] Đang cào trang 4/10: https://batdongsan.com.vn/nha-dat-ban-ha-dong/p4
[Spider] ✅ Thành công: Tìm thấy 31 tin đăng ở trang 4.

[Spider] Đang cào trang 5/10: https://batdongsan.com.vn/nha-dat-ban-ha-dong/p5
[Spider] ✅ Thành công: Tìm thấy 31 tin đăng ở trang 5.

[Spider] Đang cào trang 6/10: https://batdongsan.com.vn/nha-dat-ban-ha-dong/p6
[Spider] ✅ Thành công: Tìm thấy 31 tin đăng ở trang 6.

[Spider] Đang cào trang 7/10: https://batdongsan.com.vn/nha-dat-ban-ha-dong/p7
[Spider] ✅ Thành công: Tìm thấy 31 tin đăng ở trang 7.

[Spider] Đang cào trang 8/10: https://batdongsan.com.vn/nha-dat-ban-ha-dong/p8
[Spider] ✅ Thành công: Tìm thấy 31 tin đăng ở trang 8.

[Spider] Đang cào trang 9/10: https://batdongsan.com.vn/nha-dat-ban-ha-dong/p9
[Spider] ✅ Thành công: Tìm thấy 31 tin đăng ở trang 9.

[Spider] Đang cào trang 10/10: https://batdongsan.com.vn/nha-dat-ban-ha-dong/p10
[Spider] ✅ Thành công: Tìm thấy 31 tin đăng ở trang 10.
[Spider] Đang gộp dữ liệu mới vào file cũ (Khớp theo tên cột)...
[Spider] Đã lưu 240 dòng mới. Tổng: 33218 dòng.
[Thu 03/26/2026 12:03:38.88] [2/3] Dang lam sach va day vao PostgreSQL... 
🔍 Đang cấu hình Database với: postgres.kkwivuufxdewurmxtsto@aws-1-ap-southeast-1.pooler.supabase.com:5432/postgres
D:\Python\realtime_estimate_tracker\src\preprocessing\cleaner.py:138: UserWarning: Parsing dates in %d/%m/%Y format when dayfirst=False (the default) was specified. Pass `dayfirst=True` or specify a format to silence this warning.
  df['scraped_date'] = pd.to_datetime(df['scraped_date'], errors='coerce')
Đang đọc dữ liệu thô...
Tổng số dòng thô: 33218
🧠 Đang áp dụng NLP trích xuất Đặc trưng...
🧠 Đang áp dụng KNN Imputer...
✅ Giữ lại 5484/33218 tin hợp lệ.
✅ Đã kết nối thành công tới PostgreSQL.
✅ Bảng 'bds_hadong' đã có PRIMARY KEY. Bỏ qua.
Đang thực hiện Upsert dữ liệu vào PostgreSQL...
🔄 Upsert thành công 5484 bản ghi vào 'bds_hadong'.
✅ Hoàn tất Pipeline ETL.
[Thu 03/26/2026 12:04:18.64] [3/3] Dang dong bo Data len GitHub... 
[main b1082a8] Auto-update Fast Pipeline: Thu 03/26/2026 12:04:21.58
 4 files changed, 6539 insertions(+), 5681 deletions(-)
fatal: Unable to persist credentials with the 'wincredman' credential store.
See https://aka.ms/gcm/credstores for more information.
fatal: Unable to persist credentials with the 'wincredman' credential store.
See https://aka.ms/gcm/credstores for more information.
fatal: could not read Username for 'https://github.com': terminal prompts disabled
[Thu 03/26/2026 12:04:25.29] LOI: git push that bai. 
[Thu 03/26/2026 12:04:25.32] LUONG FAST BI DUNG DO LOI 
========================================= 
[Fri 03/27/2026 12:00:02.82] BAT DAU LUONG FAST (QUET BE MAT) 
[Fri 03/27/2026 12:00:02.85] [1/3] Dang cao du lieu be mat... 
[Browser] Đang khởi tạo trình duyệt...
[Browser] Phát hiện Chrome (Windows): Version 139

[Spider] Đang cào trang 1/10: https://batdongsan.com.vn/nha-dat-ban-ha-dong
[Spider] ✅ Thành công: Tìm thấy 31 tin đăng ở trang 1.

[Spider] Đang cào trang 2/10: https://batdongsan.com.vn/nha-dat-ban-ha-dong/p2
[Spider] ✅ Thành công: Tìm thấy 31 tin đăng ở trang 2.

[Spider] Đang cào trang 3/10: https://batdongsan.com.vn/nha-dat-ban-ha-dong/p3
[Spider] ✅ Thành công: Tìm thấy 31 tin đăng ở trang 3.

[Spider] Đang cào trang 4/10: https://batdongsan.com.vn/nha-dat-ban-ha-dong/p4
[Spider] ✅ Thành công: Tìm thấy 31 tin đăng ở trang 4.

[Spider] Đang cào trang 5/10: https://batdongsan.com.vn/nha-dat-ban-ha-dong/p5
[Spider] ✅ Thành công: Tìm thấy 31 tin đăng ở trang 5.

[Spider] Đang cào trang 6/10: https://batdongsan.com.vn/nha-dat-ban-ha-dong/p6
[Spider] ✅ Thành công: Tìm thấy 31 tin đăng ở trang 6.

[Spider] Đang cào trang 7/10: https://batdongsan.com.vn/nha-dat-ban-ha-dong/p7
[Spider] ✅ Thành công: Tìm thấy 31 tin đăng ở trang 7.

[Spider] Đang cào trang 8/10: https://batdongsan.com.vn/nha-dat-ban-ha-dong/p8
[Spider] ✅ Thành công: Tìm thấy 31 tin đăng ở trang 8.

[Spider] Đang cào trang 9/10: https://batdongsan.com.vn/nha-dat-ban-ha-dong/p9
[Spider] ✅ Thành công: Tìm thấy 31 tin đăng ở trang 9.

[Spider] Đang cào trang 10/10: https://batdongsan.com.vn/nha-dat-ban-ha-dong/p10
[Spider] ✅ Thành công: Tìm thấy 31 tin đăng ở trang 10.
[Spider] Đang gộp dữ liệu mới vào file cũ (Khớp theo tên cột)...
[Spider] Đã lưu 240 dòng mới. Tổng: 33458 dòng.
[Fri 03/27/2026 12:03:46.90] [2/3] Dang lam sach va day vao PostgreSQL... 
🔍 Đang cấu hình Database với: postgres.kkwivuufxdewurmxtsto@aws-1-ap-southeast-1.pooler.supabase.com:5432/postgres
D:\Python\realtime_estimate_tracker\src\preprocessing\cleaner.py:138: UserWarning: Parsing dates in %d/%m/%Y format when dayfirst=False (the default) was specified. Pass `dayfirst=True` or specify a format to silence this warning.
  df['scraped_date'] = pd.to_datetime(df['scraped_date'], errors='coerce')
Đang đọc dữ liệu thô...
Tổng số dòng thô: 33458
🧠 Đang áp dụng NLP trích xuất Đặc trưng...
🧠 Đang áp dụng KNN Imputer...
✅ Giữ lại 5493/33458 tin hợp lệ.
✅ Đã kết nối thành công tới PostgreSQL.
✅ Bảng 'bds_hadong' đã có PRIMARY KEY. Bỏ qua.
Đang thực hiện Upsert dữ liệu vào PostgreSQL...
🔄 Upsert thành công 5493 bản ghi vào 'bds_hadong'.
✅ Hoàn tất Pipeline ETL.
[Fri 03/27/2026 12:04:36.59] [3/3] Dang dong bo Data len GitHub... 
[main bb798ef] Auto-update Fast Pipeline: Fri 03/27/2026 12:04:40.00
 4 files changed, 669 insertions(+), 351 deletions(-)
fatal: Unable to persist credentials with the 'wincredman' credential store.
See https://aka.ms/gcm/credstores for more information.
fatal: Unable to persist credentials with the 'wincredman' credential store.
See https://aka.ms/gcm/credstores for more information.
fatal: could not read Username for 'https://github.com': terminal prompts disabled
[Fri 03/27/2026 12:04:43.61] LOI: git push that bai. 
[Fri 03/27/2026 12:04:43.63] LUONG FAST BI DUNG DO LOI 
========================================= 
[Sat 03/28/2026 16:23:29.48] BAT DAU LUONG FAST (QUET BE MAT) 
[Sat 03/28/2026 16:23:29.51] [1/3] Dang cao du lieu be mat... 
Traceback (most recent call last):
  File "C:\Users\User\AppData\Local\Programs\Python\Python310\lib\urllib\request.py", line 1348, in do_open
    h.request(req.get_method(), req.selector, req.data, headers,
  File "C:\Users\User\AppData\Local\Programs\Python\Python310\lib\http\client.py", line 1276, in request
    self._send_request(method, url, body, headers, encode_chunked)
  File "C:\Users\User\AppData\Local\Programs\Python\Python310\lib\http\client.py", line 1322, in _send_request
    self.endheaders(body, encode_chunked=encode_chunked)
  File "C:\Users\User\AppData\Local\Programs\Python\Python310\lib\http\client.py", line 1271, in endheaders
    self._send_output(message_body, encode_chunked=encode_chunked)
  File "C:\Users\User\AppData\Local\Programs\Python\Python310\lib\http\client.py", line 1031, in _send_output
    self.send(msg)
  File "C:\Users\User\AppData\Local\Programs\Python\Python310\lib\http\client.py", line 969, in send
    self.connect()
  File "C:\Users\User\AppData\Local\Programs\Python\Python310\lib\http\client.py", line 1441, in connect
    super().connect()
  File "C:\Users\User\AppData\Local\Programs\Python\Python310\lib\http\client.py", line 940, in connect
    self.sock = self._create_connection(
  File "C:\Users\User\AppData\Local\Programs\Python\Python310\lib\socket.py", line 845, in create_connection
    raise err
  File "C:\Users\User\AppData\Local\Programs\Python\Python310\lib\socket.py", line 833, in create_connection
    sock.connect(sa)
OSError: [WinError 10051] A socket operation was attempted to an unreachable network

During handling of the above exception, another exception occurred:

Traceback (most recent call last):
  File "C:\Users\User\AppData\Local\Programs\Python\Python310\lib\runpy.py", line 196, in _run_module_as_main
    return _run_code(code, main_globals, None,
  File "C:\Users\User\AppData\Local\Programs\Python\Python310\lib\runpy.py", line 86, in _run_code
    exec(code, run_globals)
  File "D:\Python\realtime_estimate_tracker\src\data_loader\spider.py", line 193, in <module>
    data = run_crawler(pages=10)
  File "D:\Python\realtime_estimate_tracker\src\data_loader\spider.py", line 109, in run_crawler
    driver = init_driver()
  File "D:\Python\realtime_estimate_tracker\src\data_loader\browser.py", line 99, in init_driver
    raise e
  File "D:\Python\realtime_estimate_tracker\src\data_loader\browser.py", line 88, in init_driver
    driver = uc.Chrome(
  File "D:\Python\realtime_estimate_tracker\venv_bds\lib\site-packages\undetected_chromedriver\__init__.py", line 258, in __init__
    self.patcher.auto()
  File "D:\Python\realtime_estimate_tracker\venv_bds\lib\site-packages\undetected_chromedriver\patcher.py", line 175, in auto
    release = self.fetch_release_number()
  File "D:\Python\realtime_estimate_tracker\venv_bds\lib\site-packages\undetected_chromedriver\patcher.py", line 259, in fetch_release_number
    with urlopen(self.url_repo + path) as conn:
  File "C:\Users\User\AppData\Local\Programs\Python\Python310\lib\urllib\request.py", line 216, in urlopen
    return opener.open(url, data, timeout)
  File "C:\Users\User\AppData\Local\Programs\Python\Python310\lib\urllib\request.py", line 519, in open
    response = self._open(req, data)
  File "C:\Users\User\AppData\Local\Programs\Python\Python310\lib\urllib\request.py", line 536, in _open
    result = self._call_chain(self.handle_open, protocol, protocol +
  File "C:\Users\User\AppData\Local\Programs\Python\Python310\lib\urllib\request.py", line 496, in _call_chain
    result = func(*args)
  File "C:\Users\User\AppData\Local\Programs\Python\Python310\lib\urllib\request.py", line 1391, in https_open
    return self.do_open(http.client.HTTPSConnection, req,
  File "C:\Users\User\AppData\Local\Programs\Python\Python310\lib\urllib\request.py", line 1351, in do_open
    raise URLError(err)
urllib.error.URLError: <urlopen error [WinError 10051] A socket operation was attempted to an unreachable network>
[Browser] Đang khởi tạo trình duyệt...
[Browser] Phát hiện Chrome (Windows): Version 139
[Browser] Lỗi khởi tạo driver: <urlopen error [WinError 10051] A socket operation was attempted to an unreachable network>
[Sat 03/28/2026 16:24:23.93] LOI: Spider that bai. Dung pipeline. 
[Sat 03/28/2026 16:24:23.96] LUONG FAST BI DUNG DO LOI 
========================================= 
[Sun 03/29/2026 12:00:02.51] BAT DAU LUONG FAST (QUET BE MAT) 
[Sun 03/29/2026 12:00:02.53] [1/3] Dang cao du lieu be mat... 
[Browser] Đang khởi tạo trình duyệt...
[Browser] Phát hiện Chrome (Windows): Version 139

[Spider] Đang cào trang 1/10: https://batdongsan.com.vn/nha-dat-ban-ha-dong
[Spider] ✅ Thành công: Tìm thấy 31 tin đăng ở trang 1.

[Spider] Đang cào trang 2/10: https://batdongsan.com.vn/nha-dat-ban-ha-dong/p2
[Spider] ✅ Thành công: Tìm thấy 31 tin đăng ở trang 2.

[Spider] Đang cào trang 3/10: https://batdongsan.com.vn/nha-dat-ban-ha-dong/p3
[Spider] ✅ Thành công: Tìm thấy 31 tin đăng ở trang 3.

[Spider] Đang cào trang 4/10: https://batdongsan.com.vn/nha-dat-ban-ha-dong/p4
[Spider] ✅ Thành công: Tìm thấy 31 tin đăng ở trang 4.

[Spider] Đang cào trang 5/10: https://batdongsan.com.vn/nha-dat-ban-ha-dong/p5
[Spider] ✅ Thành công: Tìm thấy 31 tin đăng ở trang 5.

[Spider] Đang cào trang 6/10: https://batdongsan.com.vn/nha-dat-ban-ha-dong/p6
[Spider] ✅ Thành công: Tìm thấy 31 tin đăng ở trang 6.

[Spider] Đang cào trang 7/10: https://batdongsan.com.vn/nha-dat-ban-ha-dong/p7
[Spider] ✅ Thành công: Tìm thấy 31 tin đăng ở trang 7.

[Spider] Đang cào trang 8/10: https://batdongsan.com.vn/nha-dat-ban-ha-dong/p8
[Spider] ✅ Thành công: Tìm thấy 31 tin đăng ở trang 8.

[Spider] Đang cào trang 9/10: https://batdongsan.com.vn/nha-dat-ban-ha-dong/p9
[Spider] ✅ Thành công: Tìm thấy 31 tin đăng ở trang 9.

[Spider] Đang cào trang 10/10: https://batdongsan.com.vn/nha-dat-ban-ha-dong/p10
[Spider] ✅ Thành công: Tìm thấy 31 tin đăng ở trang 10.
[Spider] Đang gộp dữ liệu mới vào file cũ (Khớp theo tên cột)...
[Spider] Đã lưu 240 dòng mới. Tổng: 33698 dòng.
[Sun 03/29/2026 12:03:34.55] [2/3] Dang lam sach va day vao PostgreSQL... 
🔍 Đang cấu hình Database với: postgres.kkwivuufxdewurmxtsto@aws-1-ap-southeast-1.pooler.supabase.com:5432/postgres
D:\Python\realtime_estimate_tracker\src\preprocessing\cleaner.py:138: UserWarning: Parsing dates in %d/%m/%Y format when dayfirst=False (the default) was specified. Pass `dayfirst=True` or specify a format to silence this warning.
  df['scraped_date'] = pd.to_datetime(df['scraped_date'], errors='coerce')
Đang đọc dữ liệu thô...
Tổng số dòng thô: 33698
🧠 Đang áp dụng NLP trích xuất Đặc trưng...
🧠 Đang áp dụng KNN Imputer...
✅ Giữ lại 5520/33698 tin hợp lệ.
✅ Đã kết nối thành công tới PostgreSQL.
✅ Bảng 'bds_hadong' đã có PRIMARY KEY. Bỏ qua.
Đang thực hiện Upsert dữ liệu vào PostgreSQL...
🔄 Upsert thành công 5520 bản ghi vào 'bds_hadong'.
✅ Hoàn tất Pipeline ETL.
[Sun 03/29/2026 12:04:20.46] [3/3] Dang dong bo Data len GitHub... 
[main 341d251] Auto-update Fast Pipeline: Sun 03/29/2026 12:04:24.08
 4 files changed, 737 insertions(+), 404 deletions(-)
fatal: Unable to persist credentials with the 'wincredman' credential store.
See https://aka.ms/gcm/credstores for more information.
fatal: Unable to persist credentials with the 'wincredman' credential store.
See https://aka.ms/gcm/credstores for more information.
fatal: could not read Username for 'https://github.com': terminal prompts disabled
[Sun 03/29/2026 12:04:28.71] LOI: git push that bai. 
[Sun 03/29/2026 12:04:28.74] LUONG FAST BI DUNG DO LOI 
========================================= 
[Mon 03/30/2026 15:37:02.85] BAT DAU LUONG FAST (QUET BE MAT) 
[Mon 03/30/2026 15:37:02.87] [1/3] Dang cao du lieu be mat... 
[Browser] Đang khởi tạo trình duyệt...
[Browser] Phát hiện Chrome (Windows): Version 139

[Spider] Đang cào trang 1/10: https://batdongsan.com.vn/nha-dat-ban-ha-dong
[Spider] ✅ Thành công: Tìm thấy 30 tin đăng ở trang 1.

[Spider] Đang cào trang 2/10: https://batdongsan.com.vn/nha-dat-ban-ha-dong/p2
[Spider] ✅ Thành công: Tìm thấy 30 tin đăng ở trang 2.

[Spider] Đang cào trang 3/10: https://batdongsan.com.vn/nha-dat-ban-ha-dong/p3
[Spider] ✅ Thành công: Tìm thấy 30 tin đăng ở trang 3.

[Spider] Đang cào trang 4/10: https://batdongsan.com.vn/nha-dat-ban-ha-dong/p4
[Spider] ✅ Thành công: Tìm thấy 30 tin đăng ở trang 4.

[Spider] Đang cào trang 5/10: https://batdongsan.com.vn/nha-dat-ban-ha-dong/p5
[Spider] ✅ Thành công: Tìm thấy 30 tin đăng ở trang 5.

[Spider] Đang cào trang 6/10: https://batdongsan.com.vn/nha-dat-ban-ha-dong/p6
[Spider] ✅ Thành công: Tìm thấy 30 tin đăng ở trang 6.

[Spider] Đang cào trang 7/10: https://batdongsan.com.vn/nha-dat-ban-ha-dong/p7
[Spider] ✅ Thành công: Tìm thấy 30 tin đăng ở trang 7.

[Spider] Đang cào trang 8/10: https://batdongsan.com.vn/nha-dat-ban-ha-dong/p8
[Spider] ✅ Thành công: Tìm thấy 30 tin đăng ở trang 8.

[Spider] Đang cào trang 9/10: https://batdongsan.com.vn/nha-dat-ban-ha-dong/p9
[Spider] ✅ Thành công: Tìm thấy 30 tin đăng ở trang 9.

[Spider] Đang cào trang 10/10: https://batdongsan.com.vn/nha-dat-ban-ha-dong/p10
[Spider] ✅ Thành công: Tìm thấy 30 tin đăng ở trang 10.
[Spider] Đang gộp dữ liệu mới vào file cũ (Khớp theo tên cột)...
[Spider] Đã lưu 230 dòng mới. Tổng: 33928 dòng.
[Mon 03/30/2026 15:40:28.86] [2/3] Dang lam sach va day vao PostgreSQL... 
🔍 Đang cấu hình Database với: postgres.kkwivuufxdewurmxtsto@aws-1-ap-southeast-1.pooler.supabase.com:5432/postgres
D:\Python\realtime_estimate_tracker\src\preprocessing\cleaner.py:138: UserWarning: Parsing dates in %d/%m/%Y format when dayfirst=False (the default) was specified. Pass `dayfirst=True` or specify a format to silence this warning.
  df['scraped_date'] = pd.to_datetime(df['scraped_date'], errors='coerce')
Đang đọc dữ liệu thô...
Tổng số dòng thô: 33928
🧠 Đang áp dụng NLP trích xuất Đặc trưng...
🧠 Đang áp dụng KNN Imputer...
✅ Giữ lại 5533/33928 tin hợp lệ.
✅ Đã kết nối thành công tới PostgreSQL.
✅ Bảng 'bds_hadong' đã có PRIMARY KEY. Bỏ qua.
Đang thực hiện Upsert dữ liệu vào PostgreSQL...
🔄 Upsert thành công 5533 bản ghi vào 'bds_hadong'.
✅ Hoàn tất Pipeline ETL.
[Mon 03/30/2026 15:41:12.22] [3/3] Dang dong bo Data len GitHub... 
[main f0009c7] Auto-update Fast Pipeline: Mon 03/30/2026 15:41:15.76
 4 files changed, 702 insertions(+), 391 deletions(-)
fatal: Unable to persist credentials with the 'wincredman' credential store.
See https://aka.ms/gcm/credstores for more information.
fatal: Unable to persist credentials with the 'wincredman' credential store.
See https://aka.ms/gcm/credstores for more information.
fatal: could not read Username for 'https://github.com': terminal prompts disabled
[Mon 03/30/2026 15:41:20.09] LOI: git push that bai. 
[Mon 03/30/2026 15:41:20.11] LUONG FAST BI DUNG DO LOI 
========================================= 
[Tue 03/31/2026 12:00:04.06] BAT DAU LUONG FAST (QUET BE MAT) 
[Tue 03/31/2026 12:00:04.08] [1/3] Dang cao du lieu be mat... 
[Browser] Đang khởi tạo trình duyệt...
[Browser] Phát hiện Chrome (Windows): Version 139

[Spider] Đang cào trang 1/10: https://batdongsan.com.vn/nha-dat-ban-ha-dong
[Spider] ✅ Thành công: Tìm thấy 30 tin đăng ở trang 1.

[Spider] Đang cào trang 2/10: https://batdongsan.com.vn/nha-dat-ban-ha-dong/p2
[Spider] ✅ Thành công: Tìm thấy 30 tin đăng ở trang 2.

[Spider] Đang cào trang 3/10: https://batdongsan.com.vn/nha-dat-ban-ha-dong/p3
[Spider] ✅ Thành công: Tìm thấy 30 tin đăng ở trang 3.

[Spider] Đang cào trang 4/10: https://batdongsan.com.vn/nha-dat-ban-ha-dong/p4
[Spider] ✅ Thành công: Tìm thấy 30 tin đăng ở trang 4.

[Spider] Đang cào trang 5/10: https://batdongsan.com.vn/nha-dat-ban-ha-dong/p5
[Spider] ✅ Thành công: Tìm thấy 30 tin đăng ở trang 5.

[Spider] Đang cào trang 6/10: https://batdongsan.com.vn/nha-dat-ban-ha-dong/p6
[Spider] ✅ Thành công: Tìm thấy 30 tin đăng ở trang 6.

[Spider] Đang cào trang 7/10: https://batdongsan.com.vn/nha-dat-ban-ha-dong/p7
[Spider] ✅ Thành công: Tìm thấy 30 tin đăng ở trang 7.

[Spider] Đang cào trang 8/10: https://batdongsan.com.vn/nha-dat-ban-ha-dong/p8
[Spider] ✅ Thành công: Tìm thấy 30 tin đăng ở trang 8.

[Spider] Đang cào trang 9/10: https://batdongsan.com.vn/nha-dat-ban-ha-dong/p9
[Spider] ✅ Thành công: Tìm thấy 30 tin đăng ở trang 9.

[Spider] Đang cào trang 10/10: https://batdongsan.com.vn/nha-dat-ban-ha-dong/p10
[Spider] ✅ Thành công: Tìm thấy 30 tin đăng ở trang 10.
[Spider] Đang gộp dữ liệu mới vào file cũ (Khớp theo tên cột)...
[Spider] Đã lưu 230 dòng mới. Tổng: 34158 dòng.
[Tue 03/31/2026 12:03:26.25] [2/3] Dang lam sach va day vao PostgreSQL... 
🔍 Đang cấu hình Database với: postgres.kkwivuufxdewurmxtsto@aws-1-ap-southeast-1.pooler.supabase.com:5432/postgres
D:\Python\realtime_estimate_tracker\src\preprocessing\cleaner.py:138: UserWarning: Parsing dates in %d/%m/%Y format when dayfirst=False (the default) was specified. Pass `dayfirst=True` or specify a format to silence this warning.
  df['scraped_date'] = pd.to_datetime(df['scraped_date'], errors='coerce')
Đang đọc dữ liệu thô...
Tổng số dòng thô: 34158
🧠 Đang áp dụng NLP trích xuất Đặc trưng...
🧠 Đang áp dụng KNN Imputer...
✅ Giữ lại 5541/34158 tin hợp lệ.
✅ Đã kết nối thành công tới PostgreSQL.
✅ Bảng 'bds_hadong' đã có PRIMARY KEY. Bỏ qua.
Đang thực hiện Upsert dữ liệu vào PostgreSQL...
🔄 Upsert thành công 5541 bản ghi vào 'bds_hadong'.
✅ Hoàn tất Pipeline ETL.
[Tue 03/31/2026 12:04:07.59] [3/3] Dang dong bo Data len GitHub... 
[main 693e33f] Auto-update Fast Pipeline: Tue 03/31/2026 12:04:11.49
 4 files changed, 642 insertions(+), 335 deletions(-)
fatal: Unable to persist credentials with the 'wincredman' credential store.
See https://aka.ms/gcm/credstores for more information.
fatal: Unable to persist credentials with the 'wincredman' credential store.
See https://aka.ms/gcm/credstores for more information.
fatal: could not read Username for 'https://github.com': terminal prompts disabled
[Tue 03/31/2026 12:04:15.76] LOI: git push that bai. 
[Tue 03/31/2026 12:04:15.77] LUONG FAST BI DUNG DO LOI 
========================================= 
[Wed 04/01/2026 12:00:03.11] BAT DAU LUONG FAST (QUET BE MAT) 
[Wed 04/01/2026 12:00:03.14] [1/3] Dang cao du lieu be mat... 
[Browser] Đang khởi tạo trình duyệt...
[Browser] Phát hiện Chrome (Windows): Version 139

[Spider] Đang cào trang 1/10: https://batdongsan.com.vn/nha-dat-ban-ha-dong
[Spider] ✅ Thành công: Tìm thấy 30 tin đăng ở trang 1.

[Spider] Đang cào trang 2/10: https://batdongsan.com.vn/nha-dat-ban-ha-dong/p2
[Spider] ✅ Thành công: Tìm thấy 30 tin đăng ở trang 2.

[Spider] Đang cào trang 3/10: https://batdongsan.com.vn/nha-dat-ban-ha-dong/p3
[Spider] ✅ Thành công: Tìm thấy 30 tin đăng ở trang 3.

[Spider] Đang cào trang 4/10: https://batdongsan.com.vn/nha-dat-ban-ha-dong/p4
[Spider] ✅ Thành công: Tìm thấy 30 tin đăng ở trang 4.

[Spider] Đang cào trang 5/10: https://batdongsan.com.vn/nha-dat-ban-ha-dong/p5
[Spider] ✅ Thành công: Tìm thấy 30 tin đăng ở trang 5.

[Spider] Đang cào trang 6/10: https://batdongsan.com.vn/nha-dat-ban-ha-dong/p6
[Spider] ✅ Thành công: Tìm thấy 30 tin đăng ở trang 6.

[Spider] Đang cào trang 7/10: https://batdongsan.com.vn/nha-dat-ban-ha-dong/p7
[Spider] ✅ Thành công: Tìm thấy 30 tin đăng ở trang 7.

[Spider] Đang cào trang 8/10: https://batdongsan.com.vn/nha-dat-ban-ha-dong/p8
[Spider] ✅ Thành công: Tìm thấy 30 tin đăng ở trang 8.

[Spider] Đang cào trang 9/10: https://batdongsan.com.vn/nha-dat-ban-ha-dong/p9
[Spider] ✅ Thành công: Tìm thấy 30 tin đăng ở trang 9.

[Spider] Đang cào trang 10/10: https://batdongsan.com.vn/nha-dat-ban-ha-dong/p10
[Spider] ✅ Thành công: Tìm thấy 30 tin đăng ở trang 10.
[Spider] Đang gộp dữ liệu mới vào file cũ (Khớp theo tên cột)...
[Spider] Đã lưu 230 dòng mới. Tổng: 34388 dòng.
[Wed 04/01/2026 12:03:34.03] [2/3] Dang lam sach va day vao PostgreSQL... 
🔍 Đang cấu hình Database với: postgres.kkwivuufxdewurmxtsto@aws-1-ap-southeast-1.pooler.supabase.com:5432/postgres
D:\Python\realtime_estimate_tracker\src\preprocessing\cleaner.py:138: UserWarning: Parsing dates in %d/%m/%Y format when dayfirst=False (the default) was specified. Pass `dayfirst=True` or specify a format to silence this warning.
  df['scraped_date'] = pd.to_datetime(df['scraped_date'], errors='coerce')
Đang đọc dữ liệu thô...
Tổng số dòng thô: 34388
🧠 Đang áp dụng NLP trích xuất Đặc trưng...
🧠 Đang áp dụng KNN Imputer...
✅ Giữ lại 5557/34388 tin hợp lệ.
✅ Đã kết nối thành công tới PostgreSQL.
✅ Bảng 'bds_hadong' đã có PRIMARY KEY. Bỏ qua.
Đang thực hiện Upsert dữ liệu vào PostgreSQL...
🔄 Upsert thành công 5557 bản ghi vào 'bds_hadong'.
✅ Hoàn tất Pipeline ETL.
[Wed 04/01/2026 12:04:19.15] [3/3] Dang dong bo Data len GitHub... 
[main 41752b4] Auto-update Fast Pipeline: Wed 04/01/2026 12:04:23.09
 4 files changed, 677 insertions(+), 363 deletions(-)
fatal: Unable to persist credentials with the 'wincredman' credential store.
See https://aka.ms/gcm/credstores for more information.
fatal: Unable to persist credentials with the 'wincredman' credential store.
See https://aka.ms/gcm/credstores for more information.
fatal: could not read Username for 'https://github.com': terminal prompts disabled
[Wed 04/01/2026 12:04:27.36] LOI: git push that bai. 
[Wed 04/01/2026 12:04:27.38] LUONG FAST BI DUNG DO LOI 
========================================= 
[Thu 04/02/2026 13:24:17.27] BAT DAU LUONG FAST (QUET BE MAT) 
[Thu 04/02/2026 13:24:17.30] [1/3] Dang cao du lieu be mat... 
[Browser] Đang khởi tạo trình duyệt...
[Browser] Phát hiện Chrome (Windows): Version 139

[Spider] Đang cào trang 1/10: https://batdongsan.com.vn/nha-dat-ban-ha-dong
[Spider] ✅ Thành công: Tìm thấy 30 tin đăng ở trang 1.

[Spider] Đang cào trang 2/10: https://batdongsan.com.vn/nha-dat-ban-ha-dong/p2
[Spider] ✅ Thành công: Tìm thấy 30 tin đăng ở trang 2.

[Spider] Đang cào trang 3/10: https://batdongsan.com.vn/nha-dat-ban-ha-dong/p3
[Spider] ✅ Thành công: Tìm thấy 30 tin đăng ở trang 3.

[Spider] Đang cào trang 4/10: https://batdongsan.com.vn/nha-dat-ban-ha-dong/p4
[Spider] ✅ Thành công: Tìm thấy 30 tin đăng ở trang 4.

[Spider] Đang cào trang 5/10: https://batdongsan.com.vn/nha-dat-ban-ha-dong/p5
[Spider] ✅ Thành công: Tìm thấy 30 tin đăng ở trang 5.

[Spider] Đang cào trang 6/10: https://batdongsan.com.vn/nha-dat-ban-ha-dong/p6
[Spider] ✅ Thành công: Tìm thấy 30 tin đăng ở trang 6.

[Spider] Đang cào trang 7/10: https://batdongsan.com.vn/nha-dat-ban-ha-dong/p7
[Spider] ✅ Thành công: Tìm thấy 30 tin đăng ở trang 7.

[Spider] Đang cào trang 8/10: https://batdongsan.com.vn/nha-dat-ban-ha-dong/p8
[Spider] ✅ Thành công: Tìm thấy 30 tin đăng ở trang 8.

[Spider] Đang cào trang 9/10: https://batdongsan.com.vn/nha-dat-ban-ha-dong/p9
[Spider] ✅ Thành công: Tìm thấy 30 tin đăng ở trang 9.

[Spider] Đang cào trang 10/10: https://batdongsan.com.vn/nha-dat-ban-ha-dong/p10
[Spider] ✅ Thành công: Tìm thấy 30 tin đăng ở trang 10.
[Spider] Đang gộp dữ liệu mới vào file cũ (Khớp theo tên cột)...
[Spider] Đã lưu 230 dòng mới. Tổng: 34618 dòng.
[Thu 04/02/2026 13:27:47.29] [2/3] Dang lam sach va day vao PostgreSQL... 
🔍 Đang cấu hình Database với: postgres.kkwivuufxdewurmxtsto@aws-1-ap-southeast-1.pooler.supabase.com:5432/postgres
D:\Python\realtime_estimate_tracker\src\preprocessing\cleaner.py:138: UserWarning: Parsing dates in %d/%m/%Y format when dayfirst=False (the default) was specified. Pass `dayfirst=True` or specify a format to silence this warning.
  df['scraped_date'] = pd.to_datetime(df['scraped_date'], errors='coerce')
Đang đọc dữ liệu thô...
Tổng số dòng thô: 34618
🧠 Đang áp dụng NLP trích xuất Đặc trưng...
🧠 Đang áp dụng KNN Imputer...
✅ Giữ lại 5582/34618 tin hợp lệ.
✅ Đã kết nối thành công tới PostgreSQL.
✅ Bảng 'bds_hadong' đã có PRIMARY KEY. Bỏ qua.
Đang thực hiện Upsert dữ liệu vào PostgreSQL...
🔄 Upsert thành công 5582 bản ghi vào 'bds_hadong'.
✅ Hoàn tất Pipeline ETL.
[Thu 04/02/2026 13:28:28.11] [3/3] Dang dong bo Data len GitHub... 
[main a7a85fc] Auto-update Fast Pipeline: Thu 04/02/2026 13:28:31.73
 4 files changed, 702 insertions(+), 379 deletions(-)
fatal: Unable to persist credentials with the 'wincredman' credential store.
See https://aka.ms/gcm/credstores for more information.
fatal: Unable to persist credentials with the 'wincredman' credential store.
See https://aka.ms/gcm/credstores for more information.
fatal: could not read Username for 'https://github.com': terminal prompts disabled
[Thu 04/02/2026 13:28:35.79] LOI: git push that bai. 
[Thu 04/02/2026 13:28:35.81] LUONG FAST BI DUNG DO LOI 
========================================= 
[Fri 04/03/2026 12:00:03.58] BAT DAU LUONG FAST (QUET BE MAT) 
[Fri 04/03/2026 12:00:03.60] [1/3] Dang cao du lieu be mat... 
[Browser] Đang khởi tạo trình duyệt...
[Browser] Phát hiện Chrome (Windows): Version 139

[Spider] Đang cào trang 1/10: https://batdongsan.com.vn/nha-dat-ban-ha-dong
[Spider] ✅ Thành công: Tìm thấy 30 tin đăng ở trang 1.

[Spider] Đang cào trang 2/10: https://batdongsan.com.vn/nha-dat-ban-ha-dong/p2
[Spider] ✅ Thành công: Tìm thấy 30 tin đăng ở trang 2.

[Spider] Đang cào trang 3/10: https://batdongsan.com.vn/nha-dat-ban-ha-dong/p3
[Spider] ✅ Thành công: Tìm thấy 30 tin đăng ở trang 3.

[Spider] Đang cào trang 4/10: https://batdongsan.com.vn/nha-dat-ban-ha-dong/p4
[Spider] ✅ Thành công: Tìm thấy 30 tin đăng ở trang 4.

[Spider] Đang cào trang 5/10: https://batdongsan.com.vn/nha-dat-ban-ha-dong/p5
[Spider] ✅ Thành công: Tìm thấy 30 tin đăng ở trang 5.

[Spider] Đang cào trang 6/10: https://batdongsan.com.vn/nha-dat-ban-ha-dong/p6
[Spider] ✅ Thành công: Tìm thấy 30 tin đăng ở trang 6.

[Spider] Đang cào trang 7/10: https://batdongsan.com.vn/nha-dat-ban-ha-dong/p7
[Spider] ✅ Thành công: Tìm thấy 30 tin đăng ở trang 7.

[Spider] Đang cào trang 8/10: https://batdongsan.com.vn/nha-dat-ban-ha-dong/p8
[Spider] ✅ Thành công: Tìm thấy 30 tin đăng ở trang 8.

[Spider] Đang cào trang 9/10: https://batdongsan.com.vn/nha-dat-ban-ha-dong/p9
[Spider] ✅ Thành công: Tìm thấy 30 tin đăng ở trang 9.

[Spider] Đang cào trang 10/10: https://batdongsan.com.vn/nha-dat-ban-ha-dong/p10
[Spider] ✅ Thành công: Tìm thấy 30 tin đăng ở trang 10.
[Spider] Đang gộp dữ liệu mới vào file cũ (Khớp theo tên cột)...
[Spider] Đã lưu 230 dòng mới. Tổng: 34848 dòng.
[Fri 04/03/2026 12:03:19.32] [2/3] Dang lam sach va day vao PostgreSQL... 
🔍 Đang cấu hình Database với: postgres.kkwivuufxdewurmxtsto@aws-1-ap-southeast-1.pooler.supabase.com:5432/postgres
D:\Python\realtime_estimate_tracker\src\preprocessing\cleaner.py:138: UserWarning: Parsing dates in %d/%m/%Y format when dayfirst=False (the default) was specified. Pass `dayfirst=True` or specify a format to silence this warning.
  df['scraped_date'] = pd.to_datetime(df['scraped_date'], errors='coerce')
Đang đọc dữ liệu thô...
Tổng số dòng thô: 34848
🧠 Đang áp dụng NLP trích xuất Đặc trưng...
🧠 Đang áp dụng KNN Imputer...
✅ Giữ lại 5594/34848 tin hợp lệ.
✅ Đã kết nối thành công tới PostgreSQL.
✅ Bảng 'bds_hadong' đã có PRIMARY KEY. Bỏ qua.
Đang thực hiện Upsert dữ liệu vào PostgreSQL...
🔄 Upsert thành công 5594 bản ghi vào 'bds_hadong'.
✅ Hoàn tất Pipeline ETL.
[Fri 04/03/2026 12:03:59.55] [3/3] Dang dong bo Data len GitHub... 
[main 6bfe9bf] Auto-update Fast Pipeline: Fri 04/03/2026 12:04:02.85
 4 files changed, 635 insertions(+), 326 deletions(-)
fatal: Unable to persist credentials with the 'wincredman' credential store.
See https://aka.ms/gcm/credstores for more information.
fatal: Unable to persist credentials with the 'wincredman' credential store.
See https://aka.ms/gcm/credstores for more information.
fatal: could not read Username for 'https://github.com': terminal prompts disabled
[Fri 04/03/2026 12:04:06.72] LOI: git push that bai. 
[Fri 04/03/2026 12:04:06.73] LUONG FAST BI DUNG DO LOI 
========================================= 
[Sat 04/04/2026 12:00:03.00] BAT DAU LUONG FAST (QUET BE MAT) 
[Sat 04/04/2026 12:00:03.04] [1/3] Dang cao du lieu be mat... 
[Browser] Đang khởi tạo trình duyệt...
[Browser] Phát hiện Chrome (Windows): Version 139

[Spider] Đang cào trang 1/10: https://batdongsan.com.vn/nha-dat-ban-ha-dong
[Spider] ✅ Thành công: Tìm thấy 30 tin đăng ở trang 1.

[Spider] Đang cào trang 2/10: https://batdongsan.com.vn/nha-dat-ban-ha-dong/p2
[Spider] ✅ Thành công: Tìm thấy 30 tin đăng ở trang 2.

[Spider] Đang cào trang 3/10: https://batdongsan.com.vn/nha-dat-ban-ha-dong/p3
[Spider] ✅ Thành công: Tìm thấy 30 tin đăng ở trang 3.

[Spider] Đang cào trang 4/10: https://batdongsan.com.vn/nha-dat-ban-ha-dong/p4
[Spider] ✅ Thành công: Tìm thấy 30 tin đăng ở trang 4.

[Spider] Đang cào trang 5/10: https://batdongsan.com.vn/nha-dat-ban-ha-dong/p5
[Spider] ✅ Thành công: Tìm thấy 30 tin đăng ở trang 5.

[Spider] Đang cào trang 6/10: https://batdongsan.com.vn/nha-dat-ban-ha-dong/p6
[Spider] ✅ Thành công: Tìm thấy 30 tin đăng ở trang 6.

[Spider] Đang cào trang 7/10: https://batdongsan.com.vn/nha-dat-ban-ha-dong/p7
[Spider] ✅ Thành công: Tìm thấy 30 tin đăng ở trang 7.

[Spider] Đang cào trang 8/10: https://batdongsan.com.vn/nha-dat-ban-ha-dong/p8
[Spider] ✅ Thành công: Tìm thấy 30 tin đăng ở trang 8.

[Spider] Đang cào trang 9/10: https://batdongsan.com.vn/nha-dat-ban-ha-dong/p9
[Spider] ✅ Thành công: Tìm thấy 30 tin đăng ở trang 9.

[Spider] Đang cào trang 10/10: https://batdongsan.com.vn/nha-dat-ban-ha-dong/p10
[Spider] ✅ Thành công: Tìm thấy 30 tin đăng ở trang 10.
[Spider] Đang gộp dữ liệu mới vào file cũ (Khớp theo tên cột)...
[Spider] Đã lưu 230 dòng mới. Tổng: 35078 dòng.
[Sat 04/04/2026 12:03:31.74] [2/3] Dang lam sach va day vao PostgreSQL... 
🔍 Đang cấu hình Database với: postgres.kkwivuufxdewurmxtsto@aws-1-ap-southeast-1.pooler.supabase.com:5432/postgres
D:\Python\realtime_estimate_tracker\src\preprocessing\cleaner.py:138: UserWarning: Parsing dates in %d/%m/%Y format when dayfirst=False (the default) was specified. Pass `dayfirst=True` or specify a format to silence this warning.
  df['scraped_date'] = pd.to_datetime(df['scraped_date'], errors='coerce')
Đang đọc dữ liệu thô...
Tổng số dòng thô: 35078
🧠 Đang áp dụng NLP trích xuất Đặc trưng...
🧠 Đang áp dụng KNN Imputer...
✅ Giữ lại 5607/35078 tin hợp lệ.
✅ Đã kết nối thành công tới PostgreSQL.
✅ Bảng 'bds_hadong' đã có PRIMARY KEY. Bỏ qua.
Đang thực hiện Upsert dữ liệu vào PostgreSQL...
🔄 Upsert thành công 5607 bản ghi vào 'bds_hadong'.
✅ Hoàn tất Pipeline ETL.
[Sat 04/04/2026 12:04:11.47] [3/3] Dang dong bo Data len GitHub... 
[main 6ae7ffa] Auto-update Fast Pipeline: Sat 04/04/2026 12:04:14.62
 4 files changed, 659 insertions(+), 349 deletions(-)
fatal: Unable to persist credentials with the 'wincredman' credential store.
See https://aka.ms/gcm/credstores for more information.
fatal: Unable to persist credentials with the 'wincredman' credential store.
See https://aka.ms/gcm/credstores for more information.
fatal: could not read Username for 'https://github.com': terminal prompts disabled
[Sat 04/04/2026 12:04:18.46] LOI: git push that bai. 
[Sat 04/04/2026 12:04:18.47] LUONG FAST BI DUNG DO LOI 
========================================= 
[Sun 04/05/2026 13:37:38.20] BAT DAU LUONG FAST (QUET BE MAT) 
[Sun 04/05/2026 13:37:38.25] [1/3] Dang cao du lieu be mat... 
Traceback (most recent call last):
  File "C:\Users\User\AppData\Local\Programs\Python\Python310\lib\urllib\request.py", line 1348, in do_open
    h.request(req.get_method(), req.selector, req.data, headers,
  File "C:\Users\User\AppData\Local\Programs\Python\Python310\lib\http\client.py", line 1276, in request
    self._send_request(method, url, body, headers, encode_chunked)
  File "C:\Users\User\AppData\Local\Programs\Python\Python310\lib\http\client.py", line 1322, in _send_request
    self.endheaders(body, encode_chunked=encode_chunked)
  File "C:\Users\User\AppData\Local\Programs\Python\Python310\lib\http\client.py", line 1271, in endheaders
    self._send_output(message_body, encode_chunked=encode_chunked)
  File "C:\Users\User\AppData\Local\Programs\Python\Python310\lib\http\client.py", line 1031, in _send_output
    self.send(msg)
  File "C:\Users\User\AppData\Local\Programs\Python\Python310\lib\http\client.py", line 969, in send
    self.connect()
  File "C:\Users\User\AppData\Local\Programs\Python\Python310\lib\http\client.py", line 1441, in connect
    super().connect()
  File "C:\Users\User\AppData\Local\Programs\Python\Python310\lib\http\client.py", line 940, in connect
    self.sock = self._create_connection(
  File "C:\Users\User\AppData\Local\Programs\Python\Python310\lib\socket.py", line 824, in create_connection
    for res in getaddrinfo(host, port, 0, SOCK_STREAM):
  File "C:\Users\User\AppData\Local\Programs\Python\Python310\lib\socket.py", line 955, in getaddrinfo
    for res in _socket.getaddrinfo(host, port, family, type, proto, flags):
socket.gaierror: [Errno 11001] getaddrinfo failed

During handling of the above exception, another exception occurred:

Traceback (most recent call last):
  File "C:\Users\User\AppData\Local\Programs\Python\Python310\lib\runpy.py", line 196, in _run_module_as_main
    return _run_code(code, main_globals, None,
  File "C:\Users\User\AppData\Local\Programs\Python\Python310\lib\runpy.py", line 86, in _run_code
    exec(code, run_globals)
  File "D:\Python\realtime_estimate_tracker\src\data_loader\spider.py", line 193, in <module>
    data = run_crawler(pages=10)
  File "D:\Python\realtime_estimate_tracker\src\data_loader\spider.py", line 109, in run_crawler
    driver = init_driver()
  File "D:\Python\realtime_estimate_tracker\src\data_loader\browser.py", line 99, in init_driver
    raise e
  File "D:\Python\realtime_estimate_tracker\src\data_loader\browser.py", line 88, in init_driver
    driver = uc.Chrome(
  File "D:\Python\realtime_estimate_tracker\venv_bds\lib\site-packages\undetected_chromedriver\__init__.py", line 258, in __init__
    self.patcher.auto()
  File "D:\Python\realtime_estimate_tracker\venv_bds\lib\site-packages\undetected_chromedriver\patcher.py", line 175, in auto
    release = self.fetch_release_number()
  File "D:\Python\realtime_estimate_tracker\venv_bds\lib\site-packages\undetected_chromedriver\patcher.py", line 259, in fetch_release_number
    with urlopen(self.url_repo + path) as conn:
  File "C:\Users\User\AppData\Local\Programs\Python\Python310\lib\urllib\request.py", line 216, in urlopen
    return opener.open(url, data, timeout)
  File "C:\Users\User\AppData\Local\Programs\Python\Python310\lib\urllib\request.py", line 519, in open
    response = self._open(req, data)
  File "C:\Users\User\AppData\Local\Programs\Python\Python310\lib\urllib\request.py", line 536, in _open
    result = self._call_chain(self.handle_open, protocol, protocol +
  File "C:\Users\User\AppData\Local\Programs\Python\Python310\lib\urllib\request.py", line 496, in _call_chain
    result = func(*args)
  File "C:\Users\User\AppData\Local\Programs\Python\Python310\lib\urllib\request.py", line 1391, in https_open
    return self.do_open(http.client.HTTPSConnection, req,
  File "C:\Users\User\AppData\Local\Programs\Python\Python310\lib\urllib\request.py", line 1351, in do_open
    raise URLError(err)
urllib.error.URLError: <urlopen error [Errno 11001] getaddrinfo failed>
[Browser] Đang khởi tạo trình duyệt...
[Browser] Phát hiện Chrome (Windows): Version 139
[Browser] Lỗi khởi tạo driver: <urlopen error [Errno 11001] getaddrinfo failed>
[Sun 04/05/2026 13:37:59.54] LOI: Spider that bai. Dung pipeline. 
[Sun 04/05/2026 13:37:59.71] LUONG FAST BI DUNG DO LOI 
========================================= 
[Mon 04/06/2026 12:00:02.87] BAT DAU LUONG FAST (QUET BE MAT) 
[Mon 04/06/2026 12:00:02.90] [1/3] Dang cao du lieu be mat... 
[Browser] Đang khởi tạo trình duyệt...
[Browser] Phát hiện Chrome (Windows): Version 139

[Spider] Đang cào trang 1/10: https://batdongsan.com.vn/nha-dat-ban-ha-dong
[Spider] ✅ Thành công: Tìm thấy 30 tin đăng ở trang 1.

[Spider] Đang cào trang 2/10: https://batdongsan.com.vn/nha-dat-ban-ha-dong/p2
[Spider] ✅ Thành công: Tìm thấy 30 tin đăng ở trang 2.

[Spider] Đang cào trang 3/10: https://batdongsan.com.vn/nha-dat-ban-ha-dong/p3
[Spider] ✅ Thành công: Tìm thấy 30 tin đăng ở trang 3.

[Spider] Đang cào trang 4/10: https://batdongsan.com.vn/nha-dat-ban-ha-dong/p4
[Spider] ✅ Thành công: Tìm thấy 30 tin đăng ở trang 4.

[Spider] Đang cào trang 5/10: https://batdongsan.com.vn/nha-dat-ban-ha-dong/p5
[Spider] ✅ Thành công: Tìm thấy 30 tin đăng ở trang 5.

[Spider] Đang cào trang 6/10: https://batdongsan.com.vn/nha-dat-ban-ha-dong/p6
[Spider] ✅ Thành công: Tìm thấy 30 tin đăng ở trang 6.

[Spider] Đang cào trang 7/10: https://batdongsan.com.vn/nha-dat-ban-ha-dong/p7
[Spider] ✅ Thành công: Tìm thấy 30 tin đăng ở trang 7.

[Spider] Đang cào trang 8/10: https://batdongsan.com.vn/nha-dat-ban-ha-dong/p8
[Spider] ✅ Thành công: Tìm thấy 30 tin đăng ở trang 8.

[Spider] Đang cào trang 9/10: https://batdongsan.com.vn/nha-dat-ban-ha-dong/p9
[Spider] ✅ Thành công: Tìm thấy 30 tin đăng ở trang 9.

[Spider] Đang cào trang 10/10: https://batdongsan.com.vn/nha-dat-ban-ha-dong/p10
[Spider] ✅ Thành công: Tìm thấy 30 tin đăng ở trang 10.
[Spider] Đang gộp dữ liệu mới vào file cũ (Khớp theo tên cột)...
[Spider] Đã lưu 230 dòng mới. Tổng: 35308 dòng.
[Mon 04/06/2026 12:03:41.02] [2/3] Dang lam sach va day vao PostgreSQL... 
🔍 Đang cấu hình Database với: postgres.kkwivuufxdewurmxtsto@aws-1-ap-southeast-1.pooler.supabase.com:5432/postgres
D:\Python\realtime_estimate_tracker\src\preprocessing\cleaner.py:138: UserWarning: Parsing dates in %d/%m/%Y format when dayfirst=False (the default) was specified. Pass `dayfirst=True` or specify a format to silence this warning.
  df['scraped_date'] = pd.to_datetime(df['scraped_date'], errors='coerce')
Đang đọc dữ liệu thô...
Tổng số dòng thô: 35308
🧠 Đang áp dụng NLP trích xuất Đặc trưng...
🧠 Đang áp dụng KNN Imputer...
✅ Giữ lại 5625/35308 tin hợp lệ.
✅ Đã kết nối thành công tới PostgreSQL.
✅ Bảng 'bds_hadong' đã có PRIMARY KEY. Bỏ qua.
Đang thực hiện Upsert dữ liệu vào PostgreSQL...
🔄 Upsert thành công 5625 bản ghi vào 'bds_hadong'.
✅ Hoàn tất Pipeline ETL.
[Mon 04/06/2026 12:04:22.72] [3/3] Dang dong bo Data len GitHub... 
[main e347ac2] Auto-update Fast Pipeline: Mon 04/06/2026 12:04:26.06
 4 files changed, 657 insertions(+), 343 deletions(-)
fatal: Unable to persist credentials with the 'wincredman' credential store.
See https://aka.ms/gcm/credstores for more information.
fatal: Unable to persist credentials with the 'wincredman' credential store.
See https://aka.ms/gcm/credstores for more information.
fatal: could not read Username for 'https://github.com': terminal prompts disabled
[Mon 04/06/2026 12:04:30.08] LOI: git push that bai. 
[Mon 04/06/2026 12:04:30.11] LUONG FAST BI DUNG DO LOI 
========================================= 
[Tue 04/07/2026 12:00:03.31] BAT DAU LUONG FAST (QUET BE MAT) 
[Tue 04/07/2026 12:00:03.34] [1/3] Dang cao du lieu be mat... 
[Browser] Đang khởi tạo trình duyệt...
[Browser] Phát hiện Chrome (Windows): Version 139

[Spider] Đang cào trang 1/10: https://batdongsan.com.vn/nha-dat-ban-ha-dong
[Spider] ✅ Thành công: Tìm thấy 30 tin đăng ở trang 1.

[Spider] Đang cào trang 2/10: https://batdongsan.com.vn/nha-dat-ban-ha-dong/p2
[Spider] ✅ Thành công: Tìm thấy 30 tin đăng ở trang 2.

[Spider] Đang cào trang 3/10: https://batdongsan.com.vn/nha-dat-ban-ha-dong/p3
[Spider] ✅ Thành công: Tìm thấy 30 tin đăng ở trang 3.

[Spider] Đang cào trang 4/10: https://batdongsan.com.vn/nha-dat-ban-ha-dong/p4
[Spider] ✅ Thành công: Tìm thấy 30 tin đăng ở trang 4.

[Spider] Đang cào trang 5/10: https://batdongsan.com.vn/nha-dat-ban-ha-dong/p5
[Spider] ✅ Thành công: Tìm thấy 30 tin đăng ở trang 5.

[Spider] Đang cào trang 6/10: https://batdongsan.com.vn/nha-dat-ban-ha-dong/p6
[Spider] ✅ Thành công: Tìm thấy 30 tin đăng ở trang 6.

[Spider] Đang cào trang 7/10: https://batdongsan.com.vn/nha-dat-ban-ha-dong/p7
[Spider] ✅ Thành công: Tìm thấy 30 tin đăng ở trang 7.

[Spider] Đang cào trang 8/10: https://batdongsan.com.vn/nha-dat-ban-ha-dong/p8
[Spider] ✅ Thành công: Tìm thấy 30 tin đăng ở trang 8.

[Spider] Đang cào trang 9/10: https://batdongsan.com.vn/nha-dat-ban-ha-dong/p9
[Spider] ✅ Thành công: Tìm thấy 30 tin đăng ở trang 9.

[Spider] Đang cào trang 10/10: https://batdongsan.com.vn/nha-dat-ban-ha-dong/p10
[Spider] ✅ Thành công: Tìm thấy 30 tin đăng ở trang 10.
[Spider] Đang gộp dữ liệu mới vào file cũ (Khớp theo tên cột)...
[Spider] Đã lưu 230 dòng mới. Tổng: 35538 dòng.
[Tue 04/07/2026 12:03:25.08] [2/3] Dang lam sach va day vao PostgreSQL... 
🔍 Đang cấu hình Database với: postgres.kkwivuufxdewurmxtsto@aws-1-ap-southeast-1.pooler.supabase.com:5432/postgres
D:\Python\realtime_estimate_tracker\src\preprocessing\cleaner.py:138: UserWarning: Parsing dates in %d/%m/%Y format when dayfirst=False (the default) was specified. Pass `dayfirst=True` or specify a format to silence this warning.
  df['scraped_date'] = pd.to_datetime(df['scraped_date'], errors='coerce')
Đang đọc dữ liệu thô...
Tổng số dòng thô: 35538
🧠 Đang áp dụng NLP trích xuất Đặc trưng...
🧠 Đang áp dụng KNN Imputer...
✅ Giữ lại 5639/35538 tin hợp lệ.
✅ Đã kết nối thành công tới PostgreSQL.
✅ Bảng 'bds_hadong' đã có PRIMARY KEY. Bỏ qua.
Đang thực hiện Upsert dữ liệu vào PostgreSQL...
🔄 Upsert thành công 5639 bản ghi vào 'bds_hadong'.
✅ Hoàn tất Pipeline ETL.
[Tue 04/07/2026 12:04:05.44] [3/3] Dang dong bo Data len GitHub... 
[main e4e224d] Auto-update Fast Pipeline: Tue 04/07/2026 12:04:08.55
 4 files changed, 645 insertions(+), 335 deletions(-)
fatal: Unable to persist credentials with the 'wincredman' credential store.
See https://aka.ms/gcm/credstores for more information.
fatal: Unable to persist credentials with the 'wincredman' credential store.
See https://aka.ms/gcm/credstores for more information.
fatal: could not read Username for 'https://github.com': terminal prompts disabled
[Tue 04/07/2026 12:04:13.10] LOI: git push that bai. 
[Tue 04/07/2026 12:04:13.12] LUONG FAST BI DUNG DO LOI 
========================================= 
[Wed 04/08/2026 12:00:02.95] BAT DAU LUONG FAST (QUET BE MAT) 
[Wed 04/08/2026 12:00:02.98] [1/3] Dang cao du lieu be mat... 
[Browser] Đang khởi tạo trình duyệt...
[Browser] Phát hiện Chrome (Windows): Version 139

[Spider] Đang cào trang 1/10: https://batdongsan.com.vn/nha-dat-ban-ha-dong
[Spider] ✅ Thành công: Tìm thấy 30 tin đăng ở trang 1.

[Spider] Đang cào trang 2/10: https://batdongsan.com.vn/nha-dat-ban-ha-dong/p2
[Spider] ✅ Thành công: Tìm thấy 30 tin đăng ở trang 2.

[Spider] Đang cào trang 3/10: https://batdongsan.com.vn/nha-dat-ban-ha-dong/p3
[Spider] ✅ Thành công: Tìm thấy 30 tin đăng ở trang 3.

[Spider] Đang cào trang 4/10: https://batdongsan.com.vn/nha-dat-ban-ha-dong/p4
[Spider] ✅ Thành công: Tìm thấy 30 tin đăng ở trang 4.

[Spider] Đang cào trang 5/10: https://batdongsan.com.vn/nha-dat-ban-ha-dong/p5
[Spider] ✅ Thành công: Tìm thấy 30 tin đăng ở trang 5.

[Spider] Đang cào trang 6/10: https://batdongsan.com.vn/nha-dat-ban-ha-dong/p6
[Spider] ✅ Thành công: Tìm thấy 30 tin đăng ở trang 6.

[Spider] Đang cào trang 7/10: https://batdongsan.com.vn/nha-dat-ban-ha-dong/p7
[Spider] ✅ Thành công: Tìm thấy 30 tin đăng ở trang 7.

[Spider] Đang cào trang 8/10: https://batdongsan.com.vn/nha-dat-ban-ha-dong/p8
[Spider] ✅ Thành công: Tìm thấy 30 tin đăng ở trang 8.

[Spider] Đang cào trang 9/10: https://batdongsan.com.vn/nha-dat-ban-ha-dong/p9
[Spider] ✅ Thành công: Tìm thấy 30 tin đăng ở trang 9.

[Spider] Đang cào trang 10/10: https://batdongsan.com.vn/nha-dat-ban-ha-dong/p10
[Spider] ✅ Thành công: Tìm thấy 30 tin đăng ở trang 10.
[Spider] Đang gộp dữ liệu mới vào file cũ (Khớp theo tên cột)...
[Spider] Đã lưu 230 dòng mới. Tổng: 35768 dòng.
[Wed 04/08/2026 12:03:38.79] [2/3] Dang lam sach va day vao PostgreSQL... 
🔍 Đang cấu hình Database với: postgres.kkwivuufxdewurmxtsto@aws-1-ap-southeast-1.pooler.supabase.com:5432/postgres
D:\Python\realtime_estimate_tracker\src\preprocessing\cleaner.py:138: UserWarning: Parsing dates in %d/%m/%Y format when dayfirst=False (the default) was specified. Pass `dayfirst=True` or specify a format to silence this warning.
  df['scraped_date'] = pd.to_datetime(df['scraped_date'], errors='coerce')
Đang đọc dữ liệu thô...
Tổng số dòng thô: 35768
🧠 Đang áp dụng NLP trích xuất Đặc trưng...
🧠 Đang áp dụng KNN Imputer...
✅ Giữ lại 5652/35768 tin hợp lệ.
✅ Đã kết nối thành công tới PostgreSQL.
✅ Bảng 'bds_hadong' đã có PRIMARY KEY. Bỏ qua.
Đang thực hiện Upsert dữ liệu vào PostgreSQL...
🔄 Upsert thành công 5652 bản ghi vào 'bds_hadong'.
✅ Hoàn tất Pipeline ETL.
[Wed 04/08/2026 12:04:20.72] [3/3] Dang dong bo Data len GitHub... 
[main a74b436] Auto-update Fast Pipeline: Wed 04/08/2026 12:04:24.09
 4 files changed, 664 insertions(+), 354 deletions(-)
fatal: Unable to persist credentials with the 'wincredman' credential store.
See https://aka.ms/gcm/credstores for more information.
fatal: Unable to persist credentials with the 'wincredman' credential store.
See https://aka.ms/gcm/credstores for more information.
fatal: could not read Username for 'https://github.com': terminal prompts disabled
[Wed 04/08/2026 12:04:27.66] LOI: git push that bai. 
[Wed 04/08/2026 12:04:27.68] LUONG FAST BI DUNG DO LOI 
========================================= 
[Wed 04/08/2026 16:22:11.23] BAT DAU LUONG FAST (QUET BE MAT) 
[Wed 04/08/2026 16:22:11.28] [1/3] Dang cao du lieu be mat... 
Traceback (most recent call last):
  File "C:\Users\User\AppData\Local\Programs\Python\Python310\lib\urllib\request.py", line 1348, in do_open
    h.request(req.get_method(), req.selector, req.data, headers,
  File "C:\Users\User\AppData\Local\Programs\Python\Python310\lib\http\client.py", line 1276, in request
    self._send_request(method, url, body, headers, encode_chunked)
  File "C:\Users\User\AppData\Local\Programs\Python\Python310\lib\http\client.py", line 1322, in _send_request
    self.endheaders(body, encode_chunked=encode_chunked)
  File "C:\Users\User\AppData\Local\Programs\Python\Python310\lib\http\client.py", line 1271, in endheaders
    self._send_output(message_body, encode_chunked=encode_chunked)
  File "C:\Users\User\AppData\Local\Programs\Python\Python310\lib\http\client.py", line 1031, in _send_output
    self.send(msg)
  File "C:\Users\User\AppData\Local\Programs\Python\Python310\lib\http\client.py", line 969, in send
    self.connect()
  File "C:\Users\User\AppData\Local\Programs\Python\Python310\lib\http\client.py", line 1448, in connect
    self.sock = self._context.wrap_socket(self.sock,
  File "C:\Users\User\AppData\Local\Programs\Python\Python310\lib\ssl.py", line 512, in wrap_socket
    return self.sslsocket_class._create(
  File "C:\Users\User\AppData\Local\Programs\Python\Python310\lib\ssl.py", line 1070, in _create
    self.do_handshake()
  File "C:\Users\User\AppData\Local\Programs\Python\Python310\lib\ssl.py", line 1341, in do_handshake
    self._sslobj.do_handshake()
FileNotFoundError: [Errno 2] No such file or directory

During handling of the above exception, another exception occurred:

Traceback (most recent call last):
  File "C:\Users\User\AppData\Local\Programs\Python\Python310\lib\runpy.py", line 196, in _run_module_as_main
    return _run_code(code, main_globals, None,
  File "C:\Users\User\AppData\Local\Programs\Python\Python310\lib\runpy.py", line 86, in _run_code
    exec(code, run_globals)
  File "D:\Python\realtime_estimate_tracker\src\data_loader\spider.py", line 193, in <module>
    data = run_crawler(pages=10)
  File "D:\Python\realtime_estimate_tracker\src\data_loader\spider.py", line 109, in run_crawler
    driver = init_driver()
  File "D:\Python\realtime_estimate_tracker\src\data_loader\browser.py", line 99, in init_driver
    raise e
  File "D:\Python\realtime_estimate_tracker\src\data_loader\browser.py", line 88, in init_driver
    driver = uc.Chrome(
  File "D:\Python\realtime_estimate_tracker\venv_bds\lib\site-packages\undetected_chromedriver\__init__.py", line 258, in __init__
    self.patcher.auto()
  File "D:\Python\realtime_estimate_tracker\venv_bds\lib\site-packages\undetected_chromedriver\patcher.py", line 175, in auto
    release = self.fetch_release_number()
  File "D:\Python\realtime_estimate_tracker\venv_bds\lib\site-packages\undetected_chromedriver\patcher.py", line 259, in fetch_release_number
    with urlopen(self.url_repo + path) as conn:
  File "C:\Users\User\AppData\Local\Programs\Python\Python310\lib\urllib\request.py", line 216, in urlopen
    return opener.open(url, data, timeout)
  File "C:\Users\User\AppData\Local\Programs\Python\Python310\lib\urllib\request.py", line 519, in open
    response = self._open(req, data)
  File "C:\Users\User\AppData\Local\Programs\Python\Python310\lib\urllib\request.py", line 536, in _open
    result = self._call_chain(self.handle_open, protocol, protocol +
  File "C:\Users\User\AppData\Local\Programs\Python\Python310\lib\urllib\request.py", line 496, in _call_chain
    result = func(*args)
  File "C:\Users\User\AppData\Local\Programs\Python\Python310\lib\urllib\request.py", line 1391, in https_open
    return self.do_open(http.client.HTTPSConnection, req,
  File "C:\Users\User\AppData\Local\Programs\Python\Python310\lib\urllib\request.py", line 1351, in do_open
    raise URLError(err)
urllib.error.URLError: <urlopen error [Errno 2] No such file or directory>
[Browser] Đang khởi tạo trình duyệt...
[Browser] Phát hiện Chrome (Windows): Version 139
[Browser] Lỗi khởi tạo driver: <urlopen error [Errno 2] No such file or directory>
[Wed 04/08/2026 16:22:48.41] LOI: Spider that bai. Dung pipeline. 
[Wed 04/08/2026 16:22:49.18] LUONG FAST BI DUNG DO LOI 
========================================= 
[Wed 04/08/2026 16:53:07.54] BAT DAU LUONG FAST (QUET BE MAT) 
[Wed 04/08/2026 16:53:07.65] [1/3] Dang cao du lieu be mat... 
Traceback (most recent call last):
  File "C:\Users\User\AppData\Local\Programs\Python\Python310\lib\urllib\request.py", line 1348, in do_open
    h.request(req.get_method(), req.selector, req.data, headers,
  File "C:\Users\User\AppData\Local\Programs\Python\Python310\lib\http\client.py", line 1276, in request
    self._send_request(method, url, body, headers, encode_chunked)
  File "C:\Users\User\AppData\Local\Programs\Python\Python310\lib\http\client.py", line 1322, in _send_request
    self.endheaders(body, encode_chunked=encode_chunked)
  File "C:\Users\User\AppData\Local\Programs\Python\Python310\lib\http\client.py", line 1271, in endheaders
    self._send_output(message_body, encode_chunked=encode_chunked)
  File "C:\Users\User\AppData\Local\Programs\Python\Python310\lib\http\client.py", line 1031, in _send_output
    self.send(msg)
  File "C:\Users\User\AppData\Local\Programs\Python\Python310\lib\http\client.py", line 969, in send
    self.connect()
  File "C:\Users\User\AppData\Local\Programs\Python\Python310\lib\http\client.py", line 1448, in connect
    self.sock = self._context.wrap_socket(self.sock,
  File "C:\Users\User\AppData\Local\Programs\Python\Python310\lib\ssl.py", line 512, in wrap_socket
    return self.sslsocket_class._create(
  File "C:\Users\User\AppData\Local\Programs\Python\Python310\lib\ssl.py", line 1070, in _create
    self.do_handshake()
  File "C:\Users\User\AppData\Local\Programs\Python\Python310\lib\ssl.py", line 1341, in do_handshake
    self._sslobj.do_handshake()
ssl.SSLEOFError: EOF occurred in violation of protocol (_ssl.c:997)

During handling of the above exception, another exception occurred:

Traceback (most recent call last):
  File "C:\Users\User\AppData\Local\Programs\Python\Python310\lib\runpy.py", line 196, in _run_module_as_main
    return _run_code(code, main_globals, None,
  File "C:\Users\User\AppData\Local\Programs\Python\Python310\lib\runpy.py", line 86, in _run_code
    exec(code, run_globals)
  File "D:\Python\realtime_estimate_tracker\src\data_loader\spider.py", line 193, in <module>
    data = run_crawler(pages=10)
  File "D:\Python\realtime_estimate_tracker\src\data_loader\spider.py", line 109, in run_crawler
    driver = init_driver()
  File "D:\Python\realtime_estimate_tracker\src\data_loader\browser.py", line 99, in init_driver
    raise e
  File "D:\Python\realtime_estimate_tracker\src\data_loader\browser.py", line 88, in init_driver
    driver = uc.Chrome(
  File "D:\Python\realtime_estimate_tracker\venv_bds\lib\site-packages\undetected_chromedriver\__init__.py", line 258, in __init__
    self.patcher.auto()
  File "D:\Python\realtime_estimate_tracker\venv_bds\lib\site-packages\undetected_chromedriver\patcher.py", line 175, in auto
    release = self.fetch_release_number()
  File "D:\Python\realtime_estimate_tracker\venv_bds\lib\site-packages\undetected_chromedriver\patcher.py", line 259, in fetch_release_number
    with urlopen(self.url_repo + path) as conn:
  File "C:\Users\User\AppData\Local\Programs\Python\Python310\lib\urllib\request.py", line 216, in urlopen
    return opener.open(url, data, timeout)
  File "C:\Users\User\AppData\Local\Programs\Python\Python310\lib\urllib\request.py", line 519, in open
    response = self._open(req, data)
  File "C:\Users\User\AppData\Local\Programs\Python\Python310\lib\urllib\request.py", line 536, in _open
    result = self._call_chain(self.handle_open, protocol, protocol +
  File "C:\Users\User\AppData\Local\Programs\Python\Python310\lib\urllib\request.py", line 496, in _call_chain
    result = func(*args)
  File "C:\Users\User\AppData\Local\Programs\Python\Python310\lib\urllib\request.py", line 1391, in https_open
    return self.do_open(http.client.HTTPSConnection, req,
  File "C:\Users\User\AppData\Local\Programs\Python\Python310\lib\urllib\request.py", line 1351, in do_open
    raise URLError(err)
urllib.error.URLError: <urlopen error EOF occurred in violation of protocol (_ssl.c:997)>
[Browser] Đang khởi tạo trình duyệt...
[Browser] Phát hiện Chrome (Windows): Version 139
[Browser] Lỗi khởi tạo driver: <urlopen error EOF occurred in violation of protocol (_ssl.c:997)>
[Wed 04/08/2026 16:53:29.27] LOI: Spider that bai. Dung pipeline. 
[Wed 04/08/2026 16:53:29.32] LUONG FAST BI DUNG DO LOI 
========================================= 
[Thu 04/09/2026 12:00:02.75] BAT DAU LUONG FAST (QUET BE MAT) 
[Thu 04/09/2026 12:00:02.77] [1/3] Dang cao du lieu be mat... 
[Browser] Đang khởi tạo trình duyệt...
[Browser] Phát hiện Chrome (Windows): Version 139

[Spider] Đang cào trang 1/10: https://batdongsan.com.vn/nha-dat-ban-ha-dong
[Spider] ✅ Thành công: Tìm thấy 30 tin đăng ở trang 1.

[Spider] Đang cào trang 2/10: https://batdongsan.com.vn/nha-dat-ban-ha-dong/p2
[Spider] ✅ Thành công: Tìm thấy 30 tin đăng ở trang 2.

[Spider] Đang cào trang 3/10: https://batdongsan.com.vn/nha-dat-ban-ha-dong/p3
[Spider] ✅ Thành công: Tìm thấy 30 tin đăng ở trang 3.

[Spider] Đang cào trang 4/10: https://batdongsan.com.vn/nha-dat-ban-ha-dong/p4
[Spider] ✅ Thành công: Tìm thấy 30 tin đăng ở trang 4.

[Spider] Đang cào trang 5/10: https://batdongsan.com.vn/nha-dat-ban-ha-dong/p5
[Spider] ✅ Thành công: Tìm thấy 30 tin đăng ở trang 5.

[Spider] Đang cào trang 6/10: https://batdongsan.com.vn/nha-dat-ban-ha-dong/p6
[Spider] ✅ Thành công: Tìm thấy 30 tin đăng ở trang 6.

[Spider] Đang cào trang 7/10: https://batdongsan.com.vn/nha-dat-ban-ha-dong/p7
[Spider] ✅ Thành công: Tìm thấy 30 tin đăng ở trang 7.

[Spider] Đang cào trang 8/10: https://batdongsan.com.vn/nha-dat-ban-ha-dong/p8
[Spider] ✅ Thành công: Tìm thấy 30 tin đăng ở trang 8.

[Spider] Đang cào trang 9/10: https://batdongsan.com.vn/nha-dat-ban-ha-dong/p9
[Spider] ✅ Thành công: Tìm thấy 30 tin đăng ở trang 9.

[Spider] Đang cào trang 10/10: https://batdongsan.com.vn/nha-dat-ban-ha-dong/p10
[Spider] ✅ Thành công: Tìm thấy 30 tin đăng ở trang 10.
[Spider] Đang gộp dữ liệu mới vào file cũ (Khớp theo tên cột)...
[Spider] Đã lưu 230 dòng mới. Tổng: 36228 dòng.
[Thu 04/09/2026 12:03:27.09] [2/3] Dang lam sach va day vao PostgreSQL... 
🔍 Đang cấu hình Database với: postgres.kkwivuufxdewurmxtsto@aws-1-ap-southeast-1.pooler.supabase.com:5432/postgres
D:\Python\realtime_estimate_tracker\src\preprocessing\cleaner.py:138: UserWarning: Parsing dates in %d/%m/%Y format when dayfirst=False (the default) was specified. Pass `dayfirst=True` or specify a format to silence this warning.
  df['scraped_date'] = pd.to_datetime(df['scraped_date'], errors='coerce')
Đang đọc dữ liệu thô...
Tổng số dòng thô: 36228
🧠 Đang áp dụng NLP trích xuất Đặc trưng...
🧠 Đang áp dụng KNN Imputer...
✅ Giữ lại 5667/36228 tin hợp lệ.
✅ Đã kết nối thành công tới PostgreSQL.
✅ Bảng 'bds_hadong' đã có PRIMARY KEY. Bỏ qua.
Đang thực hiện Upsert dữ liệu vào PostgreSQL...
🔄 Upsert thành công 5667 bản ghi vào 'bds_hadong'.
✅ Hoàn tất Pipeline ETL.
[Thu 04/09/2026 12:04:08.85] [3/3] Dang dong bo Data len GitHub... 
[main 48024b2] Auto-update Fast Pipeline: Thu 04/09/2026 12:04:12.31
 4 files changed, 927 insertions(+), 378 deletions(-)
fatal: Unable to persist credentials with the 'wincredman' credential store.
See https://aka.ms/gcm/credstores for more information.
fatal: Unable to persist credentials with the 'wincredman' credential store.
See https://aka.ms/gcm/credstores for more information.
fatal: could not read Username for 'https://github.com': terminal prompts disabled
[Thu 04/09/2026 12:04:16.97] LOI: git push that bai. 
[Thu 04/09/2026 12:04:17.01] LUONG FAST BI DUNG DO LOI 
========================================= 
[Fri 04/10/2026 16:11:04.49] BAT DAU LUONG FAST (QUET BE MAT) 
[Fri 04/10/2026 16:11:04.52] [1/3] Dang cao du lieu be mat... 
[Browser] Đang khởi tạo trình duyệt...
[Browser] Phát hiện Chrome (Windows): Version 139

[Spider] Đang cào trang 1/10: https://batdongsan.com.vn/nha-dat-ban-ha-dong
[Spider] ✅ Thành công: Tìm thấy 30 tin đăng ở trang 1.

[Spider] Đang cào trang 2/10: https://batdongsan.com.vn/nha-dat-ban-ha-dong/p2
[Spider] ✅ Thành công: Tìm thấy 30 tin đăng ở trang 2.

[Spider] Đang cào trang 3/10: https://batdongsan.com.vn/nha-dat-ban-ha-dong/p3
[Spider] ✅ Thành công: Tìm thấy 30 tin đăng ở trang 3.

[Spider] Đang cào trang 4/10: https://batdongsan.com.vn/nha-dat-ban-ha-dong/p4
[Spider] ✅ Thành công: Tìm thấy 30 tin đăng ở trang 4.

[Spider] Đang cào trang 5/10: https://batdongsan.com.vn/nha-dat-ban-ha-dong/p5
[Spider] ✅ Thành công: Tìm thấy 30 tin đăng ở trang 5.

[Spider] Đang cào trang 6/10: https://batdongsan.com.vn/nha-dat-ban-ha-dong/p6
[Spider] ✅ Thành công: Tìm thấy 30 tin đăng ở trang 6.

[Spider] Đang cào trang 7/10: https://batdongsan.com.vn/nha-dat-ban-ha-dong/p7
[Spider] ✅ Thành công: Tìm thấy 30 tin đăng ở trang 7.

[Spider] Đang cào trang 8/10: https://batdongsan.com.vn/nha-dat-ban-ha-dong/p8
[Spider] ✅ Thành công: Tìm thấy 30 tin đăng ở trang 8.

[Spider] Đang cào trang 9/10: https://batdongsan.com.vn/nha-dat-ban-ha-dong/p9
[Spider] ✅ Thành công: Tìm thấy 30 tin đăng ở trang 9.

[Spider] Đang cào trang 10/10: https://batdongsan.com.vn/nha-dat-ban-ha-dong/p10
[Spider] ✅ Thành công: Tìm thấy 30 tin đăng ở trang 10.
[Spider] Đang gộp dữ liệu mới vào file cũ (Khớp theo tên cột)...
[Spider] Đã lưu 230 dòng mới. Tổng: 36458 dòng.
[Fri 04/10/2026 16:17:02.51] [2/3] Dang lam sach va day vao PostgreSQL... 
🔍 Đang cấu hình Database với: postgres.kkwivuufxdewurmxtsto@aws-1-ap-southeast-1.pooler.supabase.com:5432/postgres
D:\Python\realtime_estimate_tracker\src\preprocessing\cleaner.py:138: UserWarning: Parsing dates in %d/%m/%Y format when dayfirst=False (the default) was specified. Pass `dayfirst=True` or specify a format to silence this warning.
  df['scraped_date'] = pd.to_datetime(df['scraped_date'], errors='coerce')
Đang đọc dữ liệu thô...
Tổng số dòng thô: 36458
🧠 Đang áp dụng NLP trích xuất Đặc trưng...
🧠 Đang áp dụng KNN Imputer...
✅ Giữ lại 5691/36458 tin hợp lệ.
✅ Đã kết nối thành công tới PostgreSQL.
✅ Bảng 'bds_hadong' đã có PRIMARY KEY. Bỏ qua.
Đang thực hiện Upsert dữ liệu vào PostgreSQL...
🔄 Upsert thành công 5691 bản ghi vào 'bds_hadong'.
✅ Hoàn tất Pipeline ETL.
[Fri 04/10/2026 16:18:21.00] [3/3] Dang dong bo Data len GitHub... 
[main caed5e7] Auto-update Fast Pipeline: Fri 04/10/2026 16:18:25.13
 4 files changed, 689 insertions(+), 369 deletions(-)
fatal: Unable to persist credentials with the 'wincredman' credential store.
See https://aka.ms/gcm/credstores for more information.
fatal: Unable to persist credentials with the 'wincredman' credential store.
See https://aka.ms/gcm/credstores for more information.
fatal: could not read Username for 'https://github.com': terminal prompts disabled
[Fri 04/10/2026 16:18:28.90] LOI: git push that bai. 
[Fri 04/10/2026 16:18:28.97] LUONG FAST BI DUNG DO LOI 
========================================= 
[Sat 04/11/2026 12:00:02.92] BAT DAU LUONG FAST (QUET BE MAT) 
[Sat 04/11/2026 12:00:02.94] [1/3] Dang cao du lieu be mat... 
[Browser] Đang khởi tạo trình duyệt...
[Browser] Phát hiện Chrome (Windows): Version 139

[Spider] Đang cào trang 1/10: https://batdongsan.com.vn/nha-dat-ban-ha-dong
[Spider] ✅ Thành công: Tìm thấy 30 tin đăng ở trang 1.

[Spider] Đang cào trang 2/10: https://batdongsan.com.vn/nha-dat-ban-ha-dong/p2
[Spider] ✅ Thành công: Tìm thấy 30 tin đăng ở trang 2.

[Spider] Đang cào trang 3/10: https://batdongsan.com.vn/nha-dat-ban-ha-dong/p3
[Spider] ✅ Thành công: Tìm thấy 30 tin đăng ở trang 3.

[Spider] Đang cào trang 4/10: https://batdongsan.com.vn/nha-dat-ban-ha-dong/p4
[Spider] ✅ Thành công: Tìm thấy 30 tin đăng ở trang 4.

[Spider] Đang cào trang 5/10: https://batdongsan.com.vn/nha-dat-ban-ha-dong/p5
[Spider] ✅ Thành công: Tìm thấy 30 tin đăng ở trang 5.

[Spider] Đang cào trang 6/10: https://batdongsan.com.vn/nha-dat-ban-ha-dong/p6
[Spider] ✅ Thành công: Tìm thấy 30 tin đăng ở trang 6.

[Spider] Đang cào trang 7/10: https://batdongsan.com.vn/nha-dat-ban-ha-dong/p7
[Spider] ✅ Thành công: Tìm thấy 30 tin đăng ở trang 7.

[Spider] Đang cào trang 8/10: https://batdongsan.com.vn/nha-dat-ban-ha-dong/p8
[Spider] ✅ Thành công: Tìm thấy 30 tin đăng ở trang 8.

[Spider] Đang cào trang 9/10: https://batdongsan.com.vn/nha-dat-ban-ha-dong/p9
[Spider] ✅ Thành công: Tìm thấy 30 tin đăng ở trang 9.

[Spider] Đang cào trang 10/10: https://batdongsan.com.vn/nha-dat-ban-ha-dong/p10
[Spider] ✅ Thành công: Tìm thấy 30 tin đăng ở trang 10.
[Spider] Đang gộp dữ liệu mới vào file cũ (Khớp theo tên cột)...
[Spider] Đã lưu 230 dòng mới. Tổng: 36688 dòng.
[Sat 04/11/2026 12:03:33.97] [2/3] Dang lam sach va day vao PostgreSQL... 
🔍 Đang cấu hình Database với: postgres.kkwivuufxdewurmxtsto@aws-1-ap-southeast-1.pooler.supabase.com:5432/postgres
D:\Python\realtime_estimate_tracker\src\preprocessing\cleaner.py:138: UserWarning: Parsing dates in %d/%m/%Y format when dayfirst=False (the default) was specified. Pass `dayfirst=True` or specify a format to silence this warning.
  df['scraped_date'] = pd.to_datetime(df['scraped_date'], errors='coerce')
Đang đọc dữ liệu thô...
Tổng số dòng thô: 36688
🧠 Đang áp dụng NLP trích xuất Đặc trưng...
🧠 Đang áp dụng KNN Imputer...
✅ Giữ lại 5703/36688 tin hợp lệ.
✅ Đã kết nối thành công tới PostgreSQL.
✅ Bảng 'bds_hadong' đã có PRIMARY KEY. Bỏ qua.
Đang thực hiện Upsert dữ liệu vào PostgreSQL...
🔄 Upsert thành công 5703 bản ghi vào 'bds_hadong'.
✅ Hoàn tất Pipeline ETL.
[Sat 04/11/2026 12:04:16.01] [3/3] Dang dong bo Data len GitHub... 
[main d09a83e] Auto-update Fast Pipeline: Sat 04/11/2026 12:04:19.98
 4 files changed, 638 insertions(+), 330 deletions(-)
fatal: Unable to persist credentials with the 'wincredman' credential store.
See https://aka.ms/gcm/credstores for more information.
fatal: Unable to persist credentials with the 'wincredman' credential store.
See https://aka.ms/gcm/credstores for more information.
fatal: could not read Username for 'https://github.com': terminal prompts disabled
[Sat 04/11/2026 12:04:24.21] LOI: git push that bai. 
[Sat 04/11/2026 12:04:24.22] LUONG FAST BI DUNG DO LOI 
========================================= 
[Sun 04/12/2026 12:00:02.63] BAT DAU LUONG FAST (QUET BE MAT) 
[Sun 04/12/2026 12:00:02.66] [1/3] Dang cao du lieu be mat... 
[Browser] Đang khởi tạo trình duyệt...
[Browser] Phát hiện Chrome (Windows): Version 139

[Spider] Đang cào trang 1/10: https://batdongsan.com.vn/nha-dat-ban-ha-dong
[Spider] ✅ Thành công: Tìm thấy 30 tin đăng ở trang 1.

[Spider] Đang cào trang 2/10: https://batdongsan.com.vn/nha-dat-ban-ha-dong/p2
[Spider] ✅ Thành công: Tìm thấy 30 tin đăng ở trang 2.

[Spider] Đang cào trang 3/10: https://batdongsan.com.vn/nha-dat-ban-ha-dong/p3
[Spider] ✅ Thành công: Tìm thấy 30 tin đăng ở trang 3.

[Spider] Đang cào trang 4/10: https://batdongsan.com.vn/nha-dat-ban-ha-dong/p4
[Spider] ✅ Thành công: Tìm thấy 30 tin đăng ở trang 4.

[Spider] Đang cào trang 5/10: https://batdongsan.com.vn/nha-dat-ban-ha-dong/p5
[Spider] ✅ Thành công: Tìm thấy 30 tin đăng ở trang 5.

[Spider] Đang cào trang 6/10: https://batdongsan.com.vn/nha-dat-ban-ha-dong/p6
[Spider] ✅ Thành công: Tìm thấy 30 tin đăng ở trang 6.

[Spider] Đang cào trang 7/10: https://batdongsan.com.vn/nha-dat-ban-ha-dong/p7
[Spider] ✅ Thành công: Tìm thấy 30 tin đăng ở trang 7.

[Spider] Đang cào trang 8/10: https://batdongsan.com.vn/nha-dat-ban-ha-dong/p8
[Spider] ✅ Thành công: Tìm thấy 30 tin đăng ở trang 8.

[Spider] Đang cào trang 9/10: https://batdongsan.com.vn/nha-dat-ban-ha-dong/p9
[Spider] ✅ Thành công: Tìm thấy 30 tin đăng ở trang 9.

[Spider] Đang cào trang 10/10: https://batdongsan.com.vn/nha-dat-ban-ha-dong/p10
[Spider] ✅ Thành công: Tìm thấy 30 tin đăng ở trang 10.
[Spider] Đang gộp dữ liệu mới vào file cũ (Khớp theo tên cột)...
[Spider] Đã lưu 230 dòng mới. Tổng: 36918 dòng.
[Sun 04/12/2026 12:03:29.13] [2/3] Dang lam sach va day vao PostgreSQL... 
🔍 Đang cấu hình Database với: postgres.kkwivuufxdewurmxtsto@aws-1-ap-southeast-1.pooler.supabase.com:5432/postgres
D:\Python\realtime_estimate_tracker\src\preprocessing\cleaner.py:138: UserWarning: Parsing dates in %d/%m/%Y format when dayfirst=False (the default) was specified. Pass `dayfirst=True` or specify a format to silence this warning.
  df['scraped_date'] = pd.to_datetime(df['scraped_date'], errors='coerce')
Đang đọc dữ liệu thô...
Tổng số dòng thô: 36918
🧠 Đang áp dụng NLP trích xuất Đặc trưng...
🧠 Đang áp dụng KNN Imputer...
✅ Giữ lại 5708/36918 tin hợp lệ.
✅ Đã kết nối thành công tới PostgreSQL.
✅ Bảng 'bds_hadong' đã có PRIMARY KEY. Bỏ qua.
Đang thực hiện Upsert dữ liệu vào PostgreSQL...
🔄 Upsert thành công 5708 bản ghi vào 'bds_hadong'.
✅ Hoàn tất Pipeline ETL.
[Sun 04/12/2026 12:04:11.75] [3/3] Dang dong bo Data len GitHub... 
[main eff0731] Auto-update Fast Pipeline: Sun 04/12/2026 12:04:15.47
 4 files changed, 612 insertions(+), 312 deletions(-)
fatal: Unable to persist credentials with the 'wincredman' credential store.
See https://aka.ms/gcm/credstores for more information.
fatal: Unable to persist credentials with the 'wincredman' credential store.
See https://aka.ms/gcm/credstores for more information.
fatal: could not read Username for 'https://github.com': terminal prompts disabled
[Sun 04/12/2026 12:04:18.67] LOI: git push that bai. 
[Sun 04/12/2026 12:04:18.69] LUONG FAST BI DUNG DO LOI 
========================================= 
[Mon 04/13/2026 12:01:01.81] BAT DAU LUONG FAST (QUET BE MAT) 
[Mon 04/13/2026 12:01:01.84] [1/3] Dang cao du lieu be mat... 
Traceback (most recent call last):
  File "C:\Users\User\AppData\Local\Programs\Python\Python310\lib\urllib\request.py", line 1348, in do_open
    h.request(req.get_method(), req.selector, req.data, headers,
  File "C:\Users\User\AppData\Local\Programs\Python\Python310\lib\http\client.py", line 1276, in request
    self._send_request(method, url, body, headers, encode_chunked)
  File "C:\Users\User\AppData\Local\Programs\Python\Python310\lib\http\client.py", line 1322, in _send_request
    self.endheaders(body, encode_chunked=encode_chunked)
  File "C:\Users\User\AppData\Local\Programs\Python\Python310\lib\http\client.py", line 1271, in endheaders
    self._send_output(message_body, encode_chunked=encode_chunked)
  File "C:\Users\User\AppData\Local\Programs\Python\Python310\lib\http\client.py", line 1031, in _send_output
    self.send(msg)
  File "C:\Users\User\AppData\Local\Programs\Python\Python310\lib\http\client.py", line 969, in send
    self.connect()
  File "C:\Users\User\AppData\Local\Programs\Python\Python310\lib\http\client.py", line 1441, in connect
    super().connect()
  File "C:\Users\User\AppData\Local\Programs\Python\Python310\lib\http\client.py", line 940, in connect
    self.sock = self._create_connection(
  File "C:\Users\User\AppData\Local\Programs\Python\Python310\lib\socket.py", line 824, in create_connection
    for res in getaddrinfo(host, port, 0, SOCK_STREAM):
  File "C:\Users\User\AppData\Local\Programs\Python\Python310\lib\socket.py", line 955, in getaddrinfo
    for res in _socket.getaddrinfo(host, port, family, type, proto, flags):
socket.gaierror: [Errno 11001] getaddrinfo failed

During handling of the above exception, another exception occurred:

Traceback (most recent call last):
  File "C:\Users\User\AppData\Local\Programs\Python\Python310\lib\runpy.py", line 196, in _run_module_as_main
    return _run_code(code, main_globals, None,
  File "C:\Users\User\AppData\Local\Programs\Python\Python310\lib\runpy.py", line 86, in _run_code
    exec(code, run_globals)
  File "D:\Python\realtime_estimate_tracker\src\data_loader\spider.py", line 193, in <module>
    data = run_crawler(pages=10)
  File "D:\Python\realtime_estimate_tracker\src\data_loader\spider.py", line 109, in run_crawler
    driver = init_driver()
  File "D:\Python\realtime_estimate_tracker\src\data_loader\browser.py", line 99, in init_driver
    raise e
  File "D:\Python\realtime_estimate_tracker\src\data_loader\browser.py", line 88, in init_driver
    driver = uc.Chrome(
  File "D:\Python\realtime_estimate_tracker\venv_bds\lib\site-packages\undetected_chromedriver\__init__.py", line 258, in __init__
    self.patcher.auto()
  File "D:\Python\realtime_estimate_tracker\venv_bds\lib\site-packages\undetected_chromedriver\patcher.py", line 175, in auto
    release = self.fetch_release_number()
  File "D:\Python\realtime_estimate_tracker\venv_bds\lib\site-packages\undetected_chromedriver\patcher.py", line 259, in fetch_release_number
    with urlopen(self.url_repo + path) as conn:
  File "C:\Users\User\AppData\Local\Programs\Python\Python310\lib\urllib\request.py", line 216, in urlopen
    return opener.open(url, data, timeout)
  File "C:\Users\User\AppData\Local\Programs\Python\Python310\lib\urllib\request.py", line 519, in open
    response = self._open(req, data)
  File "C:\Users\User\AppData\Local\Programs\Python\Python310\lib\urllib\request.py", line 536, in _open
    result = self._call_chain(self.handle_open, protocol, protocol +
  File "C:\Users\User\AppData\Local\Programs\Python\Python310\lib\urllib\request.py", line 496, in _call_chain
    result = func(*args)
  File "C:\Users\User\AppData\Local\Programs\Python\Python310\lib\urllib\request.py", line 1391, in https_open
    return self.do_open(http.client.HTTPSConnection, req,
  File "C:\Users\User\AppData\Local\Programs\Python\Python310\lib\urllib\request.py", line 1351, in do_open
    raise URLError(err)
urllib.error.URLError: <urlopen error [Errno 11001] getaddrinfo failed>
[Browser] Đang khởi tạo trình duyệt...
[Browser] Phát hiện Chrome (Windows): Version 139
[Browser] Lỗi khởi tạo driver: <urlopen error [Errno 11001] getaddrinfo failed>
[Mon 04/13/2026 12:01:22.16] LOI: Spider that bai. Dung pipeline. 
[Mon 04/13/2026 12:01:22.42] LUONG FAST BI DUNG DO LOI 
========================================= 
[Tue 04/14/2026 12:00:03.98] BAT DAU LUONG FAST (QUET BE MAT) 
[Tue 04/14/2026 12:00:04.03] [1/3] Dang cao du lieu be mat... 
[Browser] Đang khởi tạo trình duyệt...
[Browser] Phát hiện Chrome (Windows): Version 139

[Spider] Đang cào trang 1/10: https://batdongsan.com.vn/nha-dat-ban-ha-dong
[Spider] ✅ Thành công: Tìm thấy 30 tin đăng ở trang 1.

[Spider] Đang cào trang 2/10: https://batdongsan.com.vn/nha-dat-ban-ha-dong/p2
[Spider] ✅ Thành công: Tìm thấy 30 tin đăng ở trang 2.

[Spider] Đang cào trang 3/10: https://batdongsan.com.vn/nha-dat-ban-ha-dong/p3
[Spider] ✅ Thành công: Tìm thấy 30 tin đăng ở trang 3.

[Spider] Đang cào trang 4/10: https://batdongsan.com.vn/nha-dat-ban-ha-dong/p4
[Spider] ✅ Thành công: Tìm thấy 30 tin đăng ở trang 4.

[Spider] Đang cào trang 5/10: https://batdongsan.com.vn/nha-dat-ban-ha-dong/p5
[Spider] ✅ Thành công: Tìm thấy 30 tin đăng ở trang 5.

[Spider] Đang cào trang 6/10: https://batdongsan.com.vn/nha-dat-ban-ha-dong/p6
[Spider] ✅ Thành công: Tìm thấy 30 tin đăng ở trang 6.

[Spider] Đang cào trang 7/10: https://batdongsan.com.vn/nha-dat-ban-ha-dong/p7
[Spider] ✅ Thành công: Tìm thấy 30 tin đăng ở trang 7.

[Spider] Đang cào trang 8/10: https://batdongsan.com.vn/nha-dat-ban-ha-dong/p8
[Spider] ✅ Thành công: Tìm thấy 30 tin đăng ở trang 8.

[Spider] Đang cào trang 9/10: https://batdongsan.com.vn/nha-dat-ban-ha-dong/p9
[Spider] ✅ Thành công: Tìm thấy 30 tin đăng ở trang 9.

[Spider] Đang cào trang 10/10: https://batdongsan.com.vn/nha-dat-ban-ha-dong/p10
[Spider] ✅ Thành công: Tìm thấy 30 tin đăng ở trang 10.
[Spider] Đang gộp dữ liệu mới vào file cũ (Khớp theo tên cột)...
[Spider] Đã lưu 230 dòng mới. Tổng: 37148 dòng.
[Tue 04/14/2026 12:03:56.93] [2/3] Dang lam sach va day vao PostgreSQL... 
🔍 Đang cấu hình Database với: postgres.kkwivuufxdewurmxtsto@aws-1-ap-southeast-1.pooler.supabase.com:5432/postgres
D:\Python\realtime_estimate_tracker\src\preprocessing\cleaner.py:138: UserWarning: Parsing dates in %d/%m/%Y format when dayfirst=False (the default) was specified. Pass `dayfirst=True` or specify a format to silence this warning.
  df['scraped_date'] = pd.to_datetime(df['scraped_date'], errors='coerce')
Đang đọc dữ liệu thô...
Tổng số dòng thô: 37148
🧠 Đang áp dụng NLP trích xuất Đặc trưng...
🧠 Đang áp dụng KNN Imputer...
✅ Giữ lại 5739/37148 tin hợp lệ.
✅ Đã kết nối thành công tới PostgreSQL.
✅ Bảng 'bds_hadong' đã có PRIMARY KEY. Bỏ qua.
Đang thực hiện Upsert dữ liệu vào PostgreSQL...
🔄 Upsert thành công 5739 bản ghi vào 'bds_hadong'.
✅ Hoàn tất Pipeline ETL.
[Tue 04/14/2026 12:04:49.25] [3/3] Dang dong bo Data len GitHub... 
[main 56c28f4] Auto-update Fast Pipeline: Tue 04/14/2026 12:04:53.74
 4 files changed, 739 insertions(+), 412 deletions(-)
fatal: Unable to persist credentials with the 'wincredman' credential store.
See https://aka.ms/gcm/credstores for more information.
fatal: Unable to persist credentials with the 'wincredman' credential store.
See https://aka.ms/gcm/credstores for more information.
fatal: could not read Username for 'https://github.com': terminal prompts disabled
[Tue 04/14/2026 12:04:57.15] LOI: git push that bai. 
[Tue 04/14/2026 12:04:57.17] LUONG FAST BI DUNG DO LOI 
========================================= 
[Wed 04/15/2026 12:00:05.43] BAT DAU LUONG FAST (QUET BE MAT) 
[Wed 04/15/2026 12:00:05.45] [1/3] Dang cao du lieu be mat... 
[Browser] Đang khởi tạo trình duyệt...
[Browser] Phát hiện Chrome (Windows): Version 139

[Spider] Đang cào trang 1/10: https://batdongsan.com.vn/nha-dat-ban-ha-dong
[Spider] ✅ Thành công: Tìm thấy 30 tin đăng ở trang 1.

[Spider] Đang cào trang 2/10: https://batdongsan.com.vn/nha-dat-ban-ha-dong/p2
[Spider] ✅ Thành công: Tìm thấy 30 tin đăng ở trang 2.

[Spider] Đang cào trang 3/10: https://batdongsan.com.vn/nha-dat-ban-ha-dong/p3
[Spider] ✅ Thành công: Tìm thấy 30 tin đăng ở trang 3.

[Spider] Đang cào trang 4/10: https://batdongsan.com.vn/nha-dat-ban-ha-dong/p4
[Spider] ✅ Thành công: Tìm thấy 30 tin đăng ở trang 4.

[Spider] Đang cào trang 5/10: https://batdongsan.com.vn/nha-dat-ban-ha-dong/p5
[Spider] ✅ Thành công: Tìm thấy 30 tin đăng ở trang 5.

[Spider] Đang cào trang 6/10: https://batdongsan.com.vn/nha-dat-ban-ha-dong/p6
[Spider] ✅ Thành công: Tìm thấy 30 tin đăng ở trang 6.

[Spider] Đang cào trang 7/10: https://batdongsan.com.vn/nha-dat-ban-ha-dong/p7
[Spider] ✅ Thành công: Tìm thấy 30 tin đăng ở trang 7.

[Spider] Đang cào trang 8/10: https://batdongsan.com.vn/nha-dat-ban-ha-dong/p8
[Spider] ✅ Thành công: Tìm thấy 30 tin đăng ở trang 8.

[Spider] Đang cào trang 9/10: https://batdongsan.com.vn/nha-dat-ban-ha-dong/p9
[Spider] ✅ Thành công: Tìm thấy 30 tin đăng ở trang 9.

[Spider] Đang cào trang 10/10: https://batdongsan.com.vn/nha-dat-ban-ha-dong/p10
[Spider] ✅ Thành công: Tìm thấy 30 tin đăng ở trang 10.
[Spider] Đang gộp dữ liệu mới vào file cũ (Khớp theo tên cột)...
[Spider] Đã lưu 230 dòng mới. Tổng: 37378 dòng.
[Wed 04/15/2026 12:03:27.28] [2/3] Dang lam sach va day vao PostgreSQL... 
🔍 Đang cấu hình Database với: postgres.kkwivuufxdewurmxtsto@aws-1-ap-southeast-1.pooler.supabase.com:5432/postgres
D:\Python\realtime_estimate_tracker\src\preprocessing\cleaner.py:138: UserWarning: Parsing dates in %d/%m/%Y format when dayfirst=False (the default) was specified. Pass `dayfirst=True` or specify a format to silence this warning.
  df['scraped_date'] = pd.to_datetime(df['scraped_date'], errors='coerce')
Đang đọc dữ liệu thô...
Tổng số dòng thô: 37378
🧠 Đang áp dụng NLP trích xuất Đặc trưng...
🧠 Đang áp dụng KNN Imputer...
✅ Giữ lại 5753/37378 tin hợp lệ.
✅ Đã kết nối thành công tới PostgreSQL.
✅ Bảng 'bds_hadong' đã có PRIMARY KEY. Bỏ qua.
Đang thực hiện Upsert dữ liệu vào PostgreSQL...
🔄 Upsert thành công 5753 bản ghi vào 'bds_hadong'.
✅ Hoàn tất Pipeline ETL.
[Wed 04/15/2026 12:04:19.07] [3/3] Dang dong bo Data len GitHub... 
[main f27d52a] Auto-update Fast Pipeline: Wed 04/15/2026 12:04:24.14
 4 files changed, 617 insertions(+), 307 deletions(-)
remote: This repository moved. Please use the new location:        
remote:   https://github.com/HieuNT316/hanoi-house-price-prediction.git        
To https://github.com/Alexus143/hanoi-house-price-prediction.git
   8d91478..f27d52a  main -> main
[Wed 04/15/2026 12:04:34.22] HOAN THANH LUONG FAST 
========================================= 
[Thu 04/16/2026 12:48:38.87] BAT DAU LUONG FAST (QUET BE MAT) 
[Thu 04/16/2026 12:48:38.88] [1/3] Dang cao du lieu be mat... 
[Browser] Đang khởi tạo trình duyệt...
[Browser] Phát hiện Chrome (Windows): Version 139

[Spider] Đang cào trang 1/10: https://batdongsan.com.vn/nha-dat-ban-ha-dong
[Spider] ✅ Thành công: Tìm thấy 30 tin đăng ở trang 1.

[Spider] Đang cào trang 2/10: https://batdongsan.com.vn/nha-dat-ban-ha-dong/p2
[Spider] ✅ Thành công: Tìm thấy 30 tin đăng ở trang 2.

[Spider] Đang cào trang 3/10: https://batdongsan.com.vn/nha-dat-ban-ha-dong/p3
[Spider] ✅ Thành công: Tìm thấy 30 tin đăng ở trang 3.

[Spider] Đang cào trang 4/10: https://batdongsan.com.vn/nha-dat-ban-ha-dong/p4
[Spider] ✅ Thành công: Tìm thấy 30 tin đăng ở trang 4.

[Spider] Đang cào trang 5/10: https://batdongsan.com.vn/nha-dat-ban-ha-dong/p5
[Spider] ✅ Thành công: Tìm thấy 30 tin đăng ở trang 5.

[Spider] Đang cào trang 6/10: https://batdongsan.com.vn/nha-dat-ban-ha-dong/p6
[Spider] ✅ Thành công: Tìm thấy 30 tin đăng ở trang 6.

[Spider] Đang cào trang 7/10: https://batdongsan.com.vn/nha-dat-ban-ha-dong/p7
[Spider] ✅ Thành công: Tìm thấy 30 tin đăng ở trang 7.

[Spider] Đang cào trang 8/10: https://batdongsan.com.vn/nha-dat-ban-ha-dong/p8
[Spider] ✅ Thành công: Tìm thấy 30 tin đăng ở trang 8.

[Spider] Đang cào trang 9/10: https://batdongsan.com.vn/nha-dat-ban-ha-dong/p9
[Spider] ✅ Thành công: Tìm thấy 30 tin đăng ở trang 9.

[Spider] Đang cào trang 10/10: https://batdongsan.com.vn/nha-dat-ban-ha-dong/p10
[Spider] ✅ Thành công: Tìm thấy 30 tin đăng ở trang 10.
[Spider] Đang gộp dữ liệu mới vào file cũ (Khớp theo tên cột)...
[Spider] Đã lưu 230 dòng mới. Tổng: 37608 dòng.
[Thu 04/16/2026 12:52:10.84] [2/3] Dang lam sach va day vao PostgreSQL... 
🔍 Đang cấu hình Database với: postgres.kkwivuufxdewurmxtsto@aws-1-ap-southeast-1.pooler.supabase.com:5432/postgres
D:\Python\realtime_estimate_tracker\src\preprocessing\cleaner.py:138: UserWarning: Parsing dates in %d/%m/%Y format when dayfirst=False (the default) was specified. Pass `dayfirst=True` or specify a format to silence this warning.
  df['scraped_date'] = pd.to_datetime(df['scraped_date'], errors='coerce')
Đang đọc dữ liệu thô...
Tổng số dòng thô: 37608
🧠 Đang áp dụng NLP trích xuất Đặc trưng...
🧠 Đang áp dụng KNN Imputer...
✅ Giữ lại 5775/37608 tin hợp lệ.
✅ Đã kết nối thành công tới PostgreSQL.
✅ Bảng 'bds_hadong' đã có PRIMARY KEY. Bỏ qua.
Đang thực hiện Upsert dữ liệu vào PostgreSQL...
🔄 Upsert thành công 5775 bản ghi vào 'bds_hadong'.
✅ Hoàn tất Pipeline ETL.
[Thu 04/16/2026 12:52:55.48] [3/3] Dang dong bo Data len GitHub... 
[main 057f1cf] Auto-update Fast Pipeline: Thu 04/16/2026 12:52:59.84
 4 files changed, 688 insertions(+), 370 deletions(-)
fatal: Unable to persist credentials with the 'wincredman' credential store.
See https://aka.ms/gcm/credstores for more information.
fatal: Unable to persist credentials with the 'wincredman' credential store.
See https://aka.ms/gcm/credstores for more information.
fatal: could not read Username for 'https://github.com': terminal prompts disabled
[Thu 04/16/2026 12:53:04.42] LOI: git push that bai. 
[Thu 04/16/2026 12:53:04.43] LUONG FAST BI DUNG DO LOI 
========================================= 
[Fri 04/17/2026 13:17:43.40] BAT DAU LUONG FAST (QUET BE MAT) 
[Fri 04/17/2026 13:17:43.41] [1/3] Dang cao du lieu be mat... 
[Browser] Đang khởi tạo trình duyệt...
[Browser] Phát hiện Chrome (Windows): Version 139

[Spider] Đang cào trang 1/10: https://batdongsan.com.vn/nha-dat-ban-ha-dong
[Spider] ✅ Thành công: Tìm thấy 30 tin đăng ở trang 1.

[Spider] Đang cào trang 2/10: https://batdongsan.com.vn/nha-dat-ban-ha-dong/p2
[Spider] ✅ Thành công: Tìm thấy 30 tin đăng ở trang 2.

[Spider] Đang cào trang 3/10: https://batdongsan.com.vn/nha-dat-ban-ha-dong/p3
[Spider] ✅ Thành công: Tìm thấy 30 tin đăng ở trang 3.

[Spider] Đang cào trang 4/10: https://batdongsan.com.vn/nha-dat-ban-ha-dong/p4
[Spider] ✅ Thành công: Tìm thấy 30 tin đăng ở trang 4.

[Spider] Đang cào trang 5/10: https://batdongsan.com.vn/nha-dat-ban-ha-dong/p5
[Spider] ✅ Thành công: Tìm thấy 30 tin đăng ở trang 5.

[Spider] Đang cào trang 6/10: https://batdongsan.com.vn/nha-dat-ban-ha-dong/p6
[Spider] ✅ Thành công: Tìm thấy 30 tin đăng ở trang 6.

[Spider] Đang cào trang 7/10: https://batdongsan.com.vn/nha-dat-ban-ha-dong/p7
[Spider] ✅ Thành công: Tìm thấy 30 tin đăng ở trang 7.

[Spider] Đang cào trang 8/10: https://batdongsan.com.vn/nha-dat-ban-ha-dong/p8
[Spider] ✅ Thành công: Tìm thấy 30 tin đăng ở trang 8.

[Spider] Đang cào trang 9/10: https://batdongsan.com.vn/nha-dat-ban-ha-dong/p9
[Spider] ✅ Thành công: Tìm thấy 30 tin đăng ở trang 9.

[Spider] Đang cào trang 10/10: https://batdongsan.com.vn/nha-dat-ban-ha-dong/p10
[Spider] ✅ Thành công: Tìm thấy 30 tin đăng ở trang 10.
[Spider] Đang gộp dữ liệu mới vào file cũ (Khớp theo tên cột)...
[Spider] Đã lưu 230 dòng mới. Tổng: 37838 dòng.
[Fri 04/17/2026 13:21:16.68] [2/3] Dang lam sach va day vao PostgreSQL... 
🔍 Đang cấu hình Database với: postgres.kkwivuufxdewurmxtsto@aws-1-ap-southeast-1.pooler.supabase.com:5432/postgres
D:\Python\realtime_estimate_tracker\src\preprocessing\cleaner.py:138: UserWarning: Parsing dates in %d/%m/%Y format when dayfirst=False (the default) was specified. Pass `dayfirst=True` or specify a format to silence this warning.
  df['scraped_date'] = pd.to_datetime(df['scraped_date'], errors='coerce')
Đang đọc dữ liệu thô...
Tổng số dòng thô: 37838
🧠 Đang áp dụng NLP trích xuất Đặc trưng...
🧠 Đang áp dụng KNN Imputer...
✅ Giữ lại 5791/37838 tin hợp lệ.
✅ Đã kết nối thành công tới PostgreSQL.
✅ Bảng 'bds_hadong' đã có PRIMARY KEY. Bỏ qua.
Đang thực hiện Upsert dữ liệu vào PostgreSQL...
🔄 Upsert thành công 5791 bản ghi vào 'bds_hadong'.
✅ Hoàn tất Pipeline ETL.
[Fri 04/17/2026 13:22:01.97] [3/3] Dang dong bo Data len GitHub... 
[main e016cf7] Auto-update Fast Pipeline: Fri 04/17/2026 13:22:07.87
 4 files changed, 672 insertions(+), 362 deletions(-)
fatal: Unable to persist credentials with the 'wincredman' credential store.
See https://aka.ms/gcm/credstores for more information.
fatal: Unable to persist credentials with the 'wincredman' credential store.
See https://aka.ms/gcm/credstores for more information.
fatal: could not read Username for 'https://github.com': terminal prompts disabled
[Fri 04/17/2026 13:22:14.12] LOI: git push that bai. 
[Fri 04/17/2026 13:22:14.14] LUONG FAST BI DUNG DO LOI 
========================================= 
[Sat 04/18/2026 14:27:54.09] BAT DAU LUONG FAST (QUET BE MAT) 
[Sat 04/18/2026 14:27:54.11] [1/3] Dang cao du lieu be mat... 
[Browser] Đang khởi tạo trình duyệt...
[Browser] Phát hiện Chrome (Windows): Version 139

[Spider] Đang cào trang 1/10: https://batdongsan.com.vn/nha-dat-ban-ha-dong
[Spider] ✅ Thành công: Tìm thấy 30 tin đăng ở trang 1.

[Spider] Đang cào trang 2/10: https://batdongsan.com.vn/nha-dat-ban-ha-dong/p2
[Spider] ✅ Thành công: Tìm thấy 30 tin đăng ở trang 2.

[Spider] Đang cào trang 3/10: https://batdongsan.com.vn/nha-dat-ban-ha-dong/p3
[Spider] ✅ Thành công: Tìm thấy 30 tin đăng ở trang 3.

[Spider] Đang cào trang 4/10: https://batdongsan.com.vn/nha-dat-ban-ha-dong/p4
[Spider] ✅ Thành công: Tìm thấy 30 tin đăng ở trang 4.

[Spider] Đang cào trang 5/10: https://batdongsan.com.vn/nha-dat-ban-ha-dong/p5
[Spider] ✅ Thành công: Tìm thấy 30 tin đăng ở trang 5.

[Spider] Đang cào trang 6/10: https://batdongsan.com.vn/nha-dat-ban-ha-dong/p6
[Spider] ✅ Thành công: Tìm thấy 30 tin đăng ở trang 6.

[Spider] Đang cào trang 7/10: https://batdongsan.com.vn/nha-dat-ban-ha-dong/p7
[Spider] ✅ Thành công: Tìm thấy 30 tin đăng ở trang 7.

[Spider] Đang cào trang 8/10: https://batdongsan.com.vn/nha-dat-ban-ha-dong/p8
[Spider] ✅ Thành công: Tìm thấy 30 tin đăng ở trang 8.

[Spider] Đang cào trang 9/10: https://batdongsan.com.vn/nha-dat-ban-ha-dong/p9
[Spider] ✅ Thành công: Tìm thấy 30 tin đăng ở trang 9.

[Spider] Đang cào trang 10/10: https://batdongsan.com.vn/nha-dat-ban-ha-dong/p10
[Spider] ✅ Thành công: Tìm thấy 30 tin đăng ở trang 10.
[Spider] Đang gộp dữ liệu mới vào file cũ (Khớp theo tên cột)...
[Spider] Đã lưu 230 dòng mới. Tổng: 38068 dòng.
[Sat 04/18/2026 14:31:18.25] [2/3] Dang lam sach va day vao PostgreSQL... 
🔍 Đang cấu hình Database với: postgres.kkwivuufxdewurmxtsto@aws-1-ap-southeast-1.pooler.supabase.com:5432/postgres
D:\Python\realtime_estimate_tracker\src\preprocessing\cleaner.py:138: UserWarning: Parsing dates in %d/%m/%Y format when dayfirst=False (the default) was specified. Pass `dayfirst=True` or specify a format to silence this warning.
  df['scraped_date'] = pd.to_datetime(df['scraped_date'], errors='coerce')
Đang đọc dữ liệu thô...
Tổng số dòng thô: 38068
🧠 Đang áp dụng NLP trích xuất Đặc trưng...
🧠 Đang áp dụng KNN Imputer...
✅ Giữ lại 5801/38068 tin hợp lệ.
✅ Đã kết nối thành công tới PostgreSQL.
✅ Bảng 'bds_hadong' đã có PRIMARY KEY. Bỏ qua.
Đang thực hiện Upsert dữ liệu vào PostgreSQL...
🔄 Upsert thành công 5801 bản ghi vào 'bds_hadong'.
✅ Hoàn tất Pipeline ETL.
[Sat 04/18/2026 14:32:08.65] [3/3] Dang dong bo Data len GitHub... 
[main 4f02c2a] Auto-update Fast Pipeline: Sat 04/18/2026 14:32:13.83
 4 files changed, 652 insertions(+), 346 deletions(-)
fatal: Unable to persist credentials with the 'wincredman' credential store.
See https://aka.ms/gcm/credstores for more information.
fatal: Unable to persist credentials with the 'wincredman' credential store.
See https://aka.ms/gcm/credstores for more information.
fatal: could not read Username for 'https://github.com': terminal prompts disabled
[Sat 04/18/2026 14:32:18.07] LOI: git push that bai. 
[Sat 04/18/2026 14:32:18.08] LUONG FAST BI DUNG DO LOI 
========================================= 
[Sun 04/19/2026 12:00:02.70] BAT DAU LUONG FAST (QUET BE MAT) 
[Sun 04/19/2026 12:00:02.72] [1/3] Dang cao du lieu be mat... 
[Browser] Đang khởi tạo trình duyệt...
[Browser] Phát hiện Chrome (Windows): Version 139

[Spider] Đang cào trang 1/10: https://batdongsan.com.vn/nha-dat-ban-ha-dong
[Spider] ✅ Thành công: Tìm thấy 30 tin đăng ở trang 1.

[Spider] Đang cào trang 2/10: https://batdongsan.com.vn/nha-dat-ban-ha-dong/p2
[Spider] ✅ Thành công: Tìm thấy 30 tin đăng ở trang 2.

[Spider] Đang cào trang 3/10: https://batdongsan.com.vn/nha-dat-ban-ha-dong/p3
[Spider] ✅ Thành công: Tìm thấy 30 tin đăng ở trang 3.

[Spider] Đang cào trang 4/10: https://batdongsan.com.vn/nha-dat-ban-ha-dong/p4
[Spider] ✅ Thành công: Tìm thấy 30 tin đăng ở trang 4.

[Spider] Đang cào trang 5/10: https://batdongsan.com.vn/nha-dat-ban-ha-dong/p5
[Spider] ✅ Thành công: Tìm thấy 30 tin đăng ở trang 5.

[Spider] Đang cào trang 6/10: https://batdongsan.com.vn/nha-dat-ban-ha-dong/p6
[Spider] ✅ Thành công: Tìm thấy 30 tin đăng ở trang 6.

[Spider] Đang cào trang 7/10: https://batdongsan.com.vn/nha-dat-ban-ha-dong/p7
[Spider] ✅ Thành công: Tìm thấy 30 tin đăng ở trang 7.

[Spider] Đang cào trang 8/10: https://batdongsan.com.vn/nha-dat-ban-ha-dong/p8
[Spider] ✅ Thành công: Tìm thấy 30 tin đăng ở trang 8.

[Spider] Đang cào trang 9/10: https://batdongsan.com.vn/nha-dat-ban-ha-dong/p9
[Spider] ✅ Thành công: Tìm thấy 30 tin đăng ở trang 9.

[Spider] Đang cào trang 10/10: https://batdongsan.com.vn/nha-dat-ban-ha-dong/p10
[Spider] ✅ Thành công: Tìm thấy 30 tin đăng ở trang 10.
[Spider] Đang gộp dữ liệu mới vào file cũ (Khớp theo tên cột)...
[Spider] Đã lưu 230 dòng mới. Tổng: 38298 dòng.
[Sun 04/19/2026 12:03:21.82] [2/3] Dang lam sach va day vao PostgreSQL... 
🔍 Đang cấu hình Database với: postgres.kkwivuufxdewurmxtsto@aws-1-ap-southeast-1.pooler.supabase.com:5432/postgres
D:\Python\realtime_estimate_tracker\src\preprocessing\cleaner.py:138: UserWarning: Parsing dates in %d/%m/%Y format when dayfirst=False (the default) was specified. Pass `dayfirst=True` or specify a format to silence this warning.
  df['scraped_date'] = pd.to_datetime(df['scraped_date'], errors='coerce')
Đang đọc dữ liệu thô...
Tổng số dòng thô: 38298
🧠 Đang áp dụng NLP trích xuất Đặc trưng...
🧠 Đang áp dụng KNN Imputer...
✅ Giữ lại 5808/38298 tin hợp lệ.
✅ Đã kết nối thành công tới PostgreSQL.
✅ Bảng 'bds_hadong' đã có PRIMARY KEY. Bỏ qua.
Đang thực hiện Upsert dữ liệu vào PostgreSQL...
🔄 Upsert thành công 5808 bản ghi vào 'bds_hadong'.
✅ Hoàn tất Pipeline ETL.
[Sun 04/19/2026 12:03:59.04] [3/3] Dang dong bo Data len GitHub... 
[main 511827c] Auto-update Fast Pipeline: Sun 04/19/2026 12:04:02.74
 4 files changed, 615 insertions(+), 311 deletions(-)
fatal: Unable to persist credentials with the 'wincredman' credential store.
See https://aka.ms/gcm/credstores for more information.
fatal: Unable to persist credentials with the 'wincredman' credential store.
See https://aka.ms/gcm/credstores for more information.
fatal: could not read Username for 'https://github.com': terminal prompts disabled
[Sun 04/19/2026 12:04:06.14] LOI: git push that bai. 
[Sun 04/19/2026 12:04:06.16] LUONG FAST BI DUNG DO LOI 
========================================= 
[Mon 04/20/2026 13:12:27.10] BAT DAU LUONG FAST (QUET BE MAT) 
[Mon 04/20/2026 13:12:27.13] [1/3] Dang cao du lieu be mat... 
[Browser] Đang khởi tạo trình duyệt...
[Browser] Phát hiện Chrome (Windows): Version 139

[Spider] Đang cào trang 1/10: https://batdongsan.com.vn/nha-dat-ban-ha-dong
[Spider] ✅ Thành công: Tìm thấy 30 tin đăng ở trang 1.

[Spider] Đang cào trang 2/10: https://batdongsan.com.vn/nha-dat-ban-ha-dong/p2
[Spider] ✅ Thành công: Tìm thấy 30 tin đăng ở trang 2.

[Spider] Đang cào trang 3/10: https://batdongsan.com.vn/nha-dat-ban-ha-dong/p3
[Spider] ✅ Thành công: Tìm thấy 30 tin đăng ở trang 3.

[Spider] Đang cào trang 4/10: https://batdongsan.com.vn/nha-dat-ban-ha-dong/p4
[Spider] ✅ Thành công: Tìm thấy 30 tin đăng ở trang 4.

[Spider] Đang cào trang 5/10: https://batdongsan.com.vn/nha-dat-ban-ha-dong/p5
[Spider] ✅ Thành công: Tìm thấy 30 tin đăng ở trang 5.

[Spider] Đang cào trang 6/10: https://batdongsan.com.vn/nha-dat-ban-ha-dong/p6
[Spider] ✅ Thành công: Tìm thấy 30 tin đăng ở trang 6.

[Spider] Đang cào trang 7/10: https://batdongsan.com.vn/nha-dat-ban-ha-dong/p7
[Spider] ✅ Thành công: Tìm thấy 30 tin đăng ở trang 7.

[Spider] Đang cào trang 8/10: https://batdongsan.com.vn/nha-dat-ban-ha-dong/p8
[Spider] ✅ Thành công: Tìm thấy 30 tin đăng ở trang 8.

[Spider] Đang cào trang 9/10: https://batdongsan.com.vn/nha-dat-ban-ha-dong/p9
[Spider] ✅ Thành công: Tìm thấy 30 tin đăng ở trang 9.

[Spider] Đang cào trang 10/10: https://batdongsan.com.vn/nha-dat-ban-ha-dong/p10
[Spider] ✅ Thành công: Tìm thấy 30 tin đăng ở trang 10.
[Spider] Đang gộp dữ liệu mới vào file cũ (Khớp theo tên cột)...
[Spider] Đã lưu 230 dòng mới. Tổng: 38528 dòng.
[Mon 04/20/2026 13:15:47.70] [2/3] Dang lam sach va day vao PostgreSQL... 
🔍 Đang cấu hình Database với: postgres.kkwivuufxdewurmxtsto@aws-1-ap-southeast-1.pooler.supabase.com:5432/postgres
D:\Python\realtime_estimate_tracker\src\preprocessing\cleaner.py:138: UserWarning: Parsing dates in %d/%m/%Y format when dayfirst=False (the default) was specified. Pass `dayfirst=True` or specify a format to silence this warning.
  df['scraped_date'] = pd.to_datetime(df['scraped_date'], errors='coerce')
Đang đọc dữ liệu thô...
Tổng số dòng thô: 38528
🧠 Đang áp dụng NLP trích xuất Đặc trưng...
🧠 Đang áp dụng KNN Imputer...
✅ Giữ lại 5821/38528 tin hợp lệ.
✅ Đã kết nối thành công tới PostgreSQL.
✅ Bảng 'bds_hadong' đã có PRIMARY KEY. Bỏ qua.
Đang thực hiện Upsert dữ liệu vào PostgreSQL...
🔄 Upsert thành công 5821 bản ghi vào 'bds_hadong'.
✅ Hoàn tất Pipeline ETL.
[Mon 04/20/2026 13:16:29.78] [3/3] Dang dong bo Data len GitHub... 
[main da1d528] Auto-update Fast Pipeline: Mon 04/20/2026 13:16:33.83
 4 files changed, 671 insertions(+), 362 deletions(-)
fatal: Unable to persist credentials with the 'wincredman' credential store.
See https://aka.ms/gcm/credstores for more information.
fatal: Unable to persist credentials with the 'wincredman' credential store.
See https://aka.ms/gcm/credstores for more information.
fatal: could not read Username for 'https://github.com': terminal prompts disabled
[Mon 04/20/2026 13:16:38.05] LOI: git push that bai. 
[Mon 04/20/2026 13:16:38.07] LUONG FAST BI DUNG DO LOI 
========================================= 
[Tue 04/21/2026 13:07:03.30] BAT DAU LUONG FAST (QUET BE MAT) 
[Tue 04/21/2026 13:07:03.33] [1/3] Dang cao du lieu be mat... 
[Browser] Đang khởi tạo trình duyệt...
[Browser] Phát hiện Chrome (Windows): Version 139

[Spider] Đang cào trang 1/10: https://batdongsan.com.vn/nha-dat-ban-ha-dong
[Spider] ✅ Thành công: Tìm thấy 30 tin đăng ở trang 1.

[Spider] Đang cào trang 2/10: https://batdongsan.com.vn/nha-dat-ban-ha-dong/p2
[Spider] ✅ Thành công: Tìm thấy 30 tin đăng ở trang 2.

[Spider] Đang cào trang 3/10: https://batdongsan.com.vn/nha-dat-ban-ha-dong/p3
[Spider] ✅ Thành công: Tìm thấy 30 tin đăng ở trang 3.

[Spider] Đang cào trang 4/10: https://batdongsan.com.vn/nha-dat-ban-ha-dong/p4
[Spider] ✅ Thành công: Tìm thấy 30 tin đăng ở trang 4.

[Spider] Đang cào trang 5/10: https://batdongsan.com.vn/nha-dat-ban-ha-dong/p5
[Spider] ✅ Thành công: Tìm thấy 30 tin đăng ở trang 5.

[Spider] Đang cào trang 6/10: https://batdongsan.com.vn/nha-dat-ban-ha-dong/p6
[Spider] ✅ Thành công: Tìm thấy 30 tin đăng ở trang 6.

[Spider] Đang cào trang 7/10: https://batdongsan.com.vn/nha-dat-ban-ha-dong/p7
[Spider] ✅ Thành công: Tìm thấy 30 tin đăng ở trang 7.

[Spider] Đang cào trang 8/10: https://batdongsan.com.vn/nha-dat-ban-ha-dong/p8
[Spider] ✅ Thành công: Tìm thấy 30 tin đăng ở trang 8.

[Spider] Đang cào trang 9/10: https://batdongsan.com.vn/nha-dat-ban-ha-dong/p9
[Spider] ✅ Thành công: Tìm thấy 30 tin đăng ở trang 9.

[Spider] Đang cào trang 10/10: https://batdongsan.com.vn/nha-dat-ban-ha-dong/p10
[Spider] ✅ Thành công: Tìm thấy 30 tin đăng ở trang 10.
[Spider] Đang gộp dữ liệu mới vào file cũ (Khớp theo tên cột)...
[Spider] Đã lưu 230 dòng mới. Tổng: 38758 dòng.
[Tue 04/21/2026 13:10:30.10] [2/3] Dang lam sach va day vao PostgreSQL... 
🔍 Đang cấu hình Database với: postgres.kkwivuufxdewurmxtsto@aws-1-ap-southeast-1.pooler.supabase.com:5432/postgres
D:\Python\realtime_estimate_tracker\src\preprocessing\cleaner.py:138: UserWarning: Parsing dates in %d/%m/%Y format when dayfirst=False (the default) was specified. Pass `dayfirst=True` or specify a format to silence this warning.
  df['scraped_date'] = pd.to_datetime(df['scraped_date'], errors='coerce')
Đang đọc dữ liệu thô...
Tổng số dòng thô: 38758
🧠 Đang áp dụng NLP trích xuất Đặc trưng...
🧠 Đang áp dụng KNN Imputer...
✅ Giữ lại 5844/38758 tin hợp lệ.
✅ Đã kết nối thành công tới PostgreSQL.
✅ Bảng 'bds_hadong' đã có PRIMARY KEY. Bỏ qua.
Đang thực hiện Upsert dữ liệu vào PostgreSQL...
🔄 Upsert thành công 5844 bản ghi vào 'bds_hadong'.
✅ Hoàn tất Pipeline ETL.
[Tue 04/21/2026 13:11:11.35] [3/3] Dang dong bo Data len GitHub... 
[main 94b840c] Auto-update Fast Pipeline: Tue 04/21/2026 13:11:15.74
 4 files changed, 762 insertions(+), 444 deletions(-)
fatal: Unable to persist credentials with the 'wincredman' credential store.
See https://aka.ms/gcm/credstores for more information.
fatal: Unable to persist credentials with the 'wincredman' credential store.
See https://aka.ms/gcm/credstores for more information.
fatal: could not read Username for 'https://github.com': terminal prompts disabled
[Tue 04/21/2026 13:11:20.03] LOI: git push that bai. 
[Tue 04/21/2026 13:11:20.05] LUONG FAST BI DUNG DO LOI 
========================================= 
[Wed 04/22/2026 12:00:03.06] BAT DAU LUONG FAST (QUET BE MAT) 
[Wed 04/22/2026 12:00:03.08] [1/3] Dang cao du lieu be mat... 
[Browser] Đang khởi tạo trình duyệt...
[Browser] Phát hiện Chrome (Windows): Version 139

[Spider] Đang cào trang 1/10: https://batdongsan.com.vn/nha-dat-ban-ha-dong
[Spider] ✅ Thành công: Tìm thấy 30 tin đăng ở trang 1.

[Spider] Đang cào trang 2/10: https://batdongsan.com.vn/nha-dat-ban-ha-dong/p2
[Spider] ✅ Thành công: Tìm thấy 30 tin đăng ở trang 2.

[Spider] Đang cào trang 3/10: https://batdongsan.com.vn/nha-dat-ban-ha-dong/p3
[Spider] ✅ Thành công: Tìm thấy 30 tin đăng ở trang 3.

[Spider] Đang cào trang 4/10: https://batdongsan.com.vn/nha-dat-ban-ha-dong/p4
[Spider] ✅ Thành công: Tìm thấy 30 tin đăng ở trang 4.

[Spider] Đang cào trang 5/10: https://batdongsan.com.vn/nha-dat-ban-ha-dong/p5
[Spider] ✅ Thành công: Tìm thấy 30 tin đăng ở trang 5.

[Spider] Đang cào trang 6/10: https://batdongsan.com.vn/nha-dat-ban-ha-dong/p6
[Spider] ✅ Thành công: Tìm thấy 30 tin đăng ở trang 6.

[Spider] Đang cào trang 7/10: https://batdongsan.com.vn/nha-dat-ban-ha-dong/p7
[Spider] ✅ Thành công: Tìm thấy 30 tin đăng ở trang 7.

[Spider] Đang cào trang 8/10: https://batdongsan.com.vn/nha-dat-ban-ha-dong/p8
[Spider] ✅ Thành công: Tìm thấy 30 tin đăng ở trang 8.

[Spider] Đang cào trang 9/10: https://batdongsan.com.vn/nha-dat-ban-ha-dong/p9
[Spider] ✅ Thành công: Tìm thấy 30 tin đăng ở trang 9.

[Spider] Đang cào trang 10/10: https://batdongsan.com.vn/nha-dat-ban-ha-dong/p10
[Spider] ✅ Thành công: Tìm thấy 30 tin đăng ở trang 10.
[Spider] Đang gộp dữ liệu mới vào file cũ (Khớp theo tên cột)...
[Spider] Đã lưu 230 dòng mới. Tổng: 38988 dòng.
[Wed 04/22/2026 12:03:21.90] [2/3] Dang lam sach va day vao PostgreSQL... 
🔍 Đang cấu hình Database với: postgres.kkwivuufxdewurmxtsto@aws-1-ap-southeast-1.pooler.supabase.com:5432/postgres
D:\Python\realtime_estimate_tracker\src\preprocessing\cleaner.py:138: UserWarning: Parsing dates in %d/%m/%Y format when dayfirst=False (the default) was specified. Pass `dayfirst=True` or specify a format to silence this warning.
  df['scraped_date'] = pd.to_datetime(df['scraped_date'], errors='coerce')
Đang đọc dữ liệu thô...
Tổng số dòng thô: 38988
🧠 Đang áp dụng NLP trích xuất Đặc trưng...
🧠 Đang áp dụng KNN Imputer...
✅ Giữ lại 5861/38988 tin hợp lệ.
✅ Đã kết nối thành công tới PostgreSQL.
✅ Bảng 'bds_hadong' đã có PRIMARY KEY. Bỏ qua.
Đang thực hiện Upsert dữ liệu vào PostgreSQL...
🔄 Upsert thành công 5861 bản ghi vào 'bds_hadong'.
✅ Hoàn tất Pipeline ETL.
[Wed 04/22/2026 12:04:04.48] [3/3] Dang dong bo Data len GitHub... 
[main 6da58f8] Auto-update Fast Pipeline: Wed 04/22/2026 12:04:08.97
 4 files changed, 714 insertions(+), 401 deletions(-)
fatal: Unable to persist credentials with the 'wincredman' credential store.
See https://aka.ms/gcm/credstores for more information.
fatal: Unable to persist credentials with the 'wincredman' credential store.
See https://aka.ms/gcm/credstores for more information.
fatal: could not read Username for 'https://github.com': terminal prompts disabled
[Wed 04/22/2026 12:04:13.22] LOI: git push that bai. 
[Wed 04/22/2026 12:04:13.24] LUONG FAST BI DUNG DO LOI 
========================================= 
[Thu 04/23/2026 15:49:19.28] BAT DAU LUONG FAST (QUET BE MAT) 
[Thu 04/23/2026 15:49:19.31] [1/3] Dang cao du lieu be mat... 
Traceback (most recent call last):
  File "C:\Users\User\AppData\Local\Programs\Python\Python310\lib\urllib\request.py", line 1348, in do_open
    h.request(req.get_method(), req.selector, req.data, headers,
  File "C:\Users\User\AppData\Local\Programs\Python\Python310\lib\http\client.py", line 1276, in request
    self._send_request(method, url, body, headers, encode_chunked)
  File "C:\Users\User\AppData\Local\Programs\Python\Python310\lib\http\client.py", line 1322, in _send_request
    self.endheaders(body, encode_chunked=encode_chunked)
  File "C:\Users\User\AppData\Local\Programs\Python\Python310\lib\http\client.py", line 1271, in endheaders
    self._send_output(message_body, encode_chunked=encode_chunked)
  File "C:\Users\User\AppData\Local\Programs\Python\Python310\lib\http\client.py", line 1031, in _send_output
    self.send(msg)
  File "C:\Users\User\AppData\Local\Programs\Python\Python310\lib\http\client.py", line 969, in send
    self.connect()
  File "C:\Users\User\AppData\Local\Programs\Python\Python310\lib\http\client.py", line 1441, in connect
    super().connect()
  File "C:\Users\User\AppData\Local\Programs\Python\Python310\lib\http\client.py", line 940, in connect
    self.sock = self._create_connection(
  File "C:\Users\User\AppData\Local\Programs\Python\Python310\lib\socket.py", line 824, in create_connection
    for res in getaddrinfo(host, port, 0, SOCK_STREAM):
  File "C:\Users\User\AppData\Local\Programs\Python\Python310\lib\socket.py", line 955, in getaddrinfo
    for res in _socket.getaddrinfo(host, port, family, type, proto, flags):
socket.gaierror: [Errno 11001] getaddrinfo failed

During handling of the above exception, another exception occurred:

Traceback (most recent call last):
  File "C:\Users\User\AppData\Local\Programs\Python\Python310\lib\runpy.py", line 196, in _run_module_as_main
    return _run_code(code, main_globals, None,
  File "C:\Users\User\AppData\Local\Programs\Python\Python310\lib\runpy.py", line 86, in _run_code
    exec(code, run_globals)
  File "D:\Python\realtime_estimate_tracker\src\data_loader\spider.py", line 193, in <module>
    data = run_crawler(pages=10)
  File "D:\Python\realtime_estimate_tracker\src\data_loader\spider.py", line 109, in run_crawler
    driver = init_driver()
  File "D:\Python\realtime_estimate_tracker\src\data_loader\browser.py", line 99, in init_driver
    raise e
  File "D:\Python\realtime_estimate_tracker\src\data_loader\browser.py", line 88, in init_driver
    driver = uc.Chrome(
  File "D:\Python\realtime_estimate_tracker\venv_bds\lib\site-packages\undetected_chromedriver\__init__.py", line 258, in __init__
    self.patcher.auto()
  File "D:\Python\realtime_estimate_tracker\venv_bds\lib\site-packages\undetected_chromedriver\patcher.py", line 175, in auto
    release = self.fetch_release_number()
  File "D:\Python\realtime_estimate_tracker\venv_bds\lib\site-packages\undetected_chromedriver\patcher.py", line 259, in fetch_release_number
    with urlopen(self.url_repo + path) as conn:
  File "C:\Users\User\AppData\Local\Programs\Python\Python310\lib\urllib\request.py", line 216, in urlopen
    return opener.open(url, data, timeout)
  File "C:\Users\User\AppData\Local\Programs\Python\Python310\lib\urllib\request.py", line 519, in open
    response = self._open(req, data)
  File "C:\Users\User\AppData\Local\Programs\Python\Python310\lib\urllib\request.py", line 536, in _open
    result = self._call_chain(self.handle_open, protocol, protocol +
  File "C:\Users\User\AppData\Local\Programs\Python\Python310\lib\urllib\request.py", line 496, in _call_chain
    result = func(*args)
  File "C:\Users\User\AppData\Local\Programs\Python\Python310\lib\urllib\request.py", line 1391, in https_open
    return self.do_open(http.client.HTTPSConnection, req,
  File "C:\Users\User\AppData\Local\Programs\Python\Python310\lib\urllib\request.py", line 1351, in do_open
    raise URLError(err)
urllib.error.URLError: <urlopen error [Errno 11001] getaddrinfo failed>
[Browser] Đang khởi tạo trình duyệt...
[Browser] Phát hiện Chrome (Windows): Version 139
[Browser] Lỗi khởi tạo driver: <urlopen error [Errno 11001] getaddrinfo failed>
[Thu 04/23/2026 15:49:41.23] LOI: Spider that bai. Dung pipeline. 
[Thu 04/23/2026 15:49:41.56] LUONG FAST BI DUNG DO LOI 
========================================= 
[Fri 04/24/2026 16:12:17.21] BAT DAU LUONG FAST (QUET BE MAT) 
[Fri 04/24/2026 16:12:17.23] [1/3] Dang cao du lieu be mat... 
Traceback (most recent call last):
  File "C:\Users\User\AppData\Local\Programs\Python\Python310\lib\urllib\request.py", line 1348, in do_open
    h.request(req.get_method(), req.selector, req.data, headers,
  File "C:\Users\User\AppData\Local\Programs\Python\Python310\lib\http\client.py", line 1276, in request
    self._send_request(method, url, body, headers, encode_chunked)
  File "C:\Users\User\AppData\Local\Programs\Python\Python310\lib\http\client.py", line 1322, in _send_request
    self.endheaders(body, encode_chunked=encode_chunked)
  File "C:\Users\User\AppData\Local\Programs\Python\Python310\lib\http\client.py", line 1271, in endheaders
    self._send_output(message_body, encode_chunked=encode_chunked)
  File "C:\Users\User\AppData\Local\Programs\Python\Python310\lib\http\client.py", line 1031, in _send_output
    self.send(msg)
  File "C:\Users\User\AppData\Local\Programs\Python\Python310\lib\http\client.py", line 969, in send
    self.connect()
  File "C:\Users\User\AppData\Local\Programs\Python\Python310\lib\http\client.py", line 1441, in connect
    super().connect()
  File "C:\Users\User\AppData\Local\Programs\Python\Python310\lib\http\client.py", line 940, in connect
    self.sock = self._create_connection(
  File "C:\Users\User\AppData\Local\Programs\Python\Python310\lib\socket.py", line 824, in create_connection
    for res in getaddrinfo(host, port, 0, SOCK_STREAM):
  File "C:\Users\User\AppData\Local\Programs\Python\Python310\lib\socket.py", line 955, in getaddrinfo
    for res in _socket.getaddrinfo(host, port, family, type, proto, flags):
socket.gaierror: [Errno 11001] getaddrinfo failed

During handling of the above exception, another exception occurred:

Traceback (most recent call last):
  File "C:\Users\User\AppData\Local\Programs\Python\Python310\lib\runpy.py", line 196, in _run_module_as_main
    return _run_code(code, main_globals, None,
  File "C:\Users\User\AppData\Local\Programs\Python\Python310\lib\runpy.py", line 86, in _run_code
    exec(code, run_globals)
  File "D:\Python\realtime_estimate_tracker\src\data_loader\spider.py", line 193, in <module>
    data = run_crawler(pages=10)
  File "D:\Python\realtime_estimate_tracker\src\data_loader\spider.py", line 109, in run_crawler
    driver = init_driver()
  File "D:\Python\realtime_estimate_tracker\src\data_loader\browser.py", line 99, in init_driver
    raise e
  File "D:\Python\realtime_estimate_tracker\src\data_loader\browser.py", line 88, in init_driver
    driver = uc.Chrome(
  File "D:\Python\realtime_estimate_tracker\venv_bds\lib\site-packages\undetected_chromedriver\__init__.py", line 258, in __init__
    self.patcher.auto()
  File "D:\Python\realtime_estimate_tracker\venv_bds\lib\site-packages\undetected_chromedriver\patcher.py", line 175, in auto
    release = self.fetch_release_number()
  File "D:\Python\realtime_estimate_tracker\venv_bds\lib\site-packages\undetected_chromedriver\patcher.py", line 259, in fetch_release_number
    with urlopen(self.url_repo + path) as conn:
  File "C:\Users\User\AppData\Local\Programs\Python\Python310\lib\urllib\request.py", line 216, in urlopen
    return opener.open(url, data, timeout)
  File "C:\Users\User\AppData\Local\Programs\Python\Python310\lib\urllib\request.py", line 519, in open
    response = self._open(req, data)
  File "C:\Users\User\AppData\Local\Programs\Python\Python310\lib\urllib\request.py", line 536, in _open
    result = self._call_chain(self.handle_open, protocol, protocol +
  File "C:\Users\User\AppData\Local\Programs\Python\Python310\lib\urllib\request.py", line 496, in _call_chain
    result = func(*args)
  File "C:\Users\User\AppData\Local\Programs\Python\Python310\lib\urllib\request.py", line 1391, in https_open
    return self.do_open(http.client.HTTPSConnection, req,
  File "C:\Users\User\AppData\Local\Programs\Python\Python310\lib\urllib\request.py", line 1351, in do_open
    raise URLError(err)
urllib.error.URLError: <urlopen error [Errno 11001] getaddrinfo failed>
[Browser] Đang khởi tạo trình duyệt...
[Browser] Phát hiện Chrome (Windows): Version 139
[Browser] Lỗi khởi tạo driver: <urlopen error [Errno 11001] getaddrinfo failed>
[Fri 04/24/2026 16:12:41.07] LOI: Spider that bai. Dung pipeline. 
[Fri 04/24/2026 16:12:41.10] LUONG FAST BI DUNG DO LOI 
========================================= 
[Sat 04/25/2026 14:24:32.17] BAT DAU LUONG FAST (QUET BE MAT) 
[Sat 04/25/2026 14:24:32.19] [1/3] Dang cao du lieu be mat... 
[Browser] Đang khởi tạo trình duyệt...
[Browser] Phát hiện Chrome (Windows): Version 139

[Spider] Đang cào trang 1/10: https://batdongsan.com.vn/nha-dat-ban-ha-dong
[Spider] ✅ Thành công: Tìm thấy 30 tin đăng ở trang 1.

[Spider] Đang cào trang 2/10: https://batdongsan.com.vn/nha-dat-ban-ha-dong/p2
[Spider] ✅ Thành công: Tìm thấy 30 tin đăng ở trang 2.

[Spider] Đang cào trang 3/10: https://batdongsan.com.vn/nha-dat-ban-ha-dong/p3
[Spider] ✅ Thành công: Tìm thấy 30 tin đăng ở trang 3.

[Spider] Đang cào trang 4/10: https://batdongsan.com.vn/nha-dat-ban-ha-dong/p4
[Spider] ✅ Thành công: Tìm thấy 30 tin đăng ở trang 4.

[Spider] Đang cào trang 5/10: https://batdongsan.com.vn/nha-dat-ban-ha-dong/p5
[Spider] ✅ Thành công: Tìm thấy 30 tin đăng ở trang 5.

[Spider] Đang cào trang 6/10: https://batdongsan.com.vn/nha-dat-ban-ha-dong/p6
[Spider] ✅ Thành công: Tìm thấy 30 tin đăng ở trang 6.

[Spider] Đang cào trang 7/10: https://batdongsan.com.vn/nha-dat-ban-ha-dong/p7
[Spider] ✅ Thành công: Tìm thấy 30 tin đăng ở trang 7.

[Spider] Đang cào trang 8/10: https://batdongsan.com.vn/nha-dat-ban-ha-dong/p8
[Spider] ✅ Thành công: Tìm thấy 30 tin đăng ở trang 8.

[Spider] Đang cào trang 9/10: https://batdongsan.com.vn/nha-dat-ban-ha-dong/p9
[Spider] ✅ Thành công: Tìm thấy 30 tin đăng ở trang 9.

[Spider] Đang cào trang 10/10: https://batdongsan.com.vn/nha-dat-ban-ha-dong/p10
[Spider] ✅ Thành công: Tìm thấy 30 tin đăng ở trang 10.
[Spider] Đang gộp dữ liệu mới vào file cũ (Khớp theo tên cột)...
[Spider] Đã lưu 230 dòng mới. Tổng: 39218 dòng.
[Sat 04/25/2026 14:27:50.71] [2/3] Dang lam sach va day vao PostgreSQL... 
🔍 Đang cấu hình Database với: postgres.kkwivuufxdewurmxtsto@aws-1-ap-southeast-1.pooler.supabase.com:5432/postgres
D:\Python\realtime_estimate_tracker\src\preprocessing\cleaner.py:138: UserWarning: Parsing dates in %d/%m/%Y format when dayfirst=False (the default) was specified. Pass `dayfirst=True` or specify a format to silence this warning.
  df['scraped_date'] = pd.to_datetime(df['scraped_date'], errors='coerce')
Đang đọc dữ liệu thô...
Tổng số dòng thô: 39218
🧠 Đang áp dụng NLP trích xuất Đặc trưng...
🧠 Đang áp dụng KNN Imputer...
✅ Giữ lại 5908/39218 tin hợp lệ.
✅ Đã kết nối thành công tới PostgreSQL.
✅ Bảng 'bds_hadong' đã có PRIMARY KEY. Bỏ qua.
Đang thực hiện Upsert dữ liệu vào PostgreSQL...
🔄 Upsert thành công 5908 bản ghi vào 'bds_hadong'.
✅ Hoàn tất Pipeline ETL.
[Sat 04/25/2026 14:28:37.35] [3/3] Dang dong bo Data len GitHub... 
[main 3f62fa5] Auto-update Fast Pipeline: Sat 04/25/2026 14:28:42.64
 4 files changed, 929 insertions(+), 590 deletions(-)
fatal: Unable to persist credentials with the 'wincredman' credential store.
See https://aka.ms/gcm/credstores for more information.
fatal: Unable to persist credentials with the 'wincredman' credential store.
See https://aka.ms/gcm/credstores for more information.
fatal: could not read Username for 'https://github.com': terminal prompts disabled
[Sat 04/25/2026 14:28:48.49] LOI: git push that bai. 
[Sat 04/25/2026 14:28:48.52] LUONG FAST BI DUNG DO LOI 
========================================= 
[Sun 04/26/2026 14:39:42.50] BAT DAU LUONG FAST (QUET BE MAT) 
[Sun 04/26/2026 14:39:42.83] [1/3] Dang cao du lieu be mat... 
[Browser] Đang khởi tạo trình duyệt...
[Browser] Phát hiện Chrome (Windows): Version 139

[Spider] Đang cào trang 1/10: https://batdongsan.com.vn/nha-dat-ban-ha-dong
[Spider] ✅ Thành công: Tìm thấy 30 tin đăng ở trang 1.

[Spider] Đang cào trang 2/10: https://batdongsan.com.vn/nha-dat-ban-ha-dong/p2
[Spider] ✅ Thành công: Tìm thấy 30 tin đăng ở trang 2.

[Spider] Đang cào trang 3/10: https://batdongsan.com.vn/nha-dat-ban-ha-dong/p3
[Spider] ✅ Thành công: Tìm thấy 30 tin đăng ở trang 3.

[Spider] Đang cào trang 4/10: https://batdongsan.com.vn/nha-dat-ban-ha-dong/p4
[Spider] ✅ Thành công: Tìm thấy 30 tin đăng ở trang 4.

[Spider] Đang cào trang 5/10: https://batdongsan.com.vn/nha-dat-ban-ha-dong/p5
[Spider] ✅ Thành công: Tìm thấy 30 tin đăng ở trang 5.

[Spider] Đang cào trang 6/10: https://batdongsan.com.vn/nha-dat-ban-ha-dong/p6
[Spider] ✅ Thành công: Tìm thấy 30 tin đăng ở trang 6.

[Spider] Đang cào trang 7/10: https://batdongsan.com.vn/nha-dat-ban-ha-dong/p7
[Spider] ✅ Thành công: Tìm thấy 30 tin đăng ở trang 7.

[Spider] Đang cào trang 8/10: https://batdongsan.com.vn/nha-dat-ban-ha-dong/p8
[Spider] ✅ Thành công: Tìm thấy 30 tin đăng ở trang 8.

[Spider] Đang cào trang 9/10: https://batdongsan.com.vn/nha-dat-ban-ha-dong/p9
[Spider] ✅ Thành công: Tìm thấy 30 tin đăng ở trang 9.

[Spider] Đang cào trang 10/10: https://batdongsan.com.vn/nha-dat-ban-ha-dong/p10
[Spider] ✅ Thành công: Tìm thấy 30 tin đăng ở trang 10.
[Spider] Đang gộp dữ liệu mới vào file cũ (Khớp theo tên cột)...
[Spider] Đã lưu 230 dòng mới. Tổng: 39448 dòng.
[Sun 04/26/2026 14:45:42.59] [2/3] Dang lam sach va day vao PostgreSQL... 
🔍 Đang cấu hình Database với: postgres.kkwivuufxdewurmxtsto@aws-1-ap-southeast-1.pooler.supabase.com:5432/postgres
D:\Python\realtime_estimate_tracker\src\preprocessing\cleaner.py:138: UserWarning: Parsing dates in %d/%m/%Y format when dayfirst=False (the default) was specified. Pass `dayfirst=True` or specify a format to silence this warning.
  df['scraped_date'] = pd.to_datetime(df['scraped_date'], errors='coerce')
Đang đọc dữ liệu thô...
Tổng số dòng thô: 39448
🧠 Đang áp dụng NLP trích xuất Đặc trưng...
🧠 Đang áp dụng KNN Imputer...
✅ Giữ lại 5912/39448 tin hợp lệ.
✅ Đã kết nối thành công tới PostgreSQL.
✅ Bảng 'bds_hadong' đã có PRIMARY KEY. Bỏ qua.
Đang thực hiện Upsert dữ liệu vào PostgreSQL...
🔄 Upsert thành công 5912 bản ghi vào 'bds_hadong'.
✅ Hoàn tất Pipeline ETL.
[Sun 04/26/2026 14:46:55.49] [3/3] Dang dong bo Data len GitHub... 
[main 6ec6e0f] Auto-update Fast Pipeline: Sun 04/26/2026 14:46:59.97
 4 files changed, 604 insertions(+), 309 deletions(-)
fatal: Unable to persist credentials with the 'wincredman' credential store.
See https://aka.ms/gcm/credstores for more information.
fatal: Unable to persist credentials with the 'wincredman' credential store.
See https://aka.ms/gcm/credstores for more information.
fatal: could not read Username for 'https://github.com': terminal prompts disabled
[Sun 04/26/2026 14:47:07.04] LOI: git push that bai. 
[Sun 04/26/2026 14:47:07.07] LUONG FAST BI DUNG DO LOI 
========================================= 
[Mon 04/27/2026 13:05:35.41] BAT DAU LUONG FAST (QUET BE MAT) 
[Mon 04/27/2026 13:05:35.43] [1/3] Dang cao du lieu be mat... 
[Browser] Đang khởi tạo trình duyệt...
[Browser] Phát hiện Chrome (Windows): Version 139

[Spider] Đang cào trang 1/10: https://batdongsan.com.vn/nha-dat-ban-ha-dong
[Spider] ✅ Thành công: Tìm thấy 30 tin đăng ở trang 1.

[Spider] Đang cào trang 2/10: https://batdongsan.com.vn/nha-dat-ban-ha-dong/p2
[Spider] ✅ Thành công: Tìm thấy 30 tin đăng ở trang 2.

[Spider] Đang cào trang 3/10: https://batdongsan.com.vn/nha-dat-ban-ha-dong/p3
[Spider] ✅ Thành công: Tìm thấy 30 tin đăng ở trang 3.

[Spider] Đang cào trang 4/10: https://batdongsan.com.vn/nha-dat-ban-ha-dong/p4
[Spider] ✅ Thành công: Tìm thấy 30 tin đăng ở trang 4.

[Spider] Đang cào trang 5/10: https://batdongsan.com.vn/nha-dat-ban-ha-dong/p5
[Spider] ✅ Thành công: Tìm thấy 30 tin đăng ở trang 5.

[Spider] Đang cào trang 6/10: https://batdongsan.com.vn/nha-dat-ban-ha-dong/p6
[Spider] ✅ Thành công: Tìm thấy 30 tin đăng ở trang 6.

[Spider] Đang cào trang 7/10: https://batdongsan.com.vn/nha-dat-ban-ha-dong/p7
[Spider] ✅ Thành công: Tìm thấy 30 tin đăng ở trang 7.

[Spider] Đang cào trang 8/10: https://batdongsan.com.vn/nha-dat-ban-ha-dong/p8
[Spider] ✅ Thành công: Tìm thấy 30 tin đăng ở trang 8.

[Spider] Đang cào trang 9/10: https://batdongsan.com.vn/nha-dat-ban-ha-dong/p9
[Spider] ✅ Thành công: Tìm thấy 30 tin đăng ở trang 9.

[Spider] Đang cào trang 10/10: https://batdongsan.com.vn/nha-dat-ban-ha-dong/p10
[Spider] ✅ Thành công: Tìm thấy 30 tin đăng ở trang 10.
[Spider] Đang gộp dữ liệu mới vào file cũ (Khớp theo tên cột)...
[Spider] Đã lưu 230 dòng mới. Tổng: 39678 dòng.
[Mon 04/27/2026 13:09:14.74] [2/3] Dang lam sach va day vao PostgreSQL... 
🔍 Đang cấu hình Database với: postgres.kkwivuufxdewurmxtsto@aws-1-ap-southeast-1.pooler.supabase.com:5432/postgres
D:\Python\realtime_estimate_tracker\src\preprocessing\cleaner.py:138: UserWarning: Parsing dates in %d/%m/%Y format when dayfirst=False (the default) was specified. Pass `dayfirst=True` or specify a format to silence this warning.
  df['scraped_date'] = pd.to_datetime(df['scraped_date'], errors='coerce')
Đang đọc dữ liệu thô...
Tổng số dòng thô: 39678
🧠 Đang áp dụng NLP trích xuất Đặc trưng...
🧠 Đang áp dụng KNN Imputer...
✅ Giữ lại 5924/39678 tin hợp lệ.
✅ Đã kết nối thành công tới PostgreSQL.
✅ Bảng 'bds_hadong' đã có PRIMARY KEY. Bỏ qua.
Đang thực hiện Upsert dữ liệu vào PostgreSQL...
🔄 Upsert thành công 5924 bản ghi vào 'bds_hadong'.
✅ Hoàn tất Pipeline ETL.
[Mon 04/27/2026 13:10:02.63] [3/3] Dang dong bo Data len GitHub... 
[main f10034a] Auto-update Fast Pipeline: Mon 04/27/2026 13:10:07.68
 4 files changed, 641 insertions(+), 339 deletions(-)
fatal: Unable to persist credentials with the 'wincredman' credential store.
See https://aka.ms/gcm/credstores for more information.
fatal: Unable to persist credentials with the 'wincredman' credential store.
See https://aka.ms/gcm/credstores for more information.
fatal: could not read Username for 'https://github.com': terminal prompts disabled
[Mon 04/27/2026 13:10:14.01] LOI: git push that bai. 
[Mon 04/27/2026 13:10:14.04] LUONG FAST BI DUNG DO LOI 
========================================= 
[Tue 04/28/2026 12:00:03.01] BAT DAU LUONG FAST (QUET BE MAT) 
[Tue 04/28/2026 12:00:03.02] [1/3] Dang cao du lieu be mat... 
[Browser] Đang khởi tạo trình duyệt...
[Browser] Phát hiện Chrome (Windows): Version 139

[Spider] Đang cào trang 1/10: https://batdongsan.com.vn/nha-dat-ban-ha-dong
[Spider] ✅ Thành công: Tìm thấy 30 tin đăng ở trang 1.

[Spider] Đang cào trang 2/10: https://batdongsan.com.vn/nha-dat-ban-ha-dong/p2
[Spider] ✅ Thành công: Tìm thấy 30 tin đăng ở trang 2.

[Spider] Đang cào trang 3/10: https://batdongsan.com.vn/nha-dat-ban-ha-dong/p3
[Spider] ✅ Thành công: Tìm thấy 30 tin đăng ở trang 3.

[Spider] Đang cào trang 4/10: https://batdongsan.com.vn/nha-dat-ban-ha-dong/p4
[Spider] ✅ Thành công: Tìm thấy 30 tin đăng ở trang 4.

[Spider] Đang cào trang 5/10: https://batdongsan.com.vn/nha-dat-ban-ha-dong/p5
[Spider] ✅ Thành công: Tìm thấy 30 tin đăng ở trang 5.

[Spider] Đang cào trang 6/10: https://batdongsan.com.vn/nha-dat-ban-ha-dong/p6
[Spider] ✅ Thành công: Tìm thấy 30 tin đăng ở trang 6.

[Spider] Đang cào trang 7/10: https://batdongsan.com.vn/nha-dat-ban-ha-dong/p7
[Spider] ✅ Thành công: Tìm thấy 30 tin đăng ở trang 7.

[Spider] Đang cào trang 8/10: https://batdongsan.com.vn/nha-dat-ban-ha-dong/p8
[Spider] ✅ Thành công: Tìm thấy 30 tin đăng ở trang 8.

[Spider] Đang cào trang 9/10: https://batdongsan.com.vn/nha-dat-ban-ha-dong/p9
[Spider] ✅ Thành công: Tìm thấy 30 tin đăng ở trang 9.

[Spider] Đang cào trang 10/10: https://batdongsan.com.vn/nha-dat-ban-ha-dong/p10
[Spider] ✅ Thành công: Tìm thấy 30 tin đăng ở trang 10.
[Spider] Đang gộp dữ liệu mới vào file cũ (Khớp theo tên cột)...
[Spider] Đã lưu 230 dòng mới. Tổng: 39908 dòng.
[Tue 04/28/2026 12:03:36.78] [2/3] Dang lam sach va day vao PostgreSQL... 
🔍 Đang cấu hình Database với: postgres.kkwivuufxdewurmxtsto@aws-1-ap-southeast-1.pooler.supabase.com:5432/postgres
D:\Python\realtime_estimate_tracker\src\preprocessing\cleaner.py:138: UserWarning: Parsing dates in %d/%m/%Y format when dayfirst=False (the default) was specified. Pass `dayfirst=True` or specify a format to silence this warning.
  df['scraped_date'] = pd.to_datetime(df['scraped_date'], errors='coerce')
Đang đọc dữ liệu thô...
Tổng số dòng thô: 39908
🧠 Đang áp dụng NLP trích xuất Đặc trưng...
🧠 Đang áp dụng KNN Imputer...
✅ Giữ lại 5930/39908 tin hợp lệ.
✅ Đã kết nối thành công tới PostgreSQL.
✅ Bảng 'bds_hadong' đã có PRIMARY KEY. Bỏ qua.
Đang thực hiện Upsert dữ liệu vào PostgreSQL...
🔄 Upsert thành công 5930 bản ghi vào 'bds_hadong'.
✅ Hoàn tất Pipeline ETL.
[Tue 04/28/2026 12:04:31.58] [3/3] Dang dong bo Data len GitHub... 
[main 35bbb30] Auto-update Fast Pipeline: Tue 04/28/2026 12:04:36.57
 4 files changed, 657 insertions(+), 362 deletions(-)
fatal: Unable to persist credentials with the 'wincredman' credential store.
See https://aka.ms/gcm/credstores for more information.
fatal: Unable to persist credentials with the 'wincredman' credential store.
See https://aka.ms/gcm/credstores for more information.
fatal: could not read Username for 'https://github.com': terminal prompts disabled
[Tue 04/28/2026 12:04:40.12] LOI: git push that bai. 
[Tue 04/28/2026 12:04:40.15] LUONG FAST BI DUNG DO LOI 
========================================= 
[Wed 04/29/2026 13:06:52.83] BAT DAU LUONG FAST (QUET BE MAT) 
[Wed 04/29/2026 13:06:52.85] [1/3] Dang cao du lieu be mat... 
[Browser] Đang khởi tạo trình duyệt...
[Browser] Phát hiện Chrome (Windows): Version 139

[Spider] Đang cào trang 1/10: https://batdongsan.com.vn/nha-dat-ban-ha-dong
[Spider] ✅ Thành công: Tìm thấy 30 tin đăng ở trang 1.

[Spider] Đang cào trang 2/10: https://batdongsan.com.vn/nha-dat-ban-ha-dong/p2
[Spider] ✅ Thành công: Tìm thấy 30 tin đăng ở trang 2.

[Spider] Đang cào trang 3/10: https://batdongsan.com.vn/nha-dat-ban-ha-dong/p3
[Spider] ✅ Thành công: Tìm thấy 30 tin đăng ở trang 3.

[Spider] Đang cào trang 4/10: https://batdongsan.com.vn/nha-dat-ban-ha-dong/p4
[Spider] ✅ Thành công: Tìm thấy 30 tin đăng ở trang 4.

[Spider] Đang cào trang 5/10: https://batdongsan.com.vn/nha-dat-ban-ha-dong/p5
[Spider] ✅ Thành công: Tìm thấy 30 tin đăng ở trang 5.

[Spider] Đang cào trang 6/10: https://batdongsan.com.vn/nha-dat-ban-ha-dong/p6
[Spider] ✅ Thành công: Tìm thấy 30 tin đăng ở trang 6.

[Spider] Đang cào trang 7/10: https://batdongsan.com.vn/nha-dat-ban-ha-dong/p7
[Spider] ✅ Thành công: Tìm thấy 30 tin đăng ở trang 7.

[Spider] Đang cào trang 8/10: https://batdongsan.com.vn/nha-dat-ban-ha-dong/p8
[Spider] ✅ Thành công: Tìm thấy 30 tin đăng ở trang 8.

[Spider] Đang cào trang 9/10: https://batdongsan.com.vn/nha-dat-ban-ha-dong/p9
[Spider] ✅ Thành công: Tìm thấy 30 tin đăng ở trang 9.

[Spider] Đang cào trang 10/10: https://batdongsan.com.vn/nha-dat-ban-ha-dong/p10
[Spider] ✅ Thành công: Tìm thấy 30 tin đăng ở trang 10.
[Spider] Đang gộp dữ liệu mới vào file cũ (Khớp theo tên cột)...
[Spider] Đã lưu 230 dòng mới. Tổng: 40138 dòng.
[Wed 04/29/2026 13:10:19.91] [2/3] Dang lam sach va day vao PostgreSQL... 
🔍 Đang cấu hình Database với: postgres.kkwivuufxdewurmxtsto@aws-1-ap-southeast-1.pooler.supabase.com:5432/postgres
D:\Python\realtime_estimate_tracker\src\preprocessing\cleaner.py:138: UserWarning: Parsing dates in %d/%m/%Y format when dayfirst=False (the default) was specified. Pass `dayfirst=True` or specify a format to silence this warning.
  df['scraped_date'] = pd.to_datetime(df['scraped_date'], errors='coerce')
Đang đọc dữ liệu thô...
Tổng số dòng thô: 40138
🧠 Đang áp dụng NLP trích xuất Đặc trưng...
🧠 Đang áp dụng KNN Imputer...
✅ Giữ lại 5949/40138 tin hợp lệ.
✅ Đã kết nối thành công tới PostgreSQL.
✅ Bảng 'bds_hadong' đã có PRIMARY KEY. Bỏ qua.
Đang thực hiện Upsert dữ liệu vào PostgreSQL...
🔄 Upsert thành công 5949 bản ghi vào 'bds_hadong'.
✅ Hoàn tất Pipeline ETL.
[Wed 04/29/2026 13:11:10.16] [3/3] Dang dong bo Data len GitHub... 
[main 73cff1a] Auto-update Fast Pipeline: Wed 04/29/2026 13:11:15.25
 4 files changed, 666 insertions(+), 358 deletions(-)
fatal: Unable to persist credentials with the 'wincredman' credential store.
See https://aka.ms/gcm/credstores for more information.
fatal: Unable to persist credentials with the 'wincredman' credential store.
See https://aka.ms/gcm/credstores for more information.
fatal: could not read Username for 'https://github.com': terminal prompts disabled
[Wed 04/29/2026 13:11:19.53] LOI: git push that bai. 
[Wed 04/29/2026 13:11:19.55] LUONG FAST BI DUNG DO LOI 
========================================= 
[Thu 04/30/2026 16:29:43.43] BAT DAU LUONG FAST (QUET BE MAT) 
[Thu 04/30/2026 16:29:43.45] [1/3] Dang cao du lieu be mat... 
[Browser] Đang khởi tạo trình duyệt...
[Browser] Phát hiện Chrome (Windows): Version 139

[Spider] Đang cào trang 1/10: https://batdongsan.com.vn/nha-dat-ban-ha-dong
[Spider] ✅ Thành công: Tìm thấy 30 tin đăng ở trang 1.

[Spider] Đang cào trang 2/10: https://batdongsan.com.vn/nha-dat-ban-ha-dong/p2
[Spider] ✅ Thành công: Tìm thấy 30 tin đăng ở trang 2.

[Spider] Đang cào trang 3/10: https://batdongsan.com.vn/nha-dat-ban-ha-dong/p3
[Spider] ✅ Thành công: Tìm thấy 30 tin đăng ở trang 3.

[Spider] Đang cào trang 4/10: https://batdongsan.com.vn/nha-dat-ban-ha-dong/p4
[Spider] ✅ Thành công: Tìm thấy 30 tin đăng ở trang 4.

[Spider] Đang cào trang 5/10: https://batdongsan.com.vn/nha-dat-ban-ha-dong/p5
[Spider] ✅ Thành công: Tìm thấy 30 tin đăng ở trang 5.

[Spider] Đang cào trang 6/10: https://batdongsan.com.vn/nha-dat-ban-ha-dong/p6
[Spider] ✅ Thành công: Tìm thấy 30 tin đăng ở trang 6.

[Spider] Đang cào trang 7/10: https://batdongsan.com.vn/nha-dat-ban-ha-dong/p7
[Spider] ✅ Thành công: Tìm thấy 30 tin đăng ở trang 7.

[Spider] Đang cào trang 8/10: https://batdongsan.com.vn/nha-dat-ban-ha-dong/p8
[Spider] ✅ Thành công: Tìm thấy 30 tin đăng ở trang 8.

[Spider] Đang cào trang 9/10: https://batdongsan.com.vn/nha-dat-ban-ha-dong/p9
[Spider] ✅ Thành công: Tìm thấy 30 tin đăng ở trang 9.

[Spider] Đang cào trang 10/10: https://batdongsan.com.vn/nha-dat-ban-ha-dong/p10
[Spider] ✅ Thành công: Tìm thấy 30 tin đăng ở trang 10.
[Spider] Đang gộp dữ liệu mới vào file cũ (Khớp theo tên cột)...
[Spider] Đã lưu 230 dòng mới. Tổng: 40368 dòng.
[Thu 04/30/2026 16:33:20.36] [2/3] Dang lam sach va day vao PostgreSQL... 
🔍 Đang cấu hình Database với: postgres.kkwivuufxdewurmxtsto@aws-1-ap-southeast-1.pooler.supabase.com:5432/postgres
D:\Python\realtime_estimate_tracker\src\preprocessing\cleaner.py:138: UserWarning: Parsing dates in %d/%m/%Y format when dayfirst=False (the default) was specified. Pass `dayfirst=True` or specify a format to silence this warning.
  df['scraped_date'] = pd.to_datetime(df['scraped_date'], errors='coerce')
Đang đọc dữ liệu thô...
Tổng số dòng thô: 40368
🧠 Đang áp dụng NLP trích xuất Đặc trưng...
🧠 Đang áp dụng KNN Imputer...
✅ Giữ lại 5967/40368 tin hợp lệ.
✅ Đã kết nối thành công tới PostgreSQL.
✅ Bảng 'bds_hadong' đã có PRIMARY KEY. Bỏ qua.
Đang thực hiện Upsert dữ liệu vào PostgreSQL...
🔄 Upsert thành công 5967 bản ghi vào 'bds_hadong'.
✅ Hoàn tất Pipeline ETL.
[Thu 04/30/2026 16:34:15.26] [3/3] Dang dong bo Data len GitHub... 
[main 7e1feaa] Auto-update Fast Pipeline: Thu 04/30/2026 16:34:21.23
 4 files changed, 664 insertions(+), 357 deletions(-)
fatal: Unable to persist credentials with the 'wincredman' credential store.
See https://aka.ms/gcm/credstores for more information.
fatal: Unable to persist credentials with the 'wincredman' credential store.
See https://aka.ms/gcm/credstores for more information.
fatal: could not read Username for 'https://github.com': terminal prompts disabled
[Thu 04/30/2026 16:34:24.45] LOI: git push that bai. 
[Thu 04/30/2026 16:34:24.47] LUONG FAST BI DUNG DO LOI 
========================================= 
[Fri 05/01/2026 12:00:02.67] BAT DAU LUONG FAST (QUET BE MAT) 
[Fri 05/01/2026 12:00:02.69] [1/3] Dang cao du lieu be mat... 
[Browser] Đang khởi tạo trình duyệt...
[Browser] Phát hiện Chrome (Windows): Version 139

[Spider] Đang cào trang 1/10: https://batdongsan.com.vn/nha-dat-ban-ha-dong
[Spider] ✅ Thành công: Tìm thấy 30 tin đăng ở trang 1.

[Spider] Đang cào trang 2/10: https://batdongsan.com.vn/nha-dat-ban-ha-dong/p2
[Spider] ✅ Thành công: Tìm thấy 30 tin đăng ở trang 2.

[Spider] Đang cào trang 3/10: https://batdongsan.com.vn/nha-dat-ban-ha-dong/p3
[Spider] ✅ Thành công: Tìm thấy 30 tin đăng ở trang 3.

[Spider] Đang cào trang 4/10: https://batdongsan.com.vn/nha-dat-ban-ha-dong/p4
[Spider] ✅ Thành công: Tìm thấy 30 tin đăng ở trang 4.

[Spider] Đang cào trang 5/10: https://batdongsan.com.vn/nha-dat-ban-ha-dong/p5
[Spider] ✅ Thành công: Tìm thấy 30 tin đăng ở trang 5.

[Spider] Đang cào trang 6/10: https://batdongsan.com.vn/nha-dat-ban-ha-dong/p6
[Spider] ✅ Thành công: Tìm thấy 30 tin đăng ở trang 6.

[Spider] Đang cào trang 7/10: https://batdongsan.com.vn/nha-dat-ban-ha-dong/p7
[Spider] ✅ Thành công: Tìm thấy 30 tin đăng ở trang 7.

[Spider] Đang cào trang 8/10: https://batdongsan.com.vn/nha-dat-ban-ha-dong/p8
[Spider] ✅ Thành công: Tìm thấy 30 tin đăng ở trang 8.

[Spider] Đang cào trang 9/10: https://batdongsan.com.vn/nha-dat-ban-ha-dong/p9
[Spider] ✅ Thành công: Tìm thấy 30 tin đăng ở trang 9.

[Spider] Đang cào trang 10/10: https://batdongsan.com.vn/nha-dat-ban-ha-dong/p10
[Spider] ✅ Thành công: Tìm thấy 30 tin đăng ở trang 10.
[Spider] Đang gộp dữ liệu mới vào file cũ (Khớp theo tên cột)...
[Spider] Đã lưu 230 dòng mới. Tổng: 40598 dòng.
[Fri 05/01/2026 12:03:34.41] [2/3] Dang lam sach va day vao PostgreSQL... 
🔍 Đang cấu hình Database với: postgres.kkwivuufxdewurmxtsto@aws-1-ap-southeast-1.pooler.supabase.com:5432/postgres
D:\Python\realtime_estimate_tracker\src\preprocessing\cleaner.py:138: UserWarning: Parsing dates in %d/%m/%Y format when dayfirst=False (the default) was specified. Pass `dayfirst=True` or specify a format to silence this warning.
  df['scraped_date'] = pd.to_datetime(df['scraped_date'], errors='coerce')
Đang đọc dữ liệu thô...
Tổng số dòng thô: 40598
🧠 Đang áp dụng NLP trích xuất Đặc trưng...
🧠 Đang áp dụng KNN Imputer...
✅ Giữ lại 5995/40598 tin hợp lệ.
✅ Đã kết nối thành công tới PostgreSQL.
✅ Bảng 'bds_hadong' đã có PRIMARY KEY. Bỏ qua.
Đang thực hiện Upsert dữ liệu vào PostgreSQL...
🔄 Upsert thành công 5995 bản ghi vào 'bds_hadong'.
✅ Hoàn tất Pipeline ETL.
[Fri 05/01/2026 12:04:20.84] [3/3] Dang dong bo Data len GitHub... 
[main 181d190] Auto-update Fast Pipeline: Fri 05/01/2026 12:04:25.79
 4 files changed, 737 insertions(+), 391 deletions(-)
fatal: Unable to persist credentials with the 'wincredman' credential store.
See https://aka.ms/gcm/credstores for more information.
fatal: Unable to persist credentials with the 'wincredman' credential store.
See https://aka.ms/gcm/credstores for more information.
fatal: could not read Username for 'https://github.com': terminal prompts disabled
[Fri 05/01/2026 12:04:29.76] LOI: git push that bai. 
[Fri 05/01/2026 12:04:29.77] LUONG FAST BI DUNG DO LOI 
========================================= 
[Sat 05/02/2026 12:47:23.16] BAT DAU LUONG FAST (QUET BE MAT) 
[Sat 05/02/2026 12:47:23.20] [1/3] Dang cao du lieu be mat... 
[Browser] Đang khởi tạo trình duyệt...
[Browser] Phát hiện Chrome (Windows): Version 139

[Spider] Đang cào trang 1/10: https://batdongsan.com.vn/nha-dat-ban-ha-dong
[Spider] ✅ Thành công: Tìm thấy 30 tin đăng ở trang 1.

[Spider] Đang cào trang 2/10: https://batdongsan.com.vn/nha-dat-ban-ha-dong/p2
[Spider] ✅ Thành công: Tìm thấy 30 tin đăng ở trang 2.

[Spider] Đang cào trang 3/10: https://batdongsan.com.vn/nha-dat-ban-ha-dong/p3
[Spider] ✅ Thành công: Tìm thấy 30 tin đăng ở trang 3.

[Spider] Đang cào trang 4/10: https://batdongsan.com.vn/nha-dat-ban-ha-dong/p4
[Spider] ✅ Thành công: Tìm thấy 30 tin đăng ở trang 4.

[Spider] Đang cào trang 5/10: https://batdongsan.com.vn/nha-dat-ban-ha-dong/p5
[Spider] ✅ Thành công: Tìm thấy 30 tin đăng ở trang 5.

[Spider] Đang cào trang 6/10: https://batdongsan.com.vn/nha-dat-ban-ha-dong/p6
[Spider] ✅ Thành công: Tìm thấy 30 tin đăng ở trang 6.

[Spider] Đang cào trang 7/10: https://batdongsan.com.vn/nha-dat-ban-ha-dong/p7
[Spider] ✅ Thành công: Tìm thấy 30 tin đăng ở trang 7.

[Spider] Đang cào trang 8/10: https://batdongsan.com.vn/nha-dat-ban-ha-dong/p8
[Spider] ✅ Thành công: Tìm thấy 30 tin đăng ở trang 8.

[Spider] Đang cào trang 9/10: https://batdongsan.com.vn/nha-dat-ban-ha-dong/p9
[Spider] ✅ Thành công: Tìm thấy 30 tin đăng ở trang 9.

[Spider] Đang cào trang 10/10: https://batdongsan.com.vn/nha-dat-ban-ha-dong/p10
[Spider] ✅ Thành công: Tìm thấy 30 tin đăng ở trang 10.
[Spider] Đang gộp dữ liệu mới vào file cũ (Khớp theo tên cột)...
[Spider] Đã lưu 230 dòng mới. Tổng: 40828 dòng.
[Sat 05/02/2026 12:51:13.17] [2/3] Dang lam sach va day vao PostgreSQL... 
🔍 Đang cấu hình Database với: postgres.kkwivuufxdewurmxtsto@aws-1-ap-southeast-1.pooler.supabase.com:5432/postgres
D:\Python\realtime_estimate_tracker\src\preprocessing\cleaner.py:138: UserWarning: Parsing dates in %d/%m/%Y format when dayfirst=False (the default) was specified. Pass `dayfirst=True` or specify a format to silence this warning.
  df['scraped_date'] = pd.to_datetime(df['scraped_date'], errors='coerce')
Đang đọc dữ liệu thô...
Tổng số dòng thô: 40828
🧠 Đang áp dụng NLP trích xuất Đặc trưng...
🧠 Đang áp dụng KNN Imputer...
✅ Giữ lại 6024/40828 tin hợp lệ.
✅ Đã kết nối thành công tới PostgreSQL.
✅ Bảng 'bds_hadong' đã có PRIMARY KEY. Bỏ qua.
Đang thực hiện Upsert dữ liệu vào PostgreSQL...
🔄 Upsert thành công 6024 bản ghi vào 'bds_hadong'.
✅ Hoàn tất Pipeline ETL.
[Sat 05/02/2026 12:51:58.41] [3/3] Dang dong bo Data len GitHub... 
[main 7cc470c] Auto-update Fast Pipeline: Sat 05/02/2026 12:52:03.60
 4 files changed, 706 insertions(+), 386 deletions(-)
fatal: Unable to persist credentials with the 'wincredman' credential store.
See https://aka.ms/gcm/credstores for more information.
fatal: Unable to persist credentials with the 'wincredman' credential store.
See https://aka.ms/gcm/credstores for more information.
fatal: could not read Username for 'https://github.com': terminal prompts disabled
[Sat 05/02/2026 12:52:07.98] LOI: git push that bai. 
[Sat 05/02/2026 12:52:08.00] LUONG FAST BI DUNG DO LOI 
========================================= 
[Sun 05/03/2026 13:32:19.39] BAT DAU LUONG FAST (QUET BE MAT) 
[Sun 05/03/2026 13:32:19.42] [1/3] Dang cao du lieu be mat... 
[Browser] Đang khởi tạo trình duyệt...
[Browser] Phát hiện Chrome (Windows): Version 139

[Spider] Đang cào trang 1/10: https://batdongsan.com.vn/nha-dat-ban-ha-dong
[Spider] ✅ Thành công: Tìm thấy 30 tin đăng ở trang 1.

[Spider] Đang cào trang 2/10: https://batdongsan.com.vn/nha-dat-ban-ha-dong/p2
[Spider] ✅ Thành công: Tìm thấy 30 tin đăng ở trang 2.

[Spider] Đang cào trang 3/10: https://batdongsan.com.vn/nha-dat-ban-ha-dong/p3
[Spider] ✅ Thành công: Tìm thấy 30 tin đăng ở trang 3.

[Spider] Đang cào trang 4/10: https://batdongsan.com.vn/nha-dat-ban-ha-dong/p4
[Spider] ✅ Thành công: Tìm thấy 30 tin đăng ở trang 4.

[Spider] Đang cào trang 5/10: https://batdongsan.com.vn/nha-dat-ban-ha-dong/p5
[Spider] ✅ Thành công: Tìm thấy 30 tin đăng ở trang 5.

[Spider] Đang cào trang 6/10: https://batdongsan.com.vn/nha-dat-ban-ha-dong/p6
[Spider] ✅ Thành công: Tìm thấy 30 tin đăng ở trang 6.

[Spider] Đang cào trang 7/10: https://batdongsan.com.vn/nha-dat-ban-ha-dong/p7
[Spider] ✅ Thành công: Tìm thấy 30 tin đăng ở trang 7.

[Spider] Đang cào trang 8/10: https://batdongsan.com.vn/nha-dat-ban-ha-dong/p8
[Spider] ✅ Thành công: Tìm thấy 30 tin đăng ở trang 8.

[Spider] Đang cào trang 9/10: https://batdongsan.com.vn/nha-dat-ban-ha-dong/p9
[Spider] ✅ Thành công: Tìm thấy 30 tin đăng ở trang 9.

[Spider] Đang cào trang 10/10: https://batdongsan.com.vn/nha-dat-ban-ha-dong/p10
[Spider] ✅ Thành công: Tìm thấy 30 tin đăng ở trang 10.
[Spider] Đang gộp dữ liệu mới vào file cũ (Khớp theo tên cột)...
[Spider] Đã lưu 230 dòng mới. Tổng: 41058 dòng.
[Sun 05/03/2026 13:36:12.18] [2/3] Dang lam sach va day vao PostgreSQL... 
🔍 Đang cấu hình Database với: postgres.kkwivuufxdewurmxtsto@aws-1-ap-southeast-1.pooler.supabase.com:5432/postgres
D:\Python\realtime_estimate_tracker\src\preprocessing\cleaner.py:138: UserWarning: Parsing dates in %d/%m/%Y format when dayfirst=False (the default) was specified. Pass `dayfirst=True` or specify a format to silence this warning.
  df['scraped_date'] = pd.to_datetime(df['scraped_date'], errors='coerce')
Đang đọc dữ liệu thô...
Tổng số dòng thô: 41058
🧠 Đang áp dụng NLP trích xuất Đặc trưng...
🧠 Đang áp dụng KNN Imputer...
✅ Giữ lại 6055/41058 tin hợp lệ.
✅ Đã kết nối thành công tới PostgreSQL.
✅ Bảng 'bds_hadong' đã có PRIMARY KEY. Bỏ qua.
Đang thực hiện Upsert dữ liệu vào PostgreSQL...
🔄 Upsert thành công 6055 bản ghi vào 'bds_hadong'.
✅ Hoàn tất Pipeline ETL.
[Sun 05/03/2026 13:37:07.10] [3/3] Dang dong bo Data len GitHub... 
[main ba298b4] Auto-update Fast Pipeline: Sun 05/03/2026 13:37:12.35
 4 files changed, 800 insertions(+), 408 deletions(-)
fatal: Unable to persist credentials with the 'wincredman' credential store.
See https://aka.ms/gcm/credstores for more information.
fatal: Unable to persist credentials with the 'wincredman' credential store.
See https://aka.ms/gcm/credstores for more information.
fatal: could not read Username for 'https://github.com': terminal prompts disabled
[Sun 05/03/2026 13:37:17.31] LOI: git push that bai. 
[Sun 05/03/2026 13:37:17.33] LUONG FAST BI DUNG DO LOI 
========================================= 
[Mon 05/04/2026 12:00:02.58] BAT DAU LUONG FAST (QUET BE MAT) 
[Mon 05/04/2026 12:00:02.60] [1/3] Dang cao du lieu be mat... 
[Browser] Đang khởi tạo trình duyệt...
[Browser] Phát hiện Chrome (Windows): Version 139

[Spider] Đang cào trang 1/10: https://batdongsan.com.vn/nha-dat-ban-ha-dong
[Spider] ✅ Thành công: Tìm thấy 30 tin đăng ở trang 1.

[Spider] Đang cào trang 2/10: https://batdongsan.com.vn/nha-dat-ban-ha-dong/p2
[Spider] ✅ Thành công: Tìm thấy 30 tin đăng ở trang 2.

[Spider] Đang cào trang 3/10: https://batdongsan.com.vn/nha-dat-ban-ha-dong/p3
[Spider] ✅ Thành công: Tìm thấy 30 tin đăng ở trang 3.

[Spider] Đang cào trang 4/10: https://batdongsan.com.vn/nha-dat-ban-ha-dong/p4
[Spider] ✅ Thành công: Tìm thấy 30 tin đăng ở trang 4.

[Spider] Đang cào trang 5/10: https://batdongsan.com.vn/nha-dat-ban-ha-dong/p5
[Spider] ✅ Thành công: Tìm thấy 30 tin đăng ở trang 5.

[Spider] Đang cào trang 6/10: https://batdongsan.com.vn/nha-dat-ban-ha-dong/p6
[Spider] ✅ Thành công: Tìm thấy 30 tin đăng ở trang 6.

[Spider] Đang cào trang 7/10: https://batdongsan.com.vn/nha-dat-ban-ha-dong/p7
[Spider] ✅ Thành công: Tìm thấy 30 tin đăng ở trang 7.

[Spider] Đang cào trang 8/10: https://batdongsan.com.vn/nha-dat-ban-ha-dong/p8
[Spider] ✅ Thành công: Tìm thấy 30 tin đăng ở trang 8.

[Spider] Đang cào trang 9/10: https://batdongsan.com.vn/nha-dat-ban-ha-dong/p9
[Spider] ✅ Thành công: Tìm thấy 30 tin đăng ở trang 9.

[Spider] Đang cào trang 10/10: https://batdongsan.com.vn/nha-dat-ban-ha-dong/p10
[Spider] ✅ Thành công: Tìm thấy 30 tin đăng ở trang 10.
[Spider] Đang gộp dữ liệu mới vào file cũ (Khớp theo tên cột)...
[Spider] Đã lưu 230 dòng mới. Tổng: 41288 dòng.
[Mon 05/04/2026 12:03:28.75] [2/3] Dang lam sach va day vao PostgreSQL... 
🔍 Đang cấu hình Database với: postgres.kkwivuufxdewurmxtsto@aws-1-ap-southeast-1.pooler.supabase.com:5432/postgres
D:\Python\realtime_estimate_tracker\src\preprocessing\cleaner.py:138: UserWarning: Parsing dates in %d/%m/%Y format when dayfirst=False (the default) was specified. Pass `dayfirst=True` or specify a format to silence this warning.
  df['scraped_date'] = pd.to_datetime(df['scraped_date'], errors='coerce')
Đang đọc dữ liệu thô...
Tổng số dòng thô: 41288
🧠 Đang áp dụng NLP trích xuất Đặc trưng...
🧠 Đang áp dụng KNN Imputer...
✅ Giữ lại 6099/41288 tin hợp lệ.
✅ Đã kết nối thành công tới PostgreSQL.
✅ Bảng 'bds_hadong' đã có PRIMARY KEY. Bỏ qua.
Đang thực hiện Upsert dữ liệu vào PostgreSQL...
🔄 Upsert thành công 6099 bản ghi vào 'bds_hadong'.
✅ Hoàn tất Pipeline ETL.
[Mon 05/04/2026 12:04:16.42] [3/3] Dang dong bo Data len GitHub... 
[main 421d6dd] Auto-update Fast Pipeline: Mon 05/04/2026 12:04:21.85
 4 files changed, 769 insertions(+), 434 deletions(-)
fatal: Unable to persist credentials with the 'wincredman' credential store.
See https://aka.ms/gcm/credstores for more information.
fatal: Unable to persist credentials with the 'wincredman' credential store.
See https://aka.ms/gcm/credstores for more information.
fatal: could not read Username for 'https://github.com': terminal prompts disabled
[Mon 05/04/2026 12:04:25.75] LOI: git push that bai. 
[Mon 05/04/2026 12:04:25.77] LUONG FAST BI DUNG DO LOI 
========================================= 
[Tue 05/05/2026 12:27:35.27] BAT DAU LUONG FAST (QUET BE MAT) 
[Tue 05/05/2026 12:27:35.30] [1/3] Dang cao du lieu be mat... 
Traceback (most recent call last):
  File "C:\Users\User\AppData\Local\Programs\Python\Python310\lib\urllib\request.py", line 1348, in do_open
    h.request(req.get_method(), req.selector, req.data, headers,
  File "C:\Users\User\AppData\Local\Programs\Python\Python310\lib\http\client.py", line 1276, in request
    self._send_request(method, url, body, headers, encode_chunked)
  File "C:\Users\User\AppData\Local\Programs\Python\Python310\lib\http\client.py", line 1322, in _send_request
    self.endheaders(body, encode_chunked=encode_chunked)
  File "C:\Users\User\AppData\Local\Programs\Python\Python310\lib\http\client.py", line 1271, in endheaders
    self._send_output(message_body, encode_chunked=encode_chunked)
  File "C:\Users\User\AppData\Local\Programs\Python\Python310\lib\http\client.py", line 1031, in _send_output
    self.send(msg)
  File "C:\Users\User\AppData\Local\Programs\Python\Python310\lib\http\client.py", line 969, in send
    self.connect()
  File "C:\Users\User\AppData\Local\Programs\Python\Python310\lib\http\client.py", line 1441, in connect
    super().connect()
  File "C:\Users\User\AppData\Local\Programs\Python\Python310\lib\http\client.py", line 940, in connect
    self.sock = self._create_connection(
  File "C:\Users\User\AppData\Local\Programs\Python\Python310\lib\socket.py", line 824, in create_connection
    for res in getaddrinfo(host, port, 0, SOCK_STREAM):
  File "C:\Users\User\AppData\Local\Programs\Python\Python310\lib\socket.py", line 955, in getaddrinfo
    for res in _socket.getaddrinfo(host, port, family, type, proto, flags):
socket.gaierror: [Errno 11001] getaddrinfo failed

During handling of the above exception, another exception occurred:

Traceback (most recent call last):
  File "C:\Users\User\AppData\Local\Programs\Python\Python310\lib\runpy.py", line 196, in _run_module_as_main
    return _run_code(code, main_globals, None,
  File "C:\Users\User\AppData\Local\Programs\Python\Python310\lib\runpy.py", line 86, in _run_code
    exec(code, run_globals)
  File "D:\Python\realtime_estimate_tracker\src\data_loader\spider.py", line 193, in <module>
    data = run_crawler(pages=10)
  File "D:\Python\realtime_estimate_tracker\src\data_loader\spider.py", line 109, in run_crawler
    driver = init_driver()
  File "D:\Python\realtime_estimate_tracker\src\data_loader\browser.py", line 99, in init_driver
    raise e
  File "D:\Python\realtime_estimate_tracker\src\data_loader\browser.py", line 88, in init_driver
    driver = uc.Chrome(
  File "D:\Python\realtime_estimate_tracker\venv_bds\lib\site-packages\undetected_chromedriver\__init__.py", line 258, in __init__
    self.patcher.auto()
  File "D:\Python\realtime_estimate_tracker\venv_bds\lib\site-packages\undetected_chromedriver\patcher.py", line 175, in auto
    release = self.fetch_release_number()
  File "D:\Python\realtime_estimate_tracker\venv_bds\lib\site-packages\undetected_chromedriver\patcher.py", line 259, in fetch_release_number
    with urlopen(self.url_repo + path) as conn:
  File "C:\Users\User\AppData\Local\Programs\Python\Python310\lib\urllib\request.py", line 216, in urlopen
    return opener.open(url, data, timeout)
  File "C:\Users\User\AppData\Local\Programs\Python\Python310\lib\urllib\request.py", line 519, in open
    response = self._open(req, data)
  File "C:\Users\User\AppData\Local\Programs\Python\Python310\lib\urllib\request.py", line 536, in _open
    result = self._call_chain(self.handle_open, protocol, protocol +
  File "C:\Users\User\AppData\Local\Programs\Python\Python310\lib\urllib\request.py", line 496, in _call_chain
    result = func(*args)
  File "C:\Users\User\AppData\Local\Programs\Python\Python310\lib\urllib\request.py", line 1391, in https_open
    return self.do_open(http.client.HTTPSConnection, req,
  File "C:\Users\User\AppData\Local\Programs\Python\Python310\lib\urllib\request.py", line 1351, in do_open
    raise URLError(err)
urllib.error.URLError: <urlopen error [Errno 11001] getaddrinfo failed>
[Browser] Đang khởi tạo trình duyệt...
[Browser] Phát hiện Chrome (Windows): Version 139
[Browser] Lỗi khởi tạo driver: <urlopen error [Errno 11001] getaddrinfo failed>
[Tue 05/05/2026 12:27:56.87] LOI: Spider that bai. Dung pipeline. 
[Tue 05/05/2026 12:27:57.33] LUONG FAST BI DUNG DO LOI 
========================================= 
[Wed 05/06/2026 12:00:05.74] BAT DAU LUONG FAST (QUET BE MAT) 
[Wed 05/06/2026 12:00:05.77] [1/3] Dang cao du lieu be mat... 
[Browser] Đang khởi tạo trình duyệt...
[Browser] Phát hiện Chrome (Windows): Version 139

[Spider] Đang cào trang 1/10: https://batdongsan.com.vn/nha-dat-ban-ha-dong
[Spider] ✅ Thành công: Tìm thấy 30 tin đăng ở trang 1.

[Spider] Đang cào trang 2/10: https://batdongsan.com.vn/nha-dat-ban-ha-dong/p2
[Spider] ✅ Thành công: Tìm thấy 30 tin đăng ở trang 2.

[Spider] Đang cào trang 3/10: https://batdongsan.com.vn/nha-dat-ban-ha-dong/p3
[Spider] ✅ Thành công: Tìm thấy 30 tin đăng ở trang 3.

[Spider] Đang cào trang 4/10: https://batdongsan.com.vn/nha-dat-ban-ha-dong/p4
[Spider] ✅ Thành công: Tìm thấy 30 tin đăng ở trang 4.

[Spider] Đang cào trang 5/10: https://batdongsan.com.vn/nha-dat-ban-ha-dong/p5
[Spider] ✅ Thành công: Tìm thấy 30 tin đăng ở trang 5.

[Spider] Đang cào trang 6/10: https://batdongsan.com.vn/nha-dat-ban-ha-dong/p6
[Spider] ✅ Thành công: Tìm thấy 30 tin đăng ở trang 6.

[Spider] Đang cào trang 7/10: https://batdongsan.com.vn/nha-dat-ban-ha-dong/p7
[Spider] ✅ Thành công: Tìm thấy 30 tin đăng ở trang 7.

[Spider] Đang cào trang 8/10: https://batdongsan.com.vn/nha-dat-ban-ha-dong/p8
[Spider] ✅ Thành công: Tìm thấy 30 tin đăng ở trang 8.

[Spider] Đang cào trang 9/10: https://batdongsan.com.vn/nha-dat-ban-ha-dong/p9
[Spider] ✅ Thành công: Tìm thấy 30 tin đăng ở trang 9.

[Spider] Đang cào trang 10/10: https://batdongsan.com.vn/nha-dat-ban-ha-dong/p10
[Spider] ✅ Thành công: Tìm thấy 30 tin đăng ở trang 10.
[Spider] Đang gộp dữ liệu mới vào file cũ (Khớp theo tên cột)...
[Spider] Đã lưu 230 dòng mới. Tổng: 41518 dòng.
[Wed 05/06/2026 12:03:20.75] [2/3] Dang lam sach va day vao PostgreSQL... 
🔍 Đang cấu hình Database với: postgres.kkwivuufxdewurmxtsto@aws-1-ap-southeast-1.pooler.supabase.com:5432/postgres
D:\Python\realtime_estimate_tracker\src\preprocessing\cleaner.py:138: UserWarning: Parsing dates in %d/%m/%Y format when dayfirst=False (the default) was specified. Pass `dayfirst=True` or specify a format to silence this warning.
  df['scraped_date'] = pd.to_datetime(df['scraped_date'], errors='coerce')
Đang đọc dữ liệu thô...
Tổng số dòng thô: 41518
🧠 Đang áp dụng NLP trích xuất Đặc trưng...
🧠 Đang áp dụng KNN Imputer...
✅ Giữ lại 6141/41518 tin hợp lệ.
✅ Đã kết nối thành công tới PostgreSQL.
✅ Bảng 'bds_hadong' đã có PRIMARY KEY. Bỏ qua.
Đang thực hiện Upsert dữ liệu vào PostgreSQL...
🔄 Upsert thành công 6141 bản ghi vào 'bds_hadong'.
✅ Hoàn tất Pipeline ETL.
[Wed 05/06/2026 12:04:02.24] [3/3] Dang dong bo Data len GitHub... 
[main a337a52] Auto-update Fast Pipeline: Wed 05/06/2026 12:04:06.90
 4 files changed, 773 insertions(+), 440 deletions(-)
remote: This repository moved. Please use the new location:        
remote:   https://github.com/HieuNT316/hanoi-house-price-prediction.git        
To https://github.com/Alexus143/hanoi-house-price-prediction.git
   615a108..a337a52  main -> main
[Wed 05/06/2026 12:04:17.81] HOAN THANH LUONG FAST 
========================================= 
[Thu 05/07/2026 12:32:32.12] BAT DAU LUONG FAST (QUET BE MAT) 
[Thu 05/07/2026 12:32:32.15] [1/3] Dang cao du lieu be mat... 
[Browser] Đang khởi tạo trình duyệt...
[Browser] Phát hiện Chrome (Windows): Version 139

[Spider] Đang cào trang 1/10: https://batdongsan.com.vn/nha-dat-ban-ha-dong
[Spider] ✅ Thành công: Tìm thấy 30 tin đăng ở trang 1.

[Spider] Đang cào trang 2/10: https://batdongsan.com.vn/nha-dat-ban-ha-dong/p2
[Spider] ✅ Thành công: Tìm thấy 30 tin đăng ở trang 2.

[Spider] Đang cào trang 3/10: https://batdongsan.com.vn/nha-dat-ban-ha-dong/p3
[Spider] ✅ Thành công: Tìm thấy 30 tin đăng ở trang 3.

[Spider] Đang cào trang 4/10: https://batdongsan.com.vn/nha-dat-ban-ha-dong/p4
[Spider] ✅ Thành công: Tìm thấy 30 tin đăng ở trang 4.

[Spider] Đang cào trang 5/10: https://batdongsan.com.vn/nha-dat-ban-ha-dong/p5
[Spider] ✅ Thành công: Tìm thấy 30 tin đăng ở trang 5.

[Spider] Đang cào trang 6/10: https://batdongsan.com.vn/nha-dat-ban-ha-dong/p6
[Spider] ✅ Thành công: Tìm thấy 30 tin đăng ở trang 6.

[Spider] Đang cào trang 7/10: https://batdongsan.com.vn/nha-dat-ban-ha-dong/p7
[Spider] ✅ Thành công: Tìm thấy 30 tin đăng ở trang 7.

[Spider] Đang cào trang 8/10: https://batdongsan.com.vn/nha-dat-ban-ha-dong/p8
[Spider] ✅ Thành công: Tìm thấy 30 tin đăng ở trang 8.

[Spider] Đang cào trang 9/10: https://batdongsan.com.vn/nha-dat-ban-ha-dong/p9
[Spider] ✅ Thành công: Tìm thấy 30 tin đăng ở trang 9.

[Spider] Đang cào trang 10/10: https://batdongsan.com.vn/nha-dat-ban-ha-dong/p10
[Spider] ✅ Thành công: Tìm thấy 30 tin đăng ở trang 10.
[Spider] Đang gộp dữ liệu mới vào file cũ (Khớp theo tên cột)...
[Spider] Đã lưu 230 dòng mới. Tổng: 41748 dòng.
[Thu 05/07/2026 12:36:00.35] [2/3] Dang lam sach va day vao PostgreSQL... 
🔍 Đang cấu hình Database với: postgres.kkwivuufxdewurmxtsto@aws-1-ap-southeast-1.pooler.supabase.com:5432/postgres
D:\Python\realtime_estimate_tracker\src\preprocessing\cleaner.py:138: UserWarning: Parsing dates in %d/%m/%Y format when dayfirst=False (the default) was specified. Pass `dayfirst=True` or specify a format to silence this warning.
  df['scraped_date'] = pd.to_datetime(df['scraped_date'], errors='coerce')
Đang đọc dữ liệu thô...
Tổng số dòng thô: 41748
🧠 Đang áp dụng NLP trích xuất Đặc trưng...
🧠 Đang áp dụng KNN Imputer...
✅ Giữ lại 6169/41748 tin hợp lệ.
✅ Đã kết nối thành công tới PostgreSQL.
✅ Bảng 'bds_hadong' đã có PRIMARY KEY. Bỏ qua.
Đang thực hiện Upsert dữ liệu vào PostgreSQL...
🔄 Upsert thành công 6169 bản ghi vào 'bds_hadong'.
✅ Hoàn tất Pipeline ETL.
[Thu 05/07/2026 12:36:47.42] [3/3] Dang dong bo Data len GitHub... 
[main b37973e] Auto-update Fast Pipeline: Thu 05/07/2026 12:36:52.39
 4 files changed, 755 insertions(+), 432 deletions(-)
fatal: Unable to persist credentials with the 'wincredman' credential store.
See https://aka.ms/gcm/credstores for more information.
fatal: Unable to persist credentials with the 'wincredman' credential store.
See https://aka.ms/gcm/credstores for more information.
fatal: could not read Username for 'https://github.com': terminal prompts disabled
[Thu 05/07/2026 12:36:56.85] LOI: git push that bai. 
[Thu 05/07/2026 12:36:56.87] LUONG FAST BI DUNG DO LOI 
========================================= 
[Fri 05/08/2026 13:02:52.64] BAT DAU LUONG FAST (QUET BE MAT) 
[Fri 05/08/2026 13:02:52.67] [1/3] Dang cao du lieu be mat... 
[Browser] Đang khởi tạo trình duyệt...
[Browser] Phát hiện Chrome (Windows): Version 139

[Spider] Đang cào trang 1/10: https://batdongsan.com.vn/nha-dat-ban-ha-dong
[Spider] ✅ Thành công: Tìm thấy 30 tin đăng ở trang 1.

[Spider] Đang cào trang 2/10: https://batdongsan.com.vn/nha-dat-ban-ha-dong/p2
[Spider] ✅ Thành công: Tìm thấy 30 tin đăng ở trang 2.

[Spider] Đang cào trang 3/10: https://batdongsan.com.vn/nha-dat-ban-ha-dong/p3
[Spider] ✅ Thành công: Tìm thấy 30 tin đăng ở trang 3.

[Spider] Đang cào trang 4/10: https://batdongsan.com.vn/nha-dat-ban-ha-dong/p4
[Spider] ✅ Thành công: Tìm thấy 30 tin đăng ở trang 4.

[Spider] Đang cào trang 5/10: https://batdongsan.com.vn/nha-dat-ban-ha-dong/p5
[Spider] ✅ Thành công: Tìm thấy 30 tin đăng ở trang 5.

[Spider] Đang cào trang 6/10: https://batdongsan.com.vn/nha-dat-ban-ha-dong/p6
[Spider] ✅ Thành công: Tìm thấy 30 tin đăng ở trang 6.

[Spider] Đang cào trang 7/10: https://batdongsan.com.vn/nha-dat-ban-ha-dong/p7
[Spider] ✅ Thành công: Tìm thấy 30 tin đăng ở trang 7.

[Spider] Đang cào trang 8/10: https://batdongsan.com.vn/nha-dat-ban-ha-dong/p8
[Spider] ✅ Thành công: Tìm thấy 30 tin đăng ở trang 8.

[Spider] Đang cào trang 9/10: https://batdongsan.com.vn/nha-dat-ban-ha-dong/p9
[Spider] ✅ Thành công: Tìm thấy 30 tin đăng ở trang 9.

[Spider] Đang cào trang 10/10: https://batdongsan.com.vn/nha-dat-ban-ha-dong/p10
[Spider] ✅ Thành công: Tìm thấy 30 tin đăng ở trang 10.
[Spider] Đang gộp dữ liệu mới vào file cũ (Khớp theo tên cột)...
[Spider] Đã lưu 230 dòng mới. Tổng: 41978 dòng.
[Fri 05/08/2026 13:06:31.43] [2/3] Dang lam sach va day vao PostgreSQL... 
🔍 Đang cấu hình Database với: postgres.kkwivuufxdewurmxtsto@aws-1-ap-southeast-1.pooler.supabase.com:5432/postgres
D:\Python\realtime_estimate_tracker\src\preprocessing\cleaner.py:138: UserWarning: Parsing dates in %d/%m/%Y format when dayfirst=False (the default) was specified. Pass `dayfirst=True` or specify a format to silence this warning.
  df['scraped_date'] = pd.to_datetime(df['scraped_date'], errors='coerce')
Đang đọc dữ liệu thô...
Tổng số dòng thô: 41978
🧠 Đang áp dụng NLP trích xuất Đặc trưng...
🧠 Đang áp dụng KNN Imputer...
✅ Giữ lại 6185/41978 tin hợp lệ.
✅ Đã kết nối thành công tới PostgreSQL.
✅ Bảng 'bds_hadong' đã có PRIMARY KEY. Bỏ qua.
Đang thực hiện Upsert dữ liệu vào PostgreSQL...
🔄 Upsert thành công 6185 bản ghi vào 'bds_hadong'.
✅ Hoàn tất Pipeline ETL.
[Fri 05/08/2026 13:07:17.56] [3/3] Dang dong bo Data len GitHub... 
[main 6656f9f] Auto-update Fast Pipeline: Fri 05/08/2026 13:07:23.82
 4 files changed, 669 insertions(+), 357 deletions(-)
fatal: Unable to persist credentials with the 'wincredman' credential store.
See https://aka.ms/gcm/credstores for more information.
fatal: Unable to persist credentials with the 'wincredman' credential store.
See https://aka.ms/gcm/credstores for more information.
fatal: could not read Username for 'https://github.com': terminal prompts disabled
[Fri 05/08/2026 13:07:28.26] LOI: git push that bai. 
[Fri 05/08/2026 13:07:28.28] LUONG FAST BI DUNG DO LOI 
========================================= 
[Sat 05/09/2026 12:00:03.02] BAT DAU LUONG FAST (QUET BE MAT) 
[Sat 05/09/2026 12:00:03.06] [1/3] Dang cao du lieu be mat... 
[Browser] Đang khởi tạo trình duyệt...
[Browser] Phát hiện Chrome (Windows): Version 139

[Spider] Đang cào trang 1/10: https://batdongsan.com.vn/nha-dat-ban-ha-dong
[Spider] ✅ Thành công: Tìm thấy 30 tin đăng ở trang 1.

[Spider] Đang cào trang 2/10: https://batdongsan.com.vn/nha-dat-ban-ha-dong/p2
[Spider] ✅ Thành công: Tìm thấy 30 tin đăng ở trang 2.

[Spider] Đang cào trang 3/10: https://batdongsan.com.vn/nha-dat-ban-ha-dong/p3
[Spider] ✅ Thành công: Tìm thấy 30 tin đăng ở trang 3.

[Spider] Đang cào trang 4/10: https://batdongsan.com.vn/nha-dat-ban-ha-dong/p4
[Spider] ✅ Thành công: Tìm thấy 30 tin đăng ở trang 4.

[Spider] Đang cào trang 5/10: https://batdongsan.com.vn/nha-dat-ban-ha-dong/p5
[Spider] ✅ Thành công: Tìm thấy 30 tin đăng ở trang 5.

[Spider] Đang cào trang 6/10: https://batdongsan.com.vn/nha-dat-ban-ha-dong/p6
[Spider] ✅ Thành công: Tìm thấy 30 tin đăng ở trang 6.

[Spider] Đang cào trang 7/10: https://batdongsan.com.vn/nha-dat-ban-ha-dong/p7
[Spider] ✅ Thành công: Tìm thấy 30 tin đăng ở trang 7.

[Spider] Đang cào trang 8/10: https://batdongsan.com.vn/nha-dat-ban-ha-dong/p8
[Spider] ✅ Thành công: Tìm thấy 30 tin đăng ở trang 8.

[Spider] Đang cào trang 9/10: https://batdongsan.com.vn/nha-dat-ban-ha-dong/p9
[Spider] ✅ Thành công: Tìm thấy 30 tin đăng ở trang 9.

[Spider] Đang cào trang 10/10: https://batdongsan.com.vn/nha-dat-ban-ha-dong/p10
[Spider] ✅ Thành công: Tìm thấy 30 tin đăng ở trang 10.
[Spider] Đang gộp dữ liệu mới vào file cũ (Khớp theo tên cột)...
[Spider] Đã lưu 230 dòng mới. Tổng: 42208 dòng.
[Sat 05/09/2026 12:03:32.66] [2/3] Dang lam sach va day vao PostgreSQL... 
🔍 Đang cấu hình Database với: postgres.kkwivuufxdewurmxtsto@aws-1-ap-southeast-1.pooler.supabase.com:5432/postgres
D:\Python\realtime_estimate_tracker\src\preprocessing\cleaner.py:138: UserWarning: Parsing dates in %d/%m/%Y format when dayfirst=False (the default) was specified. Pass `dayfirst=True` or specify a format to silence this warning.
  df['scraped_date'] = pd.to_datetime(df['scraped_date'], errors='coerce')
Đang đọc dữ liệu thô...
Tổng số dòng thô: 42208
🧠 Đang áp dụng NLP trích xuất Đặc trưng...
🧠 Đang áp dụng KNN Imputer...
✅ Giữ lại 6197/42208 tin hợp lệ.
✅ Đã kết nối thành công tới PostgreSQL.
✅ Bảng 'bds_hadong' đã có PRIMARY KEY. Bỏ qua.
Đang thực hiện Upsert dữ liệu vào PostgreSQL...
🔄 Upsert thành công 6197 bản ghi vào 'bds_hadong'.
✅ Hoàn tất Pipeline ETL.
[Sat 05/09/2026 12:04:15.60] [3/3] Dang dong bo Data len GitHub... 
[main 07f43a6] Auto-update Fast Pipeline: Sat 05/09/2026 12:04:22.61
 4 files changed, 663 insertions(+), 353 deletions(-)
fatal: Unable to persist credentials with the 'wincredman' credential store.
See https://aka.ms/gcm/credstores for more information.
fatal: Unable to persist credentials with the 'wincredman' credential store.
See https://aka.ms/gcm/credstores for more information.
fatal: could not read Username for 'https://github.com': terminal prompts disabled
[Sat 05/09/2026 12:04:27.43] LOI: git push that bai. 
[Sat 05/09/2026 12:04:27.45] LUONG FAST BI DUNG DO LOI 
========================================= 
[Sun 05/10/2026 12:00:02.90] BAT DAU LUONG FAST (QUET BE MAT) 
[Sun 05/10/2026 12:00:02.92] [1/3] Dang cao du lieu be mat... 
[Browser] Đang khởi tạo trình duyệt...
[Browser] Phát hiện Chrome (Windows): Version 139

[Spider] Đang cào trang 1/10: https://batdongsan.com.vn/nha-dat-ban-ha-dong
[Spider] ✅ Thành công: Tìm thấy 30 tin đăng ở trang 1.

[Spider] Đang cào trang 2/10: https://batdongsan.com.vn/nha-dat-ban-ha-dong/p2
[Spider] ✅ Thành công: Tìm thấy 30 tin đăng ở trang 2.

[Spider] Đang cào trang 3/10: https://batdongsan.com.vn/nha-dat-ban-ha-dong/p3
[Spider] ✅ Thành công: Tìm thấy 30 tin đăng ở trang 3.

[Spider] Đang cào trang 4/10: https://batdongsan.com.vn/nha-dat-ban-ha-dong/p4
[Spider] ✅ Thành công: Tìm thấy 30 tin đăng ở trang 4.

[Spider] Đang cào trang 5/10: https://batdongsan.com.vn/nha-dat-ban-ha-dong/p5
[Spider] ✅ Thành công: Tìm thấy 30 tin đăng ở trang 5.

[Spider] Đang cào trang 6/10: https://batdongsan.com.vn/nha-dat-ban-ha-dong/p6
[Spider] ✅ Thành công: Tìm thấy 30 tin đăng ở trang 6.

[Spider] Đang cào trang 7/10: https://batdongsan.com.vn/nha-dat-ban-ha-dong/p7
[Spider] ✅ Thành công: Tìm thấy 30 tin đăng ở trang 7.

[Spider] Đang cào trang 8/10: https://batdongsan.com.vn/nha-dat-ban-ha-dong/p8
[Spider] ✅ Thành công: Tìm thấy 30 tin đăng ở trang 8.

[Spider] Đang cào trang 9/10: https://batdongsan.com.vn/nha-dat-ban-ha-dong/p9
[Spider] ✅ Thành công: Tìm thấy 30 tin đăng ở trang 9.

[Spider] Đang cào trang 10/10: https://batdongsan.com.vn/nha-dat-ban-ha-dong/p10
[Spider] ✅ Thành công: Tìm thấy 30 tin đăng ở trang 10.
[Spider] Đang gộp dữ liệu mới vào file cũ (Khớp theo tên cột)...
[Spider] Đã lưu 230 dòng mới. Tổng: 42438 dòng.
[Sun 05/10/2026 12:03:26.37] [2/3] Dang lam sach va day vao PostgreSQL... 
🔍 Đang cấu hình Database với: postgres.kkwivuufxdewurmxtsto@aws-1-ap-southeast-1.pooler.supabase.com:5432/postgres
D:\Python\realtime_estimate_tracker\src\preprocessing\cleaner.py:138: UserWarning: Parsing dates in %d/%m/%Y format when dayfirst=False (the default) was specified. Pass `dayfirst=True` or specify a format to silence this warning.
  df['scraped_date'] = pd.to_datetime(df['scraped_date'], errors='coerce')
Đang đọc dữ liệu thô...
Tổng số dòng thô: 42438
🧠 Đang áp dụng NLP trích xuất Đặc trưng...
🧠 Đang áp dụng KNN Imputer...
✅ Giữ lại 6205/42438 tin hợp lệ.
✅ Đã kết nối thành công tới PostgreSQL.
✅ Bảng 'bds_hadong' đã có PRIMARY KEY. Bỏ qua.
Đang thực hiện Upsert dữ liệu vào PostgreSQL...
🔄 Upsert thành công 6205 bản ghi vào 'bds_hadong'.
✅ Hoàn tất Pipeline ETL.
[Sun 05/10/2026 12:04:08.17] [3/3] Dang dong bo Data len GitHub... 
[main 116fbc2] Auto-update Fast Pipeline: Sun 05/10/2026 12:04:15.13
 4 files changed, 634 insertions(+), 328 deletions(-)
fatal: Unable to persist credentials with the 'wincredman' credential store.
See https://aka.ms/gcm/credstores for more information.
fatal: Unable to persist credentials with the 'wincredman' credential store.
See https://aka.ms/gcm/credstores for more information.
fatal: could not read Username for 'https://github.com': terminal prompts disabled
[Sun 05/10/2026 12:04:19.78] LOI: git push that bai. 
[Sun 05/10/2026 12:04:19.80] LUONG FAST BI DUNG DO LOI 
========================================= 
[Mon 05/11/2026 12:00:03.05] BAT DAU LUONG FAST (QUET BE MAT) 
[Mon 05/11/2026 12:00:03.07] [1/3] Dang cao du lieu be mat... 
[Browser] Đang khởi tạo trình duyệt...
[Browser] Phát hiện Chrome (Windows): Version 139

[Spider] Đang cào trang 1/10: https://batdongsan.com.vn/nha-dat-ban-ha-dong
[Spider] ✅ Thành công: Tìm thấy 30 tin đăng ở trang 1.

[Spider] Đang cào trang 2/10: https://batdongsan.com.vn/nha-dat-ban-ha-dong/p2
[Spider] ✅ Thành công: Tìm thấy 30 tin đăng ở trang 2.

[Spider] Đang cào trang 3/10: https://batdongsan.com.vn/nha-dat-ban-ha-dong/p3
[Spider] ✅ Thành công: Tìm thấy 30 tin đăng ở trang 3.

[Spider] Đang cào trang 4/10: https://batdongsan.com.vn/nha-dat-ban-ha-dong/p4
[Spider] ✅ Thành công: Tìm thấy 30 tin đăng ở trang 4.

[Spider] Đang cào trang 5/10: https://batdongsan.com.vn/nha-dat-ban-ha-dong/p5
[Spider] ✅ Thành công: Tìm thấy 30 tin đăng ở trang 5.

[Spider] Đang cào trang 6/10: https://batdongsan.com.vn/nha-dat-ban-ha-dong/p6
[Spider] ✅ Thành công: Tìm thấy 30 tin đăng ở trang 6.

[Spider] Đang cào trang 7/10: https://batdongsan.com.vn/nha-dat-ban-ha-dong/p7
[Spider] ✅ Thành công: Tìm thấy 30 tin đăng ở trang 7.

[Spider] Đang cào trang 8/10: https://batdongsan.com.vn/nha-dat-ban-ha-dong/p8
[Spider] ✅ Thành công: Tìm thấy 30 tin đăng ở trang 8.

[Spider] Đang cào trang 9/10: https://batdongsan.com.vn/nha-dat-ban-ha-dong/p9
[Spider] ✅ Thành công: Tìm thấy 30 tin đăng ở trang 9.

[Spider] Đang cào trang 10/10: https://batdongsan.com.vn/nha-dat-ban-ha-dong/p10
[Spider] ✅ Thành công: Tìm thấy 30 tin đăng ở trang 10.
[Spider] Đang gộp dữ liệu mới vào file cũ (Khớp theo tên cột)...
[Spider] Đã lưu 230 dòng mới. Tổng: 42668 dòng.
[Mon 05/11/2026 12:03:32.41] [2/3] Dang lam sach va day vao PostgreSQL... 
🔍 Đang cấu hình Database với: postgres.kkwivuufxdewurmxtsto@aws-1-ap-southeast-1.pooler.supabase.com:5432/postgres
D:\Python\realtime_estimate_tracker\src\preprocessing\cleaner.py:138: UserWarning: Parsing dates in %d/%m/%Y format when dayfirst=False (the default) was specified. Pass `dayfirst=True` or specify a format to silence this warning.
  df['scraped_date'] = pd.to_datetime(df['scraped_date'], errors='coerce')
Đang đọc dữ liệu thô...
Tổng số dòng thô: 42668
🧠 Đang áp dụng NLP trích xuất Đặc trưng...
🧠 Đang áp dụng KNN Imputer...
✅ Giữ lại 6218/42668 tin hợp lệ.
✅ Đã kết nối thành công tới PostgreSQL.
✅ Bảng 'bds_hadong' đã có PRIMARY KEY. Bỏ qua.
Đang thực hiện Upsert dữ liệu vào PostgreSQL...
🔄 Upsert thành công 6218 bản ghi vào 'bds_hadong'.
✅ Hoàn tất Pipeline ETL.
[Mon 05/11/2026 12:04:15.74] [3/3] Dang dong bo Data len GitHub... 
[main b0203b8] Auto-update Fast Pipeline: Mon 05/11/2026 12:04:22.78
 4 files changed, 688 insertions(+), 376 deletions(-)
fatal: Unable to persist credentials with the 'wincredman' credential store.
See https://aka.ms/gcm/credstores for more information.
fatal: Unable to persist credentials with the 'wincredman' credential store.
See https://aka.ms/gcm/credstores for more information.
fatal: could not read Username for 'https://github.com': terminal prompts disabled
[Mon 05/11/2026 12:04:26.84] LOI: git push that bai. 
[Mon 05/11/2026 12:04:26.87] LUONG FAST BI DUNG DO LOI 
========================================= 
[Tue 05/12/2026 13:14:34.13] BAT DAU LUONG FAST (QUET BE MAT) 
[Tue 05/12/2026 13:14:34.18] [1/3] Dang cao du lieu be mat... 
[Browser] Đang khởi tạo trình duyệt...
[Browser] Phát hiện Chrome (Windows): Version 139

[Spider] Đang cào trang 1/10: https://batdongsan.com.vn/nha-dat-ban-ha-dong
[Spider] ✅ Thành công: Tìm thấy 30 tin đăng ở trang 1.

[Spider] Đang cào trang 2/10: https://batdongsan.com.vn/nha-dat-ban-ha-dong/p2
[Spider] ✅ Thành công: Tìm thấy 30 tin đăng ở trang 2.

[Spider] Đang cào trang 3/10: https://batdongsan.com.vn/nha-dat-ban-ha-dong/p3
[Spider] ✅ Thành công: Tìm thấy 30 tin đăng ở trang 3.

[Spider] Đang cào trang 4/10: https://batdongsan.com.vn/nha-dat-ban-ha-dong/p4
[Spider] ✅ Thành công: Tìm thấy 30 tin đăng ở trang 4.

[Spider] Đang cào trang 5/10: https://batdongsan.com.vn/nha-dat-ban-ha-dong/p5
[Spider] ✅ Thành công: Tìm thấy 30 tin đăng ở trang 5.

[Spider] Đang cào trang 6/10: https://batdongsan.com.vn/nha-dat-ban-ha-dong/p6
[Spider] ✅ Thành công: Tìm thấy 30 tin đăng ở trang 6.

[Spider] Đang cào trang 7/10: https://batdongsan.com.vn/nha-dat-ban-ha-dong/p7
[Spider] ✅ Thành công: Tìm thấy 30 tin đăng ở trang 7.

[Spider] Đang cào trang 8/10: https://batdongsan.com.vn/nha-dat-ban-ha-dong/p8
[Spider] ✅ Thành công: Tìm thấy 30 tin đăng ở trang 8.

[Spider] Đang cào trang 9/10: https://batdongsan.com.vn/nha-dat-ban-ha-dong/p9
[Spider] ✅ Thành công: Tìm thấy 30 tin đăng ở trang 9.

[Spider] Đang cào trang 10/10: https://batdongsan.com.vn/nha-dat-ban-ha-dong/p10
[Spider] ✅ Thành công: Tìm thấy 30 tin đăng ở trang 10.
[Spider] Đang gộp dữ liệu mới vào file cũ (Khớp theo tên cột)...
[Spider] Đã lưu 230 dòng mới. Tổng: 42898 dòng.
[Tue 05/12/2026 13:18:44.81] [2/3] Dang lam sach va day vao PostgreSQL... 
🔍 Đang cấu hình Database với: postgres.kkwivuufxdewurmxtsto@aws-1-ap-southeast-1.pooler.supabase.com:5432/postgres
D:\Python\realtime_estimate_tracker\src\preprocessing\cleaner.py:138: UserWarning: Parsing dates in %d/%m/%Y format when dayfirst=False (the default) was specified. Pass `dayfirst=True` or specify a format to silence this warning.
  df['scraped_date'] = pd.to_datetime(df['scraped_date'], errors='coerce')
Đang đọc dữ liệu thô...
Tổng số dòng thô: 42898
🧠 Đang áp dụng NLP trích xuất Đặc trưng...
🧠 Đang áp dụng KNN Imputer...
✅ Giữ lại 6228/42898 tin hợp lệ.
✅ Đã kết nối thành công tới PostgreSQL.
✅ Bảng 'bds_hadong' đã có PRIMARY KEY. Bỏ qua.
Đang thực hiện Upsert dữ liệu vào PostgreSQL...
🔄 Upsert thành công 6228 bản ghi vào 'bds_hadong'.
✅ Hoàn tất Pipeline ETL.
[Tue 05/12/2026 13:19:28.55] [3/3] Dang dong bo Data len GitHub... 
[main 3d9d2aa] Auto-update Fast Pipeline: Tue 05/12/2026 13:19:35.38
 4 files changed, 696 insertions(+), 387 deletions(-)
fatal: Unable to persist credentials with the 'wincredman' credential store.
See https://aka.ms/gcm/credstores for more information.
fatal: Unable to persist credentials with the 'wincredman' credential store.
See https://aka.ms/gcm/credstores for more information.
fatal: could not read Username for 'https://github.com': terminal prompts disabled
[Tue 05/12/2026 13:19:40.35] LOI: git push that bai. 
[Tue 05/12/2026 13:19:40.37] LUONG FAST BI DUNG DO LOI 
========================================= 
[Wed 05/13/2026 12:00:03.23] BAT DAU LUONG FAST (QUET BE MAT) 
[Wed 05/13/2026 12:00:03.28] [1/3] Dang cao du lieu be mat... 
[Browser] Đang khởi tạo trình duyệt...
[Browser] Phát hiện Chrome (Windows): Version 139

[Spider] Đang cào trang 1/10: https://batdongsan.com.vn/nha-dat-ban-ha-dong
[Spider] ✅ Thành công: Tìm thấy 40 tin đăng ở trang 1.

[Spider] Đang cào trang 2/10: https://batdongsan.com.vn/nha-dat-ban-ha-dong/p2
[Spider] ✅ Thành công: Tìm thấy 40 tin đăng ở trang 2.

[Spider] Đang cào trang 3/10: https://batdongsan.com.vn/nha-dat-ban-ha-dong/p3
[Spider] ✅ Thành công: Tìm thấy 40 tin đăng ở trang 3.

[Spider] Đang cào trang 4/10: https://batdongsan.com.vn/nha-dat-ban-ha-dong/p4
[Spider] ✅ Thành công: Tìm thấy 40 tin đăng ở trang 4.

[Spider] Đang cào trang 5/10: https://batdongsan.com.vn/nha-dat-ban-ha-dong/p5
[Spider] ✅ Thành công: Tìm thấy 40 tin đăng ở trang 5.

[Spider] Đang cào trang 6/10: https://batdongsan.com.vn/nha-dat-ban-ha-dong/p6
[Spider] ✅ Thành công: Tìm thấy 40 tin đăng ở trang 6.

[Spider] Đang cào trang 7/10: https://batdongsan.com.vn/nha-dat-ban-ha-dong/p7
[Spider] ✅ Thành công: Tìm thấy 40 tin đăng ở trang 7.

[Spider] Đang cào trang 8/10: https://batdongsan.com.vn/nha-dat-ban-ha-dong/p8
[Spider] ✅ Thành công: Tìm thấy 40 tin đăng ở trang 8.

[Spider] Đang cào trang 9/10: https://batdongsan.com.vn/nha-dat-ban-ha-dong/p9
[Spider] ✅ Thành công: Tìm thấy 40 tin đăng ở trang 9.

[Spider] Đang cào trang 10/10: https://batdongsan.com.vn/nha-dat-ban-ha-dong/p10
[Spider] ✅ Thành công: Tìm thấy 40 tin đăng ở trang 10.
[Spider] Đang gộp dữ liệu mới vào file cũ (Khớp theo tên cột)...
[Spider] Đã lưu 280 dòng mới. Tổng: 43178 dòng.
[Wed 05/13/2026 12:04:08.73] [2/3] Dang lam sach va day vao PostgreSQL... 
🔍 Đang cấu hình Database với: postgres.kkwivuufxdewurmxtsto@aws-1-ap-southeast-1.pooler.supabase.com:5432/postgres
D:\Python\realtime_estimate_tracker\src\preprocessing\cleaner.py:138: UserWarning: Parsing dates in %d/%m/%Y format when dayfirst=False (the default) was specified. Pass `dayfirst=True` or specify a format to silence this warning.
  df['scraped_date'] = pd.to_datetime(df['scraped_date'], errors='coerce')
Đang đọc dữ liệu thô...
Tổng số dòng thô: 43178
🧠 Đang áp dụng NLP trích xuất Đặc trưng...
🧠 Đang áp dụng KNN Imputer...
✅ Giữ lại 6254/43178 tin hợp lệ.
✅ Đã kết nối thành công tới PostgreSQL.
✅ Bảng 'bds_hadong' đã có PRIMARY KEY. Bỏ qua.
Đang thực hiện Upsert dữ liệu vào PostgreSQL...
🔄 Upsert thành công 6254 bản ghi vào 'bds_hadong'.
✅ Hoàn tất Pipeline ETL.
[Wed 05/13/2026 12:04:52.71] [3/3] Dang dong bo Data len GitHub... 
[main d251b6c] Auto-update Fast Pipeline: Wed 05/13/2026 12:04:59.29
 4 files changed, 783 insertions(+), 409 deletions(-)
fatal: Unable to persist credentials with the 'wincredman' credential store.
See https://aka.ms/gcm/credstores for more information.
fatal: Unable to persist credentials with the 'wincredman' credential store.
See https://aka.ms/gcm/credstores for more information.
fatal: could not read Username for 'https://github.com': terminal prompts disabled
[Wed 05/13/2026 12:05:06.56] LOI: git push that bai. 
[Wed 05/13/2026 12:05:06.58] LUONG FAST BI DUNG DO LOI 
========================================= 
[Thu 05/14/2026 12:00:02.31] BAT DAU LUONG FAST (QUET BE MAT) 
[Thu 05/14/2026 12:00:02.34] [1/3] Dang cao du lieu be mat... 
[Browser] Đang khởi tạo trình duyệt...
[Browser] Phát hiện Chrome (Windows): Version 139

[Spider] Đang cào trang 1/10: https://batdongsan.com.vn/nha-dat-ban-ha-dong
[Spider] ✅ Thành công: Tìm thấy 30 tin đăng ở trang 1.

[Spider] Đang cào trang 2/10: https://batdongsan.com.vn/nha-dat-ban-ha-dong/p2
[Spider] ✅ Thành công: Tìm thấy 30 tin đăng ở trang 2.

[Spider] Đang cào trang 3/10: https://batdongsan.com.vn/nha-dat-ban-ha-dong/p3
[Spider] ✅ Thành công: Tìm thấy 30 tin đăng ở trang 3.

[Spider] Đang cào trang 4/10: https://batdongsan.com.vn/nha-dat-ban-ha-dong/p4
[Spider] ✅ Thành công: Tìm thấy 30 tin đăng ở trang 4.

[Spider] Đang cào trang 5/10: https://batdongsan.com.vn/nha-dat-ban-ha-dong/p5
[Spider] ✅ Thành công: Tìm thấy 30 tin đăng ở trang 5.

[Spider] Đang cào trang 6/10: https://batdongsan.com.vn/nha-dat-ban-ha-dong/p6
[Spider] ✅ Thành công: Tìm thấy 30 tin đăng ở trang 6.

[Spider] Đang cào trang 7/10: https://batdongsan.com.vn/nha-dat-ban-ha-dong/p7
[Spider] ✅ Thành công: Tìm thấy 30 tin đăng ở trang 7.

[Spider] Đang cào trang 8/10: https://batdongsan.com.vn/nha-dat-ban-ha-dong/p8
[Spider] ✅ Thành công: Tìm thấy 30 tin đăng ở trang 8.

[Spider] Đang cào trang 9/10: https://batdongsan.com.vn/nha-dat-ban-ha-dong/p9
[Spider] ✅ Thành công: Tìm thấy 30 tin đăng ở trang 9.

[Spider] Đang cào trang 10/10: https://batdongsan.com.vn/nha-dat-ban-ha-dong/p10
[Spider] ✅ Thành công: Tìm thấy 30 tin đăng ở trang 10.
[Spider] Đang gộp dữ liệu mới vào file cũ (Khớp theo tên cột)...
[Spider] Đã lưu 230 dòng mới. Tổng: 43408 dòng.
[Thu 05/14/2026 12:03:18.81] [2/3] Dang lam sach va day vao PostgreSQL... 
🔍 Đang cấu hình Database với: postgres.kkwivuufxdewurmxtsto@aws-1-ap-southeast-1.pooler.supabase.com:5432/postgres
D:\Python\realtime_estimate_tracker\src\preprocessing\cleaner.py:138: UserWarning: Parsing dates in %d/%m/%Y format when dayfirst=False (the default) was specified. Pass `dayfirst=True` or specify a format to silence this warning.
  df['scraped_date'] = pd.to_datetime(df['scraped_date'], errors='coerce')
Đang đọc dữ liệu thô...
Tổng số dòng thô: 43408
🧠 Đang áp dụng NLP trích xuất Đặc trưng...
🧠 Đang áp dụng KNN Imputer...
✅ Giữ lại 6278/43408 tin hợp lệ.
✅ Đã kết nối thành công tới PostgreSQL.
✅ Bảng 'bds_hadong' đã có PRIMARY KEY. Bỏ qua.
Đang thực hiện Upsert dữ liệu vào PostgreSQL...
🔄 Upsert thành công 6278 bản ghi vào 'bds_hadong'.
✅ Hoàn tất Pipeline ETL.
[Thu 05/14/2026 12:04:01.83] [3/3] Dang dong bo Data len GitHub... 
[main c3e9987] Auto-update Fast Pipeline: Thu 05/14/2026 12:04:08.68
 4 files changed, 756 insertions(+), 436 deletions(-)
fatal: Unable to persist credentials with the 'wincredman' credential store.
See https://aka.ms/gcm/credstores for more information.
fatal: Unable to persist credentials with the 'wincredman' credential store.
See https://aka.ms/gcm/credstores for more information.
fatal: could not read Username for 'https://github.com': terminal prompts disabled
[Thu 05/14/2026 12:04:13.47] LOI: git push that bai. 
[Thu 05/14/2026 12:04:13.49] LUONG FAST BI DUNG DO LOI 
========================================= 
[Fri 05/15/2026 13:49:09.39] BAT DAU LUONG FAST (QUET BE MAT) 
[Fri 05/15/2026 13:49:09.41] [1/3] Dang cao du lieu be mat... 
[Browser] Đang khởi tạo trình duyệt...
[Browser] Phát hiện Chrome (Windows): Version 139

[Spider] Đang cào trang 1/10: https://batdongsan.com.vn/nha-dat-ban-ha-dong
[Spider] ✅ Thành công: Tìm thấy 40 tin đăng ở trang 1.

[Spider] Đang cào trang 2/10: https://batdongsan.com.vn/nha-dat-ban-ha-dong/p2
[Spider] ✅ Thành công: Tìm thấy 40 tin đăng ở trang 2.

[Spider] Đang cào trang 3/10: https://batdongsan.com.vn/nha-dat-ban-ha-dong/p3
[Spider] ✅ Thành công: Tìm thấy 40 tin đăng ở trang 3.

[Spider] Đang cào trang 4/10: https://batdongsan.com.vn/nha-dat-ban-ha-dong/p4
[Spider] ✅ Thành công: Tìm thấy 40 tin đăng ở trang 4.

[Spider] Đang cào trang 5/10: https://batdongsan.com.vn/nha-dat-ban-ha-dong/p5
[Spider] ✅ Thành công: Tìm thấy 40 tin đăng ở trang 5.

[Spider] Đang cào trang 6/10: https://batdongsan.com.vn/nha-dat-ban-ha-dong/p6
[Spider] ✅ Thành công: Tìm thấy 40 tin đăng ở trang 6.

[Spider] Đang cào trang 7/10: https://batdongsan.com.vn/nha-dat-ban-ha-dong/p7
[Spider] ✅ Thành công: Tìm thấy 40 tin đăng ở trang 7.

[Spider] Đang cào trang 8/10: https://batdongsan.com.vn/nha-dat-ban-ha-dong/p8
[Spider] ✅ Thành công: Tìm thấy 40 tin đăng ở trang 8.

[Spider] Đang cào trang 9/10: https://batdongsan.com.vn/nha-dat-ban-ha-dong/p9
[Spider] ✅ Thành công: Tìm thấy 40 tin đăng ở trang 9.

[Spider] Đang cào trang 10/10: https://batdongsan.com.vn/nha-dat-ban-ha-dong/p10
[Spider] ✅ Thành công: Tìm thấy 40 tin đăng ở trang 10.
[Spider] Đang gộp dữ liệu mới vào file cũ (Khớp theo tên cột)...
[Spider] Đã lưu 280 dòng mới. Tổng: 43688 dòng.
[Fri 05/15/2026 13:53:04.10] [2/3] Dang lam sach va day vao PostgreSQL... 
🔍 Đang cấu hình Database với: postgres.kkwivuufxdewurmxtsto@aws-1-ap-southeast-1.pooler.supabase.com:5432/postgres
D:\Python\realtime_estimate_tracker\src\preprocessing\cleaner.py:138: UserWarning: Parsing dates in %d/%m/%Y format when dayfirst=False (the default) was specified. Pass `dayfirst=True` or specify a format to silence this warning.
  df['scraped_date'] = pd.to_datetime(df['scraped_date'], errors='coerce')
Đang đọc dữ liệu thô...
Tổng số dòng thô: 43688
🧠 Đang áp dụng NLP trích xuất Đặc trưng...
🧠 Đang áp dụng KNN Imputer...
✅ Giữ lại 6293/43688 tin hợp lệ.
✅ Đã kết nối thành công tới PostgreSQL.
✅ Bảng 'bds_hadong' đã có PRIMARY KEY. Bỏ qua.
Đang thực hiện Upsert dữ liệu vào PostgreSQL...
🔄 Upsert thành công 6293 bản ghi vào 'bds_hadong'.
✅ Hoàn tất Pipeline ETL.
[Fri 05/15/2026 13:53:49.10] [3/3] Dang dong bo Data len GitHub... 
[main f3f9ac7] Auto-update Fast Pipeline: Fri 05/15/2026 13:53:55.57
 4 files changed, 729 insertions(+), 366 deletions(-)
fatal: Unable to persist credentials with the 'wincredman' credential store.
See https://aka.ms/gcm/credstores for more information.
fatal: Unable to persist credentials with the 'wincredman' credential store.
See https://aka.ms/gcm/credstores for more information.
fatal: could not read Username for 'https://github.com': terminal prompts disabled
[Fri 05/15/2026 13:54:00.23] LOI: git push that bai. 
[Fri 05/15/2026 13:54:00.25] LUONG FAST BI DUNG DO LOI 
========================================= 
[Sat 05/16/2026 12:00:03.35] BAT DAU LUONG FAST (QUET BE MAT) 
[Sat 05/16/2026 12:00:03.40] [1/3] Dang cao du lieu be mat... 
[Browser] Đang khởi tạo trình duyệt...
[Browser] Phát hiện Chrome (Windows): Version 139

[Spider] Đang cào trang 1/10: https://batdongsan.com.vn/nha-dat-ban-ha-dong
[Spider] ✅ Thành công: Tìm thấy 40 tin đăng ở trang 1.

[Spider] Đang cào trang 2/10: https://batdongsan.com.vn/nha-dat-ban-ha-dong/p2
[Spider] ✅ Thành công: Tìm thấy 40 tin đăng ở trang 2.

[Spider] Đang cào trang 3/10: https://batdongsan.com.vn/nha-dat-ban-ha-dong/p3
[Spider] ⚠️ Không tìm thấy dữ liệu (Attempt 1). Có thể bị chặn.
[Spider] 🔄 Đang thử tải lại lần 2/3 cho trang 3...
[Spider] ⚠️ Không tìm thấy dữ liệu (Attempt 2). Có thể bị chặn.
[Spider] 🔄 Đang thử tải lại lần 3/3 cho trang 3...
[Spider] ✅ Thành công: Tìm thấy 40 tin đăng ở trang 3.

[Spider] Đang cào trang 4/10: https://batdongsan.com.vn/nha-dat-ban-ha-dong/p4
[Spider] ✅ Thành công: Tìm thấy 40 tin đăng ở trang 4.

[Spider] Đang cào trang 5/10: https://batdongsan.com.vn/nha-dat-ban-ha-dong/p5
[Spider] ✅ Thành công: Tìm thấy 40 tin đăng ở trang 5.

[Spider] Đang cào trang 6/10: https://batdongsan.com.vn/nha-dat-ban-ha-dong/p6
[Spider] Lỗi tại trang 6 (Attempt 1): Message: unknown error: net::ERR_NAME_NOT_RESOLVED
  (Session info: chrome=139.0.7258.139)
Stacktrace:
	GetHandleVerifier [0x0xcba8a3+63283]
	GetHandleVerifier [0x0xcba8e4+63348]
	(No symbol) [0x0xaf3e43]
	(No symbol) [0x0xaf156b]
	(No symbol) [0x0xae4d32]
	(No symbol) [0x0xae6768]
	(No symbol) [0x0xae4fc8]
	(No symbol) [0x0xae4b03]
	(No symbol) [0x0xae4811]
	(No symbol) [0x0xae27b4]
	(No symbol) [0x0xae315b]
	(No symbol) [0x0xaf785e]
	(No symbol) [0x0xb832e7]
	(No symbol) [0x0xb6141c]
	(No symbol) [0x0xb8271a]
	(No symbol) [0x0xb61216]
	(No symbol) [0x0xb30855]
	(No symbol) [0x0xb316f4]
	GetHandleVerifier [0x0xf2bb43+2623955]
	GetHandleVerifier [0x0xf26daa+2604090]
	GetHandleVerifier [0x0xce069a+218410]
	GetHandleVerifier [0x0xcd0ed8+154984]
	GetHandleVerifier [0x0xcd742d+180925]
	GetHandleVerifier [0x0xcc22b8+94536]
	GetHandleVerifier [0x0xcc2442+94930]
	GetHandleVerifier [0x0xcad5ea+9338]
	BaseThreadInitThunk [0x0x75f4fcc9+25]
	RtlGetAppContainerNamedObjectPath [0x0x77a7839e+286]
	RtlGetAppContainerNamedObjectPath [0x0x77a7836e+238]

[Spider] 🔄 Đang thử tải lại lần 2/3 cho trang 6...
[Spider] ⚠️ Không tìm thấy dữ liệu (Attempt 2). Có thể bị chặn.
[Spider] 🔄 Đang thử tải lại lần 3/3 cho trang 6...
[Spider] ⚠️ Không tìm thấy dữ liệu (Attempt 3). Có thể bị chặn.
[Spider] 📸 Đã lưu ảnh debug: D:\Python\realtime_estimate_tracker\src\data_loader\debug_page_6.png

[Spider] Đang cào trang 7/10: https://batdongsan.com.vn/nha-dat-ban-ha-dong/p7
[Spider] ✅ Thành công: Tìm thấy 40 tin đăng ở trang 7.

[Spider] Đang cào trang 8/10: https://batdongsan.com.vn/nha-dat-ban-ha-dong/p8
[Spider] ✅ Thành công: Tìm thấy 40 tin đăng ở trang 8.

[Spider] Đang cào trang 9/10: https://batdongsan.com.vn/nha-dat-ban-ha-dong/p9
[Spider] ✅ Thành công: Tìm thấy 40 tin đăng ở trang 9.

[Spider] Đang cào trang 10/10: https://batdongsan.com.vn/nha-dat-ban-ha-dong/p10
[Spider] ✅ Thành công: Tìm thấy 40 tin đăng ở trang 10.
[Spider] Đang gộp dữ liệu mới vào file cũ (Khớp theo tên cột)...
[Spider] Đã lưu 252 dòng mới. Tổng: 43940 dòng.
[Sat 05/16/2026 12:05:26.54] [2/3] Dang lam sach va day vao PostgreSQL... 
🔍 Đang cấu hình Database với: postgres.kkwivuufxdewurmxtsto@aws-1-ap-southeast-1.pooler.supabase.com:5432/postgres
D:\Python\realtime_estimate_tracker\src\preprocessing\cleaner.py:138: UserWarning: Parsing dates in %d/%m/%Y format when dayfirst=False (the default) was specified. Pass `dayfirst=True` or specify a format to silence this warning.
  df['scraped_date'] = pd.to_datetime(df['scraped_date'], errors='coerce')
Đang đọc dữ liệu thô...
Tổng số dòng thô: 43940
🧠 Đang áp dụng NLP trích xuất Đặc trưng...
🧠 Đang áp dụng KNN Imputer...
✅ Giữ lại 6304/43940 tin hợp lệ.
✅ Đã kết nối thành công tới PostgreSQL.
✅ Bảng 'bds_hadong' đã có PRIMARY KEY. Bỏ qua.
Đang thực hiện Upsert dữ liệu vào PostgreSQL...
🔄 Upsert thành công 6304 bản ghi vào 'bds_hadong'.
✅ Hoàn tất Pipeline ETL.
[Sat 05/16/2026 12:06:16.47] [3/3] Dang dong bo Data len GitHub... 
[main a72d5c6] Auto-update Fast Pipeline: Sat 05/16/2026 12:06:24.09
 4 files changed, 781 insertions(+), 411 deletions(-)
fatal: Unable to persist credentials with the 'wincredman' credential store.
See https://aka.ms/gcm/credstores for more information.
fatal: Unable to persist credentials with the 'wincredman' credential store.
See https://aka.ms/gcm/credstores for more information.
fatal: could not read Username for 'https://github.com': terminal prompts disabled
[Sat 05/16/2026 12:06:35.23] LOI: git push that bai. 
[Sat 05/16/2026 12:06:35.25] LUONG FAST BI DUNG DO LOI 
========================================= 
[Sun 05/17/2026 13:08:49.30] BAT DAU LUONG FAST (QUET BE MAT) 
[Sun 05/17/2026 13:08:49.34] [1/3] Dang cao du lieu be mat... 
[Browser] Đang khởi tạo trình duyệt...
[Browser] Phát hiện Chrome (Windows): Version 139

[Spider] Đang cào trang 1/10: https://batdongsan.com.vn/nha-dat-ban-ha-dong
[Spider] ✅ Thành công: Tìm thấy 40 tin đăng ở trang 1.

[Spider] Đang cào trang 2/10: https://batdongsan.com.vn/nha-dat-ban-ha-dong/p2
[Spider] ✅ Thành công: Tìm thấy 40 tin đăng ở trang 2.

[Spider] Đang cào trang 3/10: https://batdongsan.com.vn/nha-dat-ban-ha-dong/p3
[Spider] ✅ Thành công: Tìm thấy 40 tin đăng ở trang 3.

[Spider] Đang cào trang 4/10: https://batdongsan.com.vn/nha-dat-ban-ha-dong/p4
[Spider] ✅ Thành công: Tìm thấy 40 tin đăng ở trang 4.

[Spider] Đang cào trang 5/10: https://batdongsan.com.vn/nha-dat-ban-ha-dong/p5
[Spider] ✅ Thành công: Tìm thấy 40 tin đăng ở trang 5.

[Spider] Đang cào trang 6/10: https://batdongsan.com.vn/nha-dat-ban-ha-dong/p6
[Spider] ✅ Thành công: Tìm thấy 40 tin đăng ở trang 6.

[Spider] Đang cào trang 7/10: https://batdongsan.com.vn/nha-dat-ban-ha-dong/p7
[Spider] ✅ Thành công: Tìm thấy 40 tin đăng ở trang 7.

[Spider] Đang cào trang 8/10: https://batdongsan.com.vn/nha-dat-ban-ha-dong/p8
[Spider] ✅ Thành công: Tìm thấy 40 tin đăng ở trang 8.

[Spider] Đang cào trang 9/10: https://batdongsan.com.vn/nha-dat-ban-ha-dong/p9
[Spider] ✅ Thành công: Tìm thấy 40 tin đăng ở trang 9.

[Spider] Đang cào trang 10/10: https://batdongsan.com.vn/nha-dat-ban-ha-dong/p10
[Spider] ✅ Thành công: Tìm thấy 40 tin đăng ở trang 10.
[Spider] Đang gộp dữ liệu mới vào file cũ (Khớp theo tên cột)...
[Spider] Đã lưu 280 dòng mới. Tổng: 44220 dòng.
[Sun 05/17/2026 13:12:39.88] [2/3] Dang lam sach va day vao PostgreSQL... 
🔍 Đang cấu hình Database với: postgres.kkwivuufxdewurmxtsto@aws-1-ap-southeast-1.pooler.supabase.com:5432/postgres
D:\Python\realtime_estimate_tracker\src\preprocessing\cleaner.py:138: UserWarning: Parsing dates in %d/%m/%Y format when dayfirst=False (the default) was specified. Pass `dayfirst=True` or specify a format to silence this warning.
  df['scraped_date'] = pd.to_datetime(df['scraped_date'], errors='coerce')
Đang đọc dữ liệu thô...
Tổng số dòng thô: 44220
🧠 Đang áp dụng NLP trích xuất Đặc trưng...
🧠 Đang áp dụng KNN Imputer...
✅ Giữ lại 6311/44220 tin hợp lệ.
✅ Đã kết nối thành công tới PostgreSQL.
✅ Bảng 'bds_hadong' đã có PRIMARY KEY. Bỏ qua.
Đang thực hiện Upsert dữ liệu vào PostgreSQL...
🔄 Upsert thành công 6311 bản ghi vào 'bds_hadong'.
✅ Hoàn tất Pipeline ETL.
[Sun 05/17/2026 13:13:27.43] [3/3] Dang dong bo Data len GitHub... 
[main 432e5c5] Auto-update Fast Pipeline: Sun 05/17/2026 13:13:34.43
 4 files changed, 737 insertions(+), 383 deletions(-)
fatal: Unable to persist credentials with the 'wincredman' credential store.
See https://aka.ms/gcm/credstores for more information.
fatal: Unable to persist credentials with the 'wincredman' credential store.
See https://aka.ms/gcm/credstores for more information.
fatal: could not read Username for 'https://github.com': terminal prompts disabled
[Sun 05/17/2026 13:13:38.63] LOI: git push that bai. 
[Sun 05/17/2026 13:13:38.64] LUONG FAST BI DUNG DO LOI 
========================================= 
[Mon 05/18/2026 12:00:03.02] BAT DAU LUONG FAST (QUET BE MAT) 
[Mon 05/18/2026 12:00:03.06] [1/3] Dang cao du lieu be mat... 
[Browser] Đang khởi tạo trình duyệt...
[Browser] Phát hiện Chrome (Windows): Version 139

[Spider] Đang cào trang 1/10: https://batdongsan.com.vn/nha-dat-ban-ha-dong
[Spider] ✅ Thành công: Tìm thấy 30 tin đăng ở trang 1.

[Spider] Đang cào trang 2/10: https://batdongsan.com.vn/nha-dat-ban-ha-dong/p2
[Spider] ✅ Thành công: Tìm thấy 30 tin đăng ở trang 2.

[Spider] Đang cào trang 3/10: https://batdongsan.com.vn/nha-dat-ban-ha-dong/p3
[Spider] ✅ Thành công: Tìm thấy 30 tin đăng ở trang 3.

[Spider] Đang cào trang 4/10: https://batdongsan.com.vn/nha-dat-ban-ha-dong/p4
[Spider] ✅ Thành công: Tìm thấy 30 tin đăng ở trang 4.

[Spider] Đang cào trang 5/10: https://batdongsan.com.vn/nha-dat-ban-ha-dong/p5
[Spider] ✅ Thành công: Tìm thấy 30 tin đăng ở trang 5.

[Spider] Đang cào trang 6/10: https://batdongsan.com.vn/nha-dat-ban-ha-dong/p6
[Spider] ✅ Thành công: Tìm thấy 30 tin đăng ở trang 6.

[Spider] Đang cào trang 7/10: https://batdongsan.com.vn/nha-dat-ban-ha-dong/p7
[Spider] ✅ Thành công: Tìm thấy 30 tin đăng ở trang 7.

[Spider] Đang cào trang 8/10: https://batdongsan.com.vn/nha-dat-ban-ha-dong/p8
[Spider] ✅ Thành công: Tìm thấy 30 tin đăng ở trang 8.

[Spider] Đang cào trang 9/10: https://batdongsan.com.vn/nha-dat-ban-ha-dong/p9
[Spider] ✅ Thành công: Tìm thấy 30 tin đăng ở trang 9.

[Spider] Đang cào trang 10/10: https://batdongsan.com.vn/nha-dat-ban-ha-dong/p10
[Spider] ✅ Thành công: Tìm thấy 30 tin đăng ở trang 10.
[Spider] Đang gộp dữ liệu mới vào file cũ (Khớp theo tên cột)...
[Spider] Đã lưu 230 dòng mới. Tổng: 44450 dòng.
[Mon 05/18/2026 12:03:29.88] [2/3] Dang lam sach va day vao PostgreSQL... 
🔍 Đang cấu hình Database với: postgres.kkwivuufxdewurmxtsto@aws-1-ap-southeast-1.pooler.supabase.com:5432/postgres
D:\Python\realtime_estimate_tracker\src\preprocessing\cleaner.py:138: UserWarning: Parsing dates in %d/%m/%Y format when dayfirst=False (the default) was specified. Pass `dayfirst=True` or specify a format to silence this warning.
  df['scraped_date'] = pd.to_datetime(df['scraped_date'], errors='coerce')
Đang đọc dữ liệu thô...
Tổng số dòng thô: 44450
🧠 Đang áp dụng NLP trích xuất Đặc trưng...
🧠 Đang áp dụng KNN Imputer...
✅ Giữ lại 6315/44450 tin hợp lệ.
✅ Đã kết nối thành công tới PostgreSQL.
✅ Bảng 'bds_hadong' đã có PRIMARY KEY. Bỏ qua.
Đang thực hiện Upsert dữ liệu vào PostgreSQL...
🔄 Upsert thành công 6315 bản ghi vào 'bds_hadong'.
✅ Hoàn tất Pipeline ETL.
[Mon 05/18/2026 12:04:11.66] [3/3] Dang dong bo Data len GitHub... 
[main 26f5dbd] Auto-update Fast Pipeline: Mon 05/18/2026 12:04:18.14
 4 files changed, 720 insertions(+), 420 deletions(-)
fatal: Unable to persist credentials with the 'wincredman' credential store.
See https://aka.ms/gcm/credstores for more information.
fatal: Unable to persist credentials with the 'wincredman' credential store.
See https://aka.ms/gcm/credstores for more information.
fatal: could not read Username for 'https://github.com': terminal prompts disabled
[Mon 05/18/2026 12:04:22.77] LOI: git push that bai. 
[Mon 05/18/2026 12:04:22.80] LUONG FAST BI DUNG DO LOI 
========================================= 
[Tue 05/19/2026 12:00:02.94] BAT DAU LUONG FAST (QUET BE MAT) 
[Tue 05/19/2026 12:00:02.96] [1/3] Dang cao du lieu be mat... 
[Browser] Đang khởi tạo trình duyệt...
[Browser] Phát hiện Chrome (Windows): Version 139

[Spider] Đang cào trang 1/10: https://batdongsan.com.vn/nha-dat-ban-ha-dong
[Spider] ✅ Thành công: Tìm thấy 40 tin đăng ở trang 1.

[Spider] Đang cào trang 2/10: https://batdongsan.com.vn/nha-dat-ban-ha-dong/p2
[Spider] ✅ Thành công: Tìm thấy 40 tin đăng ở trang 2.

[Spider] Đang cào trang 3/10: https://batdongsan.com.vn/nha-dat-ban-ha-dong/p3
[Spider] ✅ Thành công: Tìm thấy 40 tin đăng ở trang 3.

[Spider] Đang cào trang 4/10: https://batdongsan.com.vn/nha-dat-ban-ha-dong/p4
[Spider] ✅ Thành công: Tìm thấy 40 tin đăng ở trang 4.

[Spider] Đang cào trang 5/10: https://batdongsan.com.vn/nha-dat-ban-ha-dong/p5
[Spider] ✅ Thành công: Tìm thấy 40 tin đăng ở trang 5.

[Spider] Đang cào trang 6/10: https://batdongsan.com.vn/nha-dat-ban-ha-dong/p6
[Spider] ✅ Thành công: Tìm thấy 40 tin đăng ở trang 6.

[Spider] Đang cào trang 7/10: https://batdongsan.com.vn/nha-dat-ban-ha-dong/p7
[Spider] ✅ Thành công: Tìm thấy 40 tin đăng ở trang 7.

[Spider] Đang cào trang 8/10: https://batdongsan.com.vn/nha-dat-ban-ha-dong/p8
[Spider] ✅ Thành công: Tìm thấy 40 tin đăng ở trang 8.

[Spider] Đang cào trang 9/10: https://batdongsan.com.vn/nha-dat-ban-ha-dong/p9
[Spider] ✅ Thành công: Tìm thấy 40 tin đăng ở trang 9.

[Spider] Đang cào trang 10/10: https://batdongsan.com.vn/nha-dat-ban-ha-dong/p10
[Spider] ✅ Thành công: Tìm thấy 40 tin đăng ở trang 10.
[Spider] Đang gộp dữ liệu mới vào file cũ (Khớp theo tên cột)...
[Spider] Đã lưu 280 dòng mới. Tổng: 44730 dòng.
[Tue 05/19/2026 12:04:13.62] [2/3] Dang lam sach va day vao PostgreSQL... 
🔍 Đang cấu hình Database với: postgres.kkwivuufxdewurmxtsto@aws-1-ap-southeast-1.pooler.supabase.com:5432/postgres
D:\Python\realtime_estimate_tracker\src\preprocessing\cleaner.py:138: UserWarning: Parsing dates in %d/%m/%Y format when dayfirst=False (the default) was specified. Pass `dayfirst=True` or specify a format to silence this warning.
  df['scraped_date'] = pd.to_datetime(df['scraped_date'], errors='coerce')
Đang đọc dữ liệu thô...
Tổng số dòng thô: 44730
🧠 Đang áp dụng NLP trích xuất Đặc trưng...
🧠 Đang áp dụng KNN Imputer...
✅ Giữ lại 6328/44730 tin hợp lệ.
✅ Đã kết nối thành công tới PostgreSQL.
✅ Bảng 'bds_hadong' đã có PRIMARY KEY. Bỏ qua.
Đang thực hiện Upsert dữ liệu vào PostgreSQL...
🔄 Upsert thành công 6328 bản ghi vào 'bds_hadong'.
✅ Hoàn tất Pipeline ETL.
[Tue 05/19/2026 12:05:03.44] [3/3] Dang dong bo Data len GitHub... 
[main f63c3a0] Auto-update Fast Pipeline: Tue 05/19/2026 12:05:09.49
 4 files changed, 755 insertions(+), 398 deletions(-)
fatal: Unable to persist credentials with the 'wincredman' credential store.
See https://aka.ms/gcm/credstores for more information.
fatal: Unable to persist credentials with the 'wincredman' credential store.
See https://aka.ms/gcm/credstores for more information.
fatal: could not read Username for 'https://github.com': terminal prompts disabled
[Tue 05/19/2026 12:05:14.26] LOI: git push that bai. 
[Tue 05/19/2026 12:05:14.28] LUONG FAST BI DUNG DO LOI 
========================================= 
[Wed 05/20/2026 12:00:02.26] BAT DAU LUONG FAST (QUET BE MAT) 
[Wed 05/20/2026 12:00:02.27] [1/3] Dang cao du lieu be mat... 
[Browser] Đang khởi tạo trình duyệt...
[Browser] Phát hiện Chrome (Windows): Version 139

[Spider] Đang cào trang 1/10: https://batdongsan.com.vn/nha-dat-ban-ha-dong
[Spider] ✅ Thành công: Tìm thấy 40 tin đăng ở trang 1.

[Spider] Đang cào trang 2/10: https://batdongsan.com.vn/nha-dat-ban-ha-dong/p2
[Spider] ✅ Thành công: Tìm thấy 40 tin đăng ở trang 2.

[Spider] Đang cào trang 3/10: https://batdongsan.com.vn/nha-dat-ban-ha-dong/p3
[Spider] ✅ Thành công: Tìm thấy 40 tin đăng ở trang 3.

[Spider] Đang cào trang 4/10: https://batdongsan.com.vn/nha-dat-ban-ha-dong/p4
[Spider] ✅ Thành công: Tìm thấy 40 tin đăng ở trang 4.

[Spider] Đang cào trang 5/10: https://batdongsan.com.vn/nha-dat-ban-ha-dong/p5
[Spider] ✅ Thành công: Tìm thấy 40 tin đăng ở trang 5.

[Spider] Đang cào trang 6/10: https://batdongsan.com.vn/nha-dat-ban-ha-dong/p6
[Spider] ✅ Thành công: Tìm thấy 40 tin đăng ở trang 6.

[Spider] Đang cào trang 7/10: https://batdongsan.com.vn/nha-dat-ban-ha-dong/p7
[Spider] ✅ Thành công: Tìm thấy 40 tin đăng ở trang 7.

[Spider] Đang cào trang 8/10: https://batdongsan.com.vn/nha-dat-ban-ha-dong/p8
[Spider] ✅ Thành công: Tìm thấy 40 tin đăng ở trang 8.

[Spider] Đang cào trang 9/10: https://batdongsan.com.vn/nha-dat-ban-ha-dong/p9
[Spider] ✅ Thành công: Tìm thấy 40 tin đăng ở trang 9.

[Spider] Đang cào trang 10/10: https://batdongsan.com.vn/nha-dat-ban-ha-dong/p10
[Spider] ✅ Thành công: Tìm thấy 40 tin đăng ở trang 10.
[Spider] Đang gộp dữ liệu mới vào file cũ (Khớp theo tên cột)...
[Spider] Đã lưu 280 dòng mới. Tổng: 45010 dòng.
[Wed 05/20/2026 12:03:52.77] [2/3] Dang lam sach va day vao PostgreSQL... 
🔍 Đang cấu hình Database với: postgres.kkwivuufxdewurmxtsto@aws-1-ap-southeast-1.pooler.supabase.com:5432/postgres
D:\Python\realtime_estimate_tracker\src\preprocessing\cleaner.py:138: UserWarning: Parsing dates in %d/%m/%Y format when dayfirst=False (the default) was specified. Pass `dayfirst=True` or specify a format to silence this warning.
  df['scraped_date'] = pd.to_datetime(df['scraped_date'], errors='coerce')
Đang đọc dữ liệu thô...
Tổng số dòng thô: 45010
🧠 Đang áp dụng NLP trích xuất Đặc trưng...
🧠 Đang áp dụng KNN Imputer...
✅ Giữ lại 6345/45010 tin hợp lệ.
✅ Đã kết nối thành công tới PostgreSQL.
✅ Bảng 'bds_hadong' đã có PRIMARY KEY. Bỏ qua.
Đang thực hiện Upsert dữ liệu vào PostgreSQL...
🔄 Upsert thành công 6345 bản ghi vào 'bds_hadong'.
✅ Hoàn tất Pipeline ETL.
[Wed 05/20/2026 12:04:38.19] [3/3] Dang dong bo Data len GitHub... 
[main 07b2a3e] Auto-update Fast Pipeline: Wed 05/20/2026 12:04:44.80
 4 files changed, 789 insertions(+), 427 deletions(-)
fatal: Unable to persist credentials with the 'wincredman' credential store.
See https://aka.ms/gcm/credstores for more information.
fatal: Unable to persist credentials with the 'wincredman' credential store.
See https://aka.ms/gcm/credstores for more information.
fatal: could not read Username for 'https://github.com': terminal prompts disabled
[Wed 05/20/2026 12:04:48.72] LOI: git push that bai. 
[Wed 05/20/2026 12:04:48.74] LUONG FAST BI DUNG DO LOI 
========================================= 
[Thu 05/21/2026 12:22:55.41] BAT DAU LUONG FAST (QUET BE MAT) 
[Thu 05/21/2026 12:22:55.42] [1/3] Dang cao du lieu be mat... 
[Browser] Đang khởi tạo trình duyệt...
[Browser] Phát hiện Chrome (Windows): Version 139

[Spider] Đang cào trang 1/10: https://batdongsan.com.vn/nha-dat-ban-ha-dong
[Spider] ✅ Thành công: Tìm thấy 40 tin đăng ở trang 1.

[Spider] Đang cào trang 2/10: https://batdongsan.com.vn/nha-dat-ban-ha-dong/p2
[Spider] ✅ Thành công: Tìm thấy 40 tin đăng ở trang 2.

[Spider] Đang cào trang 3/10: https://batdongsan.com.vn/nha-dat-ban-ha-dong/p3
[Spider] ✅ Thành công: Tìm thấy 40 tin đăng ở trang 3.

[Spider] Đang cào trang 4/10: https://batdongsan.com.vn/nha-dat-ban-ha-dong/p4
[Spider] ✅ Thành công: Tìm thấy 40 tin đăng ở trang 4.

[Spider] Đang cào trang 5/10: https://batdongsan.com.vn/nha-dat-ban-ha-dong/p5
[Spider] ✅ Thành công: Tìm thấy 40 tin đăng ở trang 5.

[Spider] Đang cào trang 6/10: https://batdongsan.com.vn/nha-dat-ban-ha-dong/p6
[Spider] ✅ Thành công: Tìm thấy 40 tin đăng ở trang 6.

[Spider] Đang cào trang 7/10: https://batdongsan.com.vn/nha-dat-ban-ha-dong/p7
[Spider] ✅ Thành công: Tìm thấy 40 tin đăng ở trang 7.

[Spider] Đang cào trang 8/10: https://batdongsan.com.vn/nha-dat-ban-ha-dong/p8
[Spider] ✅ Thành công: Tìm thấy 40 tin đăng ở trang 8.

[Spider] Đang cào trang 9/10: https://batdongsan.com.vn/nha-dat-ban-ha-dong/p9
[Spider] ✅ Thành công: Tìm thấy 40 tin đăng ở trang 9.

[Spider] Đang cào trang 10/10: https://batdongsan.com.vn/nha-dat-ban-ha-dong/p10
[Spider] ✅ Thành công: Tìm thấy 40 tin đăng ở trang 10.
[Spider] Đang gộp dữ liệu mới vào file cũ (Khớp theo tên cột)...
[Spider] Đã lưu 280 dòng mới. Tổng: 45290 dòng.
[Thu 05/21/2026 12:26:49.58] [2/3] Dang lam sach va day vao PostgreSQL... 
🔍 Đang cấu hình Database với: postgres.kkwivuufxdewurmxtsto@aws-1-ap-southeast-1.pooler.supabase.com:5432/postgres
D:\Python\realtime_estimate_tracker\src\preprocessing\cleaner.py:138: UserWarning: Parsing dates in %d/%m/%Y format when dayfirst=False (the default) was specified. Pass `dayfirst=True` or specify a format to silence this warning.
  df['scraped_date'] = pd.to_datetime(df['scraped_date'], errors='coerce')
Đang đọc dữ liệu thô...
Tổng số dòng thô: 45290
🧠 Đang áp dụng NLP trích xuất Đặc trưng...
🧠 Đang áp dụng KNN Imputer...
✅ Giữ lại 6365/45290 tin hợp lệ.
✅ Đã kết nối thành công tới PostgreSQL.
✅ Bảng 'bds_hadong' đã có PRIMARY KEY. Bỏ qua.
Đang thực hiện Upsert dữ liệu vào PostgreSQL...
🔄 Upsert thành công 6365 bản ghi vào 'bds_hadong'.
✅ Hoàn tất Pipeline ETL.
[Thu 05/21/2026 12:27:42.46] [3/3] Dang dong bo Data len GitHub... 
[main 2e52725] Auto-update Fast Pipeline: Thu 05/21/2026 12:27:49.80
 4 files changed, 797 insertions(+), 433 deletions(-)
fatal: Unable to persist credentials with the 'wincredman' credential store.
See https://aka.ms/gcm/credstores for more information.
fatal: Unable to persist credentials with the 'wincredman' credential store.
See https://aka.ms/gcm/credstores for more information.
fatal: could not read Username for 'https://github.com': terminal prompts disabled
[Thu 05/21/2026 12:27:54.90] LOI: git push that bai. 
[Thu 05/21/2026 12:27:54.91] LUONG FAST BI DUNG DO LOI 
========================================= 
[Fri 05/22/2026 14:45:28.11] BAT DAU LUONG FAST (QUET BE MAT) 
[Fri 05/22/2026 14:45:28.14] [1/3] Dang cao du lieu be mat... 
[Browser] Đang khởi tạo trình duyệt...
[Browser] Phát hiện Chrome (Windows): Version 139

[Spider] Đang cào trang 1/10: https://batdongsan.com.vn/nha-dat-ban-ha-dong
[Spider] ✅ Thành công: Tìm thấy 40 tin đăng ở trang 1.

[Spider] Đang cào trang 2/10: https://batdongsan.com.vn/nha-dat-ban-ha-dong/p2
[Spider] ✅ Thành công: Tìm thấy 40 tin đăng ở trang 2.

[Spider] Đang cào trang 3/10: https://batdongsan.com.vn/nha-dat-ban-ha-dong/p3
[Spider] ✅ Thành công: Tìm thấy 40 tin đăng ở trang 3.

[Spider] Đang cào trang 4/10: https://batdongsan.com.vn/nha-dat-ban-ha-dong/p4
[Spider] ✅ Thành công: Tìm thấy 40 tin đăng ở trang 4.

[Spider] Đang cào trang 5/10: https://batdongsan.com.vn/nha-dat-ban-ha-dong/p5
[Spider] ✅ Thành công: Tìm thấy 40 tin đăng ở trang 5.

[Spider] Đang cào trang 6/10: https://batdongsan.com.vn/nha-dat-ban-ha-dong/p6
[Spider] ✅ Thành công: Tìm thấy 40 tin đăng ở trang 6.

[Spider] Đang cào trang 7/10: https://batdongsan.com.vn/nha-dat-ban-ha-dong/p7
[Spider] ✅ Thành công: Tìm thấy 40 tin đăng ở trang 7.

[Spider] Đang cào trang 8/10: https://batdongsan.com.vn/nha-dat-ban-ha-dong/p8
[Spider] ✅ Thành công: Tìm thấy 40 tin đăng ở trang 8.

[Spider] Đang cào trang 9/10: https://batdongsan.com.vn/nha-dat-ban-ha-dong/p9
[Spider] ✅ Thành công: Tìm thấy 40 tin đăng ở trang 9.

[Spider] Đang cào trang 10/10: https://batdongsan.com.vn/nha-dat-ban-ha-dong/p10
[Spider] ✅ Thành công: Tìm thấy 40 tin đăng ở trang 10.
[Spider] Đang gộp dữ liệu mới vào file cũ (Khớp theo tên cột)...
[Spider] Đã lưu 280 dòng mới. Tổng: 45570 dòng.
[Fri 05/22/2026 14:49:21.53] [2/3] Dang lam sach va day vao PostgreSQL... 
🔍 Đang cấu hình Database với: postgres.kkwivuufxdewurmxtsto@aws-1-ap-southeast-1.pooler.supabase.com:5432/postgres
D:\Python\realtime_estimate_tracker\src\preprocessing\cleaner.py:138: UserWarning: Parsing dates in %d/%m/%Y format when dayfirst=False (the default) was specified. Pass `dayfirst=True` or specify a format to silence this warning.
  df['scraped_date'] = pd.to_datetime(df['scraped_date'], errors='coerce')
Đang đọc dữ liệu thô...
Tổng số dòng thô: 45570
🧠 Đang áp dụng NLP trích xuất Đặc trưng...
🧠 Đang áp dụng KNN Imputer...
✅ Giữ lại 6382/45570 tin hợp lệ.
✅ Đã kết nối thành công tới PostgreSQL.
✅ Bảng 'bds_hadong' đã có PRIMARY KEY. Bỏ qua.
Đang thực hiện Upsert dữ liệu vào PostgreSQL...
🔄 Upsert thành công 6382 bản ghi vào 'bds_hadong'.
✅ Hoàn tất Pipeline ETL.
[Fri 05/22/2026 14:50:07.79] [3/3] Dang dong bo Data len GitHub... 
[main 6fab2a3] Auto-update Fast Pipeline: Fri 05/22/2026 14:50:14.19
 4 files changed, 805 insertions(+), 445 deletions(-)
fatal: Unable to persist credentials with the 'wincredman' credential store.
See https://aka.ms/gcm/credstores for more information.
fatal: Unable to persist credentials with the 'wincredman' credential store.
See https://aka.ms/gcm/credstores for more information.
fatal: could not read Username for 'https://github.com': terminal prompts disabled
[Fri 05/22/2026 14:50:18.93] LOI: git push that bai. 
[Fri 05/22/2026 14:50:18.94] LUONG FAST BI DUNG DO LOI 
========================================= 
[Sat 05/23/2026 13:26:47.88] BAT DAU LUONG FAST (QUET BE MAT) 
[Sat 05/23/2026 13:26:47.90] [1/3] Dang cao du lieu be mat... 
[Browser] Đang khởi tạo trình duyệt...
[Browser] Phát hiện Chrome (Windows): Version 139

[Spider] Đang cào trang 1/10: https://batdongsan.com.vn/nha-dat-ban-ha-dong
[Spider] ✅ Thành công: Tìm thấy 40 tin đăng ở trang 1.

[Spider] Đang cào trang 2/10: https://batdongsan.com.vn/nha-dat-ban-ha-dong/p2
[Spider] ✅ Thành công: Tìm thấy 40 tin đăng ở trang 2.

[Spider] Đang cào trang 3/10: https://batdongsan.com.vn/nha-dat-ban-ha-dong/p3
[Spider] ✅ Thành công: Tìm thấy 40 tin đăng ở trang 3.

[Spider] Đang cào trang 4/10: https://batdongsan.com.vn/nha-dat-ban-ha-dong/p4
[Spider] ✅ Thành công: Tìm thấy 40 tin đăng ở trang 4.

[Spider] Đang cào trang 5/10: https://batdongsan.com.vn/nha-dat-ban-ha-dong/p5
[Spider] ✅ Thành công: Tìm thấy 40 tin đăng ở trang 5.

[Spider] Đang cào trang 6/10: https://batdongsan.com.vn/nha-dat-ban-ha-dong/p6
[Spider] ✅ Thành công: Tìm thấy 40 tin đăng ở trang 6.

[Spider] Đang cào trang 7/10: https://batdongsan.com.vn/nha-dat-ban-ha-dong/p7
[Spider] ✅ Thành công: Tìm thấy 40 tin đăng ở trang 7.

[Spider] Đang cào trang 8/10: https://batdongsan.com.vn/nha-dat-ban-ha-dong/p8
[Spider] ✅ Thành công: Tìm thấy 40 tin đăng ở trang 8.

[Spider] Đang cào trang 9/10: https://batdongsan.com.vn/nha-dat-ban-ha-dong/p9
[Spider] ✅ Thành công: Tìm thấy 40 tin đăng ở trang 9.

[Spider] Đang cào trang 10/10: https://batdongsan.com.vn/nha-dat-ban-ha-dong/p10
[Spider] ✅ Thành công: Tìm thấy 40 tin đăng ở trang 10.
[Spider] Đang gộp dữ liệu mới vào file cũ (Khớp theo tên cột)...
[Spider] Đã lưu 280 dòng mới. Tổng: 45850 dòng.
[Sat 05/23/2026 13:30:53.77] [2/3] Dang lam sach va day vao PostgreSQL... 
🔍 Đang cấu hình Database với: postgres.kkwivuufxdewurmxtsto@aws-1-ap-southeast-1.pooler.supabase.com:5432/postgres
D:\Python\realtime_estimate_tracker\src\preprocessing\cleaner.py:138: UserWarning: Parsing dates in %d/%m/%Y format when dayfirst=False (the default) was specified. Pass `dayfirst=True` or specify a format to silence this warning.
  df['scraped_date'] = pd.to_datetime(df['scraped_date'], errors='coerce')
Đang đọc dữ liệu thô...
Tổng số dòng thô: 45850
🧠 Đang áp dụng NLP trích xuất Đặc trưng...
🧠 Đang áp dụng KNN Imputer...
✅ Giữ lại 6400/45850 tin hợp lệ.
✅ Đã kết nối thành công tới PostgreSQL.
✅ Bảng 'bds_hadong' đã có PRIMARY KEY. Bỏ qua.
Đang thực hiện Upsert dữ liệu vào PostgreSQL...
🔄 Upsert thành công 6400 bản ghi vào 'bds_hadong'.
✅ Hoàn tất Pipeline ETL.
[Sat 05/23/2026 13:31:42.33] [3/3] Dang dong bo Data len GitHub... 
[main 0752a0f] Auto-update Fast Pipeline: Sat 05/23/2026 13:31:48.62
 4 files changed, 821 insertions(+), 459 deletions(-)
fatal: Unable to persist credentials with the 'wincredman' credential store.
See https://aka.ms/gcm/credstores for more information.
fatal: Unable to persist credentials with the 'wincredman' credential store.
See https://aka.ms/gcm/credstores for more information.
fatal: could not read Username for 'https://github.com': terminal prompts disabled
[Sat 05/23/2026 13:31:53.65] LOI: git push that bai. 
[Sat 05/23/2026 13:31:53.67] LUONG FAST BI DUNG DO LOI 
========================================= 
[Sun 05/24/2026 12:09:43.38] BAT DAU LUONG FAST (QUET BE MAT) 
[Sun 05/24/2026 12:09:43.39] [1/3] Dang cao du lieu be mat... 
[Browser] Đang khởi tạo trình duyệt...
[Browser] Phát hiện Chrome (Windows): Version 139

[Spider] Đang cào trang 1/10: https://batdongsan.com.vn/nha-dat-ban-ha-dong
[Spider] ✅ Thành công: Tìm thấy 30 tin đăng ở trang 1.

[Spider] Đang cào trang 2/10: https://batdongsan.com.vn/nha-dat-ban-ha-dong/p2
[Spider] ✅ Thành công: Tìm thấy 30 tin đăng ở trang 2.

[Spider] Đang cào trang 3/10: https://batdongsan.com.vn/nha-dat-ban-ha-dong/p3
[Spider] ✅ Thành công: Tìm thấy 30 tin đăng ở trang 3.

[Spider] Đang cào trang 4/10: https://batdongsan.com.vn/nha-dat-ban-ha-dong/p4
[Spider] ✅ Thành công: Tìm thấy 30 tin đăng ở trang 4.

[Spider] Đang cào trang 5/10: https://batdongsan.com.vn/nha-dat-ban-ha-dong/p5
[Spider] ✅ Thành công: Tìm thấy 30 tin đăng ở trang 5.

[Spider] Đang cào trang 6/10: https://batdongsan.com.vn/nha-dat-ban-ha-dong/p6
[Spider] ✅ Thành công: Tìm thấy 30 tin đăng ở trang 6.

[Spider] Đang cào trang 7/10: https://batdongsan.com.vn/nha-dat-ban-ha-dong/p7
[Spider] ✅ Thành công: Tìm thấy 30 tin đăng ở trang 7.

[Spider] Đang cào trang 8/10: https://batdongsan.com.vn/nha-dat-ban-ha-dong/p8
[Spider] ✅ Thành công: Tìm thấy 30 tin đăng ở trang 8.

[Spider] Đang cào trang 9/10: https://batdongsan.com.vn/nha-dat-ban-ha-dong/p9
[Spider] ✅ Thành công: Tìm thấy 30 tin đăng ở trang 9.

[Spider] Đang cào trang 10/10: https://batdongsan.com.vn/nha-dat-ban-ha-dong/p10
[Spider] ✅ Thành công: Tìm thấy 30 tin đăng ở trang 10.
[Spider] Đang gộp dữ liệu mới vào file cũ (Khớp theo tên cột)...
[Spider] Đã lưu 230 dòng mới. Tổng: 46080 dòng.
[Sun 05/24/2026 12:13:02.70] [2/3] Dang lam sach va day vao PostgreSQL... 
🔍 Đang cấu hình Database với: postgres.kkwivuufxdewurmxtsto@aws-1-ap-southeast-1.pooler.supabase.com:5432/postgres
D:\Python\realtime_estimate_tracker\src\preprocessing\cleaner.py:138: UserWarning: Parsing dates in %d/%m/%Y format when dayfirst=False (the default) was specified. Pass `dayfirst=True` or specify a format to silence this warning.
  df['scraped_date'] = pd.to_datetime(df['scraped_date'], errors='coerce')
Đang đọc dữ liệu thô...
Tổng số dòng thô: 46080
🧠 Đang áp dụng NLP trích xuất Đặc trưng...
🧠 Đang áp dụng KNN Imputer...
✅ Giữ lại 6417/46080 tin hợp lệ.
✅ Đã kết nối thành công tới PostgreSQL.
✅ Bảng 'bds_hadong' đã có PRIMARY KEY. Bỏ qua.
Đang thực hiện Upsert dữ liệu vào PostgreSQL...
🔄 Upsert thành công 6417 bản ghi vào 'bds_hadong'.
✅ Hoàn tất Pipeline ETL.
[Sun 05/24/2026 12:13:49.15] [3/3] Dang dong bo Data len GitHub... 
[main 1eb03b7] Auto-update Fast Pipeline: Sun 05/24/2026 12:13:55.97
 4 files changed, 753 insertions(+), 441 deletions(-)
fatal: Unable to persist credentials with the 'wincredman' credential store.
See https://aka.ms/gcm/credstores for more information.
fatal: Unable to persist credentials with the 'wincredman' credential store.
See https://aka.ms/gcm/credstores for more information.
fatal: could not read Username for 'https://github.com': terminal prompts disabled
[Sun 05/24/2026 12:14:00.58] LOI: git push that bai. 
[Sun 05/24/2026 12:14:00.60] LUONG FAST BI DUNG DO LOI 
========================================= 
[Mon 05/25/2026 12:57:12.69] BAT DAU LUONG FAST (QUET BE MAT) 
[Mon 05/25/2026 12:57:12.72] [1/3] Dang cao du lieu be mat... 
[Browser] Đang khởi tạo trình duyệt...
[Browser] Phát hiện Chrome (Windows): Version 139

[Spider] Đang cào trang 1/10: https://batdongsan.com.vn/nha-dat-ban-ha-dong
[Spider] ✅ Thành công: Tìm thấy 40 tin đăng ở trang 1.

[Spider] Đang cào trang 2/10: https://batdongsan.com.vn/nha-dat-ban-ha-dong/p2
[Spider] ✅ Thành công: Tìm thấy 40 tin đăng ở trang 2.

[Spider] Đang cào trang 3/10: https://batdongsan.com.vn/nha-dat-ban-ha-dong/p3
[Spider] ✅ Thành công: Tìm thấy 40 tin đăng ở trang 3.

[Spider] Đang cào trang 4/10: https://batdongsan.com.vn/nha-dat-ban-ha-dong/p4
[Spider] ✅ Thành công: Tìm thấy 40 tin đăng ở trang 4.

[Spider] Đang cào trang 5/10: https://batdongsan.com.vn/nha-dat-ban-ha-dong/p5
[Spider] ✅ Thành công: Tìm thấy 40 tin đăng ở trang 5.

[Spider] Đang cào trang 6/10: https://batdongsan.com.vn/nha-dat-ban-ha-dong/p6
[Spider] ✅ Thành công: Tìm thấy 40 tin đăng ở trang 6.

[Spider] Đang cào trang 7/10: https://batdongsan.com.vn/nha-dat-ban-ha-dong/p7
[Spider] ✅ Thành công: Tìm thấy 40 tin đăng ở trang 7.

[Spider] Đang cào trang 8/10: https://batdongsan.com.vn/nha-dat-ban-ha-dong/p8
[Spider] ✅ Thành công: Tìm thấy 40 tin đăng ở trang 8.

[Spider] Đang cào trang 9/10: https://batdongsan.com.vn/nha-dat-ban-ha-dong/p9
[Spider] ✅ Thành công: Tìm thấy 40 tin đăng ở trang 9.

[Spider] Đang cào trang 10/10: https://batdongsan.com.vn/nha-dat-ban-ha-dong/p10
[Spider] ✅ Thành công: Tìm thấy 40 tin đăng ở trang 10.
[Spider] Đang gộp dữ liệu mới vào file cũ (Khớp theo tên cột)...
[Spider] Đã lưu 280 dòng mới. Tổng: 46360 dòng.
[Mon 05/25/2026 13:01:29.81] [2/3] Dang lam sach va day vao PostgreSQL... 
🔍 Đang cấu hình Database với: postgres.kkwivuufxdewurmxtsto@aws-1-ap-southeast-1.pooler.supabase.com:5432/postgres
D:\Python\realtime_estimate_tracker\src\preprocessing\cleaner.py:138: UserWarning: Parsing dates in %d/%m/%Y format when dayfirst=False (the default) was specified. Pass `dayfirst=True` or specify a format to silence this warning.
  df['scraped_date'] = pd.to_datetime(df['scraped_date'], errors='coerce')
Đang đọc dữ liệu thô...
Tổng số dòng thô: 46360
🧠 Đang áp dụng NLP trích xuất Đặc trưng...
🧠 Đang áp dụng KNN Imputer...
✅ Giữ lại 6438/46360 tin hợp lệ.
✅ Đã kết nối thành công tới PostgreSQL.
✅ Bảng 'bds_hadong' đã có PRIMARY KEY. Bỏ qua.
Đang thực hiện Upsert dữ liệu vào PostgreSQL...
🔄 Upsert thành công 6438 bản ghi vào 'bds_hadong'.
✅ Hoàn tất Pipeline ETL.
[Mon 05/25/2026 13:02:17.92] [3/3] Dang dong bo Data len GitHub... 
[main 0e57dbe] Auto-update Fast Pipeline: Mon 05/25/2026 13:02:24.08
 4 files changed, 820 insertions(+), 454 deletions(-)
fatal: Unable to persist credentials with the 'wincredman' credential store.
See https://aka.ms/gcm/credstores for more information.
fatal: Unable to persist credentials with the 'wincredman' credential store.
See https://aka.ms/gcm/credstores for more information.
fatal: could not read Username for 'https://github.com': terminal prompts disabled
[Mon 05/25/2026 13:02:29.00] LOI: git push that bai. 
[Mon 05/25/2026 13:02:29.02] LUONG FAST BI DUNG DO LOI 
========================================= 
[Tue 05/26/2026 12:00:03.00] BAT DAU LUONG FAST (QUET BE MAT) 
[Tue 05/26/2026 12:00:03.02] [1/3] Dang cao du lieu be mat... 
[Browser] Đang khởi tạo trình duyệt...
[Browser] Phát hiện Chrome (Windows): Version 139

[Spider] Đang cào trang 1/10: https://batdongsan.com.vn/nha-dat-ban-ha-dong
[Spider] ✅ Thành công: Tìm thấy 40 tin đăng ở trang 1.

[Spider] Đang cào trang 2/10: https://batdongsan.com.vn/nha-dat-ban-ha-dong/p2
[Spider] ✅ Thành công: Tìm thấy 40 tin đăng ở trang 2.

[Spider] Đang cào trang 3/10: https://batdongsan.com.vn/nha-dat-ban-ha-dong/p3
[Spider] ✅ Thành công: Tìm thấy 40 tin đăng ở trang 3.

[Spider] Đang cào trang 4/10: https://batdongsan.com.vn/nha-dat-ban-ha-dong/p4
[Spider] ✅ Thành công: Tìm thấy 40 tin đăng ở trang 4.

[Spider] Đang cào trang 5/10: https://batdongsan.com.vn/nha-dat-ban-ha-dong/p5
[Spider] ✅ Thành công: Tìm thấy 40 tin đăng ở trang 5.

[Spider] Đang cào trang 6/10: https://batdongsan.com.vn/nha-dat-ban-ha-dong/p6
[Spider] ✅ Thành công: Tìm thấy 40 tin đăng ở trang 6.

[Spider] Đang cào trang 7/10: https://batdongsan.com.vn/nha-dat-ban-ha-dong/p7
[Spider] ✅ Thành công: Tìm thấy 40 tin đăng ở trang 7.

[Spider] Đang cào trang 8/10: https://batdongsan.com.vn/nha-dat-ban-ha-dong/p8
[Spider] ✅ Thành công: Tìm thấy 40 tin đăng ở trang 8.

[Spider] Đang cào trang 9/10: https://batdongsan.com.vn/nha-dat-ban-ha-dong/p9
[Spider] ✅ Thành công: Tìm thấy 40 tin đăng ở trang 9.

[Spider] Đang cào trang 10/10: https://batdongsan.com.vn/nha-dat-ban-ha-dong/p10
[Spider] ✅ Thành công: Tìm thấy 40 tin đăng ở trang 10.
[Spider] Đang gộp dữ liệu mới vào file cũ (Khớp theo tên cột)...
[Spider] Đã lưu 280 dòng mới. Tổng: 46640 dòng.
[Tue 05/26/2026 12:04:03.26] [2/3] Dang lam sach va day vao PostgreSQL... 
🔍 Đang cấu hình Database với: postgres.kkwivuufxdewurmxtsto@aws-1-ap-southeast-1.pooler.supabase.com:5432/postgres
D:\Python\realtime_estimate_tracker\src\preprocessing\cleaner.py:138: UserWarning: Parsing dates in %d/%m/%Y format when dayfirst=False (the default) was specified. Pass `dayfirst=True` or specify a format to silence this warning.
  df['scraped_date'] = pd.to_datetime(df['scraped_date'], errors='coerce')
Đang đọc dữ liệu thô...
Tổng số dòng thô: 46640
🧠 Đang áp dụng NLP trích xuất Đặc trưng...
🧠 Đang áp dụng KNN Imputer...
✅ Giữ lại 6459/46640 tin hợp lệ.
✅ Đã kết nối thành công tới PostgreSQL.
✅ Bảng 'bds_hadong' đã có PRIMARY KEY. Bỏ qua.
Đang thực hiện Upsert dữ liệu vào PostgreSQL...
🔄 Upsert thành công 6459 bản ghi vào 'bds_hadong'.
✅ Hoàn tất Pipeline ETL.
[Tue 05/26/2026 12:04:49.37] [3/3] Dang dong bo Data len GitHub... 
[main 8b32111] Auto-update Fast Pipeline: Tue 05/26/2026 12:04:57.16
 4 files changed, 893 insertions(+), 527 deletions(-)
remote: This repository moved. Please use the new location:        
remote:   https://github.com/HieuNT316/hanoi-house-price-prediction.git        
To https://github.com/Alexus143/hanoi-house-price-prediction.git
   843c2e6..8b32111  main -> main
[Tue 05/26/2026 12:05:08.60] HOAN THANH LUONG FAST 
========================================= 
[Wed 05/27/2026 12:25:30.80] BAT DAU LUONG FAST (QUET BE MAT) 
[Wed 05/27/2026 12:25:30.81] [1/3] Dang cao du lieu be mat... 
[Browser] Đang khởi tạo trình duyệt...
[Browser] Phát hiện Chrome (Windows): Version 139

[Spider] Đang cào trang 1/10: https://batdongsan.com.vn/nha-dat-ban-ha-dong
[Spider] ✅ Thành công: Tìm thấy 40 tin đăng ở trang 1.

[Spider] Đang cào trang 2/10: https://batdongsan.com.vn/nha-dat-ban-ha-dong/p2
[Spider] ✅ Thành công: Tìm thấy 40 tin đăng ở trang 2.

[Spider] Đang cào trang 3/10: https://batdongsan.com.vn/nha-dat-ban-ha-dong/p3
[Spider] ✅ Thành công: Tìm thấy 40 tin đăng ở trang 3.

[Spider] Đang cào trang 4/10: https://batdongsan.com.vn/nha-dat-ban-ha-dong/p4
[Spider] ✅ Thành công: Tìm thấy 40 tin đăng ở trang 4.

[Spider] Đang cào trang 5/10: https://batdongsan.com.vn/nha-dat-ban-ha-dong/p5
[Spider] ✅ Thành công: Tìm thấy 40 tin đăng ở trang 5.

[Spider] Đang cào trang 6/10: https://batdongsan.com.vn/nha-dat-ban-ha-dong/p6
[Spider] ✅ Thành công: Tìm thấy 40 tin đăng ở trang 6.

[Spider] Đang cào trang 7/10: https://batdongsan.com.vn/nha-dat-ban-ha-dong/p7
[Spider] ✅ Thành công: Tìm thấy 40 tin đăng ở trang 7.

[Spider] Đang cào trang 8/10: https://batdongsan.com.vn/nha-dat-ban-ha-dong/p8
[Spider] ✅ Thành công: Tìm thấy 40 tin đăng ở trang 8.

[Spider] Đang cào trang 9/10: https://batdongsan.com.vn/nha-dat-ban-ha-dong/p9
[Spider] ✅ Thành công: Tìm thấy 40 tin đăng ở trang 9.

[Spider] Đang cào trang 10/10: https://batdongsan.com.vn/nha-dat-ban-ha-dong/p10
[Spider] ✅ Thành công: Tìm thấy 40 tin đăng ở trang 10.
[Spider] Đang gộp dữ liệu mới vào file cũ (Khớp theo tên cột)...
[Spider] Đã lưu 280 dòng mới. Tổng: 46920 dòng.
[Wed 05/27/2026 12:29:58.40] [2/3] Dang lam sach va day vao PostgreSQL... 
🔍 Đang cấu hình Database với: postgres.kkwivuufxdewurmxtsto@aws-1-ap-southeast-1.pooler.supabase.com:5432/postgres
D:\Python\realtime_estimate_tracker\src\preprocessing\cleaner.py:138: UserWarning: Parsing dates in %d/%m/%Y format when dayfirst=False (the default) was specified. Pass `dayfirst=True` or specify a format to silence this warning.
  df['scraped_date'] = pd.to_datetime(df['scraped_date'], errors='coerce')
Đang đọc dữ liệu thô...
Tổng số dòng thô: 46920
🧠 Đang áp dụng NLP trích xuất Đặc trưng...
🧠 Đang áp dụng KNN Imputer...
✅ Giữ lại 6472/46920 tin hợp lệ.
✅ Đã kết nối thành công tới PostgreSQL.
✅ Bảng 'bds_hadong' đã có PRIMARY KEY. Bỏ qua.
Đang thực hiện Upsert dữ liệu vào PostgreSQL...
🔄 Upsert thành công 6472 bản ghi vào 'bds_hadong'.
✅ Hoàn tất Pipeline ETL.
[Wed 05/27/2026 12:30:45.21] [3/3] Dang dong bo Data len GitHub... 
[main cb70824] Auto-update Fast Pipeline: Wed 05/27/2026 12:30:51.70
 4 files changed, 782 insertions(+), 424 deletions(-)
fatal: Unable to persist credentials with the 'wincredman' credential store.
See https://aka.ms/gcm/credstores for more information.
fatal: Unable to persist credentials with the 'wincredman' credential store.
See https://aka.ms/gcm/credstores for more information.
fatal: could not read Username for 'https://github.com': terminal prompts disabled
[Wed 05/27/2026 12:30:56.86] LOI: git push that bai. 
[Wed 05/27/2026 12:30:56.88] LUONG FAST BI DUNG DO LOI 
========================================= 
[Thu 05/28/2026 15:51:53.01] BAT DAU LUONG FAST (QUET BE MAT) 
[Thu 05/28/2026 15:51:53.03] [1/3] Dang cao du lieu be mat... 
[Browser] Đang khởi tạo trình duyệt...
[Browser] Phát hiện Chrome (Windows): Version 139

[Spider] Đang cào trang 1/10: https://batdongsan.com.vn/nha-dat-ban-ha-dong
[Spider] ✅ Thành công: Tìm thấy 40 tin đăng ở trang 1.

[Spider] Đang cào trang 2/10: https://batdongsan.com.vn/nha-dat-ban-ha-dong/p2
[Spider] ✅ Thành công: Tìm thấy 40 tin đăng ở trang 2.

[Spider] Đang cào trang 3/10: https://batdongsan.com.vn/nha-dat-ban-ha-dong/p3
[Spider] ✅ Thành công: Tìm thấy 40 tin đăng ở trang 3.

[Spider] Đang cào trang 4/10: https://batdongsan.com.vn/nha-dat-ban-ha-dong/p4
[Spider] ✅ Thành công: Tìm thấy 40 tin đăng ở trang 4.

[Spider] Đang cào trang 5/10: https://batdongsan.com.vn/nha-dat-ban-ha-dong/p5
[Spider] ✅ Thành công: Tìm thấy 40 tin đăng ở trang 5.

[Spider] Đang cào trang 6/10: https://batdongsan.com.vn/nha-dat-ban-ha-dong/p6
[Spider] ✅ Thành công: Tìm thấy 40 tin đăng ở trang 6.

[Spider] Đang cào trang 7/10: https://batdongsan.com.vn/nha-dat-ban-ha-dong/p7
[Spider] ✅ Thành công: Tìm thấy 40 tin đăng ở trang 7.

[Spider] Đang cào trang 8/10: https://batdongsan.com.vn/nha-dat-ban-ha-dong/p8
[Spider] ✅ Thành công: Tìm thấy 40 tin đăng ở trang 8.

[Spider] Đang cào trang 9/10: https://batdongsan.com.vn/nha-dat-ban-ha-dong/p9
[Spider] ✅ Thành công: Tìm thấy 40 tin đăng ở trang 9.

[Spider] Đang cào trang 10/10: https://batdongsan.com.vn/nha-dat-ban-ha-dong/p10
[Spider] ✅ Thành công: Tìm thấy 40 tin đăng ở trang 10.
[Spider] Đang gộp dữ liệu mới vào file cũ (Khớp theo tên cột)...
[Spider] Đã lưu 280 dòng mới. Tổng: 47200 dòng.
[Thu 05/28/2026 15:55:39.18] [2/3] Dang lam sach va day vao PostgreSQL... 
🔍 Đang cấu hình Database với: postgres.kkwivuufxdewurmxtsto@aws-1-ap-southeast-1.pooler.supabase.com:5432/postgres
D:\Python\realtime_estimate_tracker\src\preprocessing\cleaner.py:138: UserWarning: Parsing dates in %d/%m/%Y format when dayfirst=False (the default) was specified. Pass `dayfirst=True` or specify a format to silence this warning.
  df['scraped_date'] = pd.to_datetime(df['scraped_date'], errors='coerce')
Đang đọc dữ liệu thô...
Tổng số dòng thô: 47200
🧠 Đang áp dụng NLP trích xuất Đặc trưng...
🧠 Đang áp dụng KNN Imputer...
✅ Giữ lại 6484/47200 tin hợp lệ.
✅ Đã kết nối thành công tới PostgreSQL.
✅ Bảng 'bds_hadong' đã có PRIMARY KEY. Bỏ qua.
Đang thực hiện Upsert dữ liệu vào PostgreSQL...
🔄 Upsert thành công 6484 bản ghi vào 'bds_hadong'.
✅ Hoàn tất Pipeline ETL.
[Thu 05/28/2026 15:56:27.02] [3/3] Dang dong bo Data len GitHub... 
[main 0326cdb] Auto-update Fast Pipeline: Thu 05/28/2026 15:56:33.36
 4 files changed, 787 insertions(+), 430 deletions(-)
fatal: Unable to persist credentials with the 'wincredman' credential store.
See https://aka.ms/gcm/credstores for more information.
fatal: Unable to persist credentials with the 'wincredman' credential store.
See https://aka.ms/gcm/credstores for more information.
fatal: could not read Username for 'https://github.com': terminal prompts disabled
[Thu 05/28/2026 15:56:38.31] LOI: git push that bai. 
[Thu 05/28/2026 15:56:38.33] LUONG FAST BI DUNG DO LOI 
========================================= 
[Fri 05/29/2026 12:50:12.19] BAT DAU LUONG FAST (QUET BE MAT) 
[Fri 05/29/2026 12:50:12.20] [1/3] Dang cao du lieu be mat... 
[Browser] Đang khởi tạo trình duyệt...
[Browser] Phát hiện Chrome (Windows): Version 139

[Spider] Đang cào trang 1/10: https://batdongsan.com.vn/nha-dat-ban-ha-dong
[Spider] ✅ Thành công: Tìm thấy 30 tin đăng ở trang 1.

[Spider] Đang cào trang 2/10: https://batdongsan.com.vn/nha-dat-ban-ha-dong/p2
[Spider] ✅ Thành công: Tìm thấy 30 tin đăng ở trang 2.

[Spider] Đang cào trang 3/10: https://batdongsan.com.vn/nha-dat-ban-ha-dong/p3
[Spider] ✅ Thành công: Tìm thấy 40 tin đăng ở trang 3.

[Spider] Đang cào trang 4/10: https://batdongsan.com.vn/nha-dat-ban-ha-dong/p4
[Spider] ✅ Thành công: Tìm thấy 40 tin đăng ở trang 4.

[Spider] Đang cào trang 5/10: https://batdongsan.com.vn/nha-dat-ban-ha-dong/p5
[Spider] ✅ Thành công: Tìm thấy 40 tin đăng ở trang 5.

[Spider] Đang cào trang 6/10: https://batdongsan.com.vn/nha-dat-ban-ha-dong/p6
[Spider] ✅ Thành công: Tìm thấy 40 tin đăng ở trang 6.

[Spider] Đang cào trang 7/10: https://batdongsan.com.vn/nha-dat-ban-ha-dong/p7
[Spider] ✅ Thành công: Tìm thấy 40 tin đăng ở trang 7.

[Spider] Đang cào trang 8/10: https://batdongsan.com.vn/nha-dat-ban-ha-dong/p8
[Spider] ✅ Thành công: Tìm thấy 40 tin đăng ở trang 8.

[Spider] Đang cào trang 9/10: https://batdongsan.com.vn/nha-dat-ban-ha-dong/p9
[Spider] ✅ Thành công: Tìm thấy 40 tin đăng ở trang 9.

[Spider] Đang cào trang 10/10: https://batdongsan.com.vn/nha-dat-ban-ha-dong/p10
[Spider] ✅ Thành công: Tìm thấy 30 tin đăng ở trang 10.
[Spider] Đang gộp dữ liệu mới vào file cũ (Khớp theo tên cột)...
[Spider] Đã lưu 265 dòng mới. Tổng: 47465 dòng.
[Fri 05/29/2026 12:55:06.03] [2/3] Dang lam sach va day vao PostgreSQL... 
🔍 Đang cấu hình Database với: postgres.kkwivuufxdewurmxtsto@aws-1-ap-southeast-1.pooler.supabase.com:5432/postgres
D:\Python\realtime_estimate_tracker\src\preprocessing\cleaner.py:138: UserWarning: Parsing dates in %d/%m/%Y format when dayfirst=False (the default) was specified. Pass `dayfirst=True` or specify a format to silence this warning.
  df['scraped_date'] = pd.to_datetime(df['scraped_date'], errors='coerce')
Đang đọc dữ liệu thô...
Tổng số dòng thô: 47465
🧠 Đang áp dụng NLP trích xuất Đặc trưng...
🧠 Đang áp dụng KNN Imputer...
✅ Giữ lại 6499/47465 tin hợp lệ.
✅ Đã kết nối thành công tới PostgreSQL.
✅ Bảng 'bds_hadong' đã có PRIMARY KEY. Bỏ qua.
Đang thực hiện Upsert dữ liệu vào PostgreSQL...
🔄 Upsert thành công 6499 bản ghi vào 'bds_hadong'.
✅ Hoàn tất Pipeline ETL.
[Fri 05/29/2026 12:55:53.33] [3/3] Dang dong bo Data len GitHub... 
[main 8308e83] Auto-update Fast Pipeline: Fri 05/29/2026 12:55:59.76
 4 files changed, 757 insertions(+), 410 deletions(-)
fatal: Unable to persist credentials with the 'wincredman' credential store.
See https://aka.ms/gcm/credstores for more information.
fatal: Unable to persist credentials with the 'wincredman' credential store.
See https://aka.ms/gcm/credstores for more information.
fatal: could not read Username for 'https://github.com': terminal prompts disabled
[Fri 05/29/2026 12:56:06.22] LOI: git push that bai. 
[Fri 05/29/2026 12:56:06.24] LUONG FAST BI DUNG DO LOI 
========================================= 
[Sat 05/30/2026 12:00:02.36] BAT DAU LUONG FAST (QUET BE MAT) 
[Sat 05/30/2026 12:00:02.60] [1/3] Dang cao du lieu be mat... 
[Browser] Đang khởi tạo trình duyệt...
[Browser] Phát hiện Chrome (Windows): Version 139

[Spider] Đang cào trang 1/10: https://batdongsan.com.vn/nha-dat-ban-ha-dong
[Spider] ✅ Thành công: Tìm thấy 40 tin đăng ở trang 1.

[Spider] Đang cào trang 2/10: https://batdongsan.com.vn/nha-dat-ban-ha-dong/p2
[Spider] ✅ Thành công: Tìm thấy 40 tin đăng ở trang 2.

[Spider] Đang cào trang 3/10: https://batdongsan.com.vn/nha-dat-ban-ha-dong/p3
[Spider] ✅ Thành công: Tìm thấy 40 tin đăng ở trang 3.

[Spider] Đang cào trang 4/10: https://batdongsan.com.vn/nha-dat-ban-ha-dong/p4
[Spider] ✅ Thành công: Tìm thấy 40 tin đăng ở trang 4.

[Spider] Đang cào trang 5/10: https://batdongsan.com.vn/nha-dat-ban-ha-dong/p5
[Spider] ✅ Thành công: Tìm thấy 40 tin đăng ở trang 5.

[Spider] Đang cào trang 6/10: https://batdongsan.com.vn/nha-dat-ban-ha-dong/p6
[Spider] ✅ Thành công: Tìm thấy 40 tin đăng ở trang 6.

[Spider] Đang cào trang 7/10: https://batdongsan.com.vn/nha-dat-ban-ha-dong/p7
[Spider] ✅ Thành công: Tìm thấy 40 tin đăng ở trang 7.

[Spider] Đang cào trang 8/10: https://batdongsan.com.vn/nha-dat-ban-ha-dong/p8
[Spider] ✅ Thành công: Tìm thấy 40 tin đăng ở trang 8.

[Spider] Đang cào trang 9/10: https://batdongsan.com.vn/nha-dat-ban-ha-dong/p9
[Spider] ✅ Thành công: Tìm thấy 40 tin đăng ở trang 9.

[Spider] Đang cào trang 10/10: https://batdongsan.com.vn/nha-dat-ban-ha-dong/p10
[Spider] ⚠️ Không tìm thấy dữ liệu (Attempt 1). Có thể bị chặn.
[Spider] 🔄 Đang thử tải lại lần 2/3 cho trang 10...
[Spider] ✅ Thành công: Tìm thấy 40 tin đăng ở trang 10.
[Spider] Đang gộp dữ liệu mới vào file cũ (Khớp theo tên cột)...
[Spider] Đã lưu 280 dòng mới. Tổng: 47745 dòng.
[Sat 05/30/2026 12:04:12.13] [2/3] Dang lam sach va day vao PostgreSQL... 
🔍 Đang cấu hình Database với: postgres.kkwivuufxdewurmxtsto@aws-1-ap-southeast-1.pooler.supabase.com:5432/postgres
D:\Python\realtime_estimate_tracker\src\preprocessing\cleaner.py:138: UserWarning: Parsing dates in %d/%m/%Y format when dayfirst=False (the default) was specified. Pass `dayfirst=True` or specify a format to silence this warning.
  df['scraped_date'] = pd.to_datetime(df['scraped_date'], errors='coerce')
Đang đọc dữ liệu thô...
Tổng số dòng thô: 47745
🧠 Đang áp dụng NLP trích xuất Đặc trưng...
🧠 Đang áp dụng KNN Imputer...
✅ Giữ lại 6506/47745 tin hợp lệ.
✅ Đã kết nối thành công tới PostgreSQL.
✅ Bảng 'bds_hadong' đã có PRIMARY KEY. Bỏ qua.
Đang thực hiện Upsert dữ liệu vào PostgreSQL...
🔄 Upsert thành công 6506 bản ghi vào 'bds_hadong'.
✅ Hoàn tất Pipeline ETL.
[Sat 05/30/2026 12:04:46.87] [3/3] Dang dong bo Data len GitHub... 
[main a675540] Auto-update Fast Pipeline: Sat 05/30/2026 12:04:52.75
 4 files changed, 741 insertions(+), 388 deletions(-)
fatal: Unable to persist credentials with the 'wincredman' credential store.
See https://aka.ms/gcm/credstores for more information.
fatal: Unable to persist credentials with the 'wincredman' credential store.
See https://aka.ms/gcm/credstores for more information.
fatal: could not read Username for 'https://github.com': terminal prompts disabled
[Sat 05/30/2026 12:04:56.27] LOI: git push that bai. 
[Sat 05/30/2026 12:04:56.29] LUONG FAST BI DUNG DO LOI 
========================================= 
[Sun 05/31/2026 12:46:20.92] BAT DAU LUONG FAST (QUET BE MAT) 
[Sun 05/31/2026 12:46:20.96] [1/3] Dang cao du lieu be mat... 
[Browser] Đang khởi tạo trình duyệt...
[Browser] Phát hiện Chrome (Windows): Version 139

[Spider] Đang cào trang 1/10: https://batdongsan.com.vn/nha-dat-ban-ha-dong
[Spider] ✅ Thành công: Tìm thấy 30 tin đăng ở trang 1.

[Spider] Đang cào trang 2/10: https://batdongsan.com.vn/nha-dat-ban-ha-dong/p2
[Spider] ✅ Thành công: Tìm thấy 30 tin đăng ở trang 2.

[Spider] Đang cào trang 3/10: https://batdongsan.com.vn/nha-dat-ban-ha-dong/p3
[Spider] ✅ Thành công: Tìm thấy 30 tin đăng ở trang 3.

[Spider] Đang cào trang 4/10: https://batdongsan.com.vn/nha-dat-ban-ha-dong/p4
[Spider] ✅ Thành công: Tìm thấy 30 tin đăng ở trang 4.

[Spider] Đang cào trang 5/10: https://batdongsan.com.vn/nha-dat-ban-ha-dong/p5
[Spider] ✅ Thành công: Tìm thấy 30 tin đăng ở trang 5.

[Spider] Đang cào trang 6/10: https://batdongsan.com.vn/nha-dat-ban-ha-dong/p6
[Spider] ✅ Thành công: Tìm thấy 30 tin đăng ở trang 6.

[Spider] Đang cào trang 7/10: https://batdongsan.com.vn/nha-dat-ban-ha-dong/p7
[Spider] ✅ Thành công: Tìm thấy 30 tin đăng ở trang 7.

[Spider] Đang cào trang 8/10: https://batdongsan.com.vn/nha-dat-ban-ha-dong/p8
[Spider] ✅ Thành công: Tìm thấy 30 tin đăng ở trang 8.

[Spider] Đang cào trang 9/10: https://batdongsan.com.vn/nha-dat-ban-ha-dong/p9
[Spider] ✅ Thành công: Tìm thấy 30 tin đăng ở trang 9.

[Spider] Đang cào trang 10/10: https://batdongsan.com.vn/nha-dat-ban-ha-dong/p10
[Spider] ✅ Thành công: Tìm thấy 30 tin đăng ở trang 10.
[Spider] Đang gộp dữ liệu mới vào file cũ (Khớp theo tên cột)...
[Spider] Đã lưu 230 dòng mới. Tổng: 47975 dòng.
[Sun 05/31/2026 12:50:04.67] [2/3] Dang lam sach va day vao PostgreSQL... 
🔍 Đang cấu hình Database với: postgres.kkwivuufxdewurmxtsto@aws-1-ap-southeast-1.pooler.supabase.com:5432/postgres
D:\Python\realtime_estimate_tracker\src\preprocessing\cleaner.py:138: UserWarning: Parsing dates in %d/%m/%Y format when dayfirst=False (the default) was specified. Pass `dayfirst=True` or specify a format to silence this warning.
  df['scraped_date'] = pd.to_datetime(df['scraped_date'], errors='coerce')
Đang đọc dữ liệu thô...
Tổng số dòng thô: 47975
🧠 Đang áp dụng NLP trích xuất Đặc trưng...
🧠 Đang áp dụng KNN Imputer...
✅ Giữ lại 6515/47975 tin hợp lệ.
✅ Đã kết nối thành công tới PostgreSQL.
✅ Bảng 'bds_hadong' đã có PRIMARY KEY. Bỏ qua.
Đang thực hiện Upsert dữ liệu vào PostgreSQL...
🔄 Upsert thành công 6515 bản ghi vào 'bds_hadong'.
✅ Hoàn tất Pipeline ETL.
[Sun 05/31/2026 12:50:49.83] [3/3] Dang dong bo Data len GitHub... 
[main 20ffe29] Auto-update Fast Pipeline: Sun 05/31/2026 12:50:56.07
 4 files changed, 705 insertions(+), 402 deletions(-)
fatal: Unable to persist credentials with the 'wincredman' credential store.
See https://aka.ms/gcm/credstores for more information.
fatal: Unable to persist credentials with the 'wincredman' credential store.
See https://aka.ms/gcm/credstores for more information.
fatal: could not read Username for 'https://github.com': terminal prompts disabled
[Sun 05/31/2026 12:51:00.94] LOI: git push that bai. 
[Sun 05/31/2026 12:51:00.95] LUONG FAST BI DUNG DO LOI 
========================================= 
[Mon 06/01/2026 12:00:02.35] BAT DAU LUONG FAST (QUET BE MAT) 
[Mon 06/01/2026 12:00:02.37] [1/3] Dang cao du lieu be mat... 
[Browser] Đang khởi tạo trình duyệt...
[Browser] Phát hiện Chrome (Windows): Version 139

[Spider] Đang cào trang 1/10: https://batdongsan.com.vn/nha-dat-ban-ha-dong
[Spider] ✅ Thành công: Tìm thấy 40 tin đăng ở trang 1.

[Spider] Đang cào trang 2/10: https://batdongsan.com.vn/nha-dat-ban-ha-dong/p2
[Spider] ✅ Thành công: Tìm thấy 40 tin đăng ở trang 2.

[Spider] Đang cào trang 3/10: https://batdongsan.com.vn/nha-dat-ban-ha-dong/p3
[Spider] ✅ Thành công: Tìm thấy 40 tin đăng ở trang 3.

[Spider] Đang cào trang 4/10: https://batdongsan.com.vn/nha-dat-ban-ha-dong/p4
[Spider] ✅ Thành công: Tìm thấy 40 tin đăng ở trang 4.

[Spider] Đang cào trang 5/10: https://batdongsan.com.vn/nha-dat-ban-ha-dong/p5
[Spider] ✅ Thành công: Tìm thấy 40 tin đăng ở trang 5.

[Spider] Đang cào trang 6/10: https://batdongsan.com.vn/nha-dat-ban-ha-dong/p6
[Spider] ✅ Thành công: Tìm thấy 40 tin đăng ở trang 6.

[Spider] Đang cào trang 7/10: https://batdongsan.com.vn/nha-dat-ban-ha-dong/p7
[Spider] ✅ Thành công: Tìm thấy 40 tin đăng ở trang 7.

[Spider] Đang cào trang 8/10: https://batdongsan.com.vn/nha-dat-ban-ha-dong/p8
[Spider] ✅ Thành công: Tìm thấy 40 tin đăng ở trang 8.

[Spider] Đang cào trang 9/10: https://batdongsan.com.vn/nha-dat-ban-ha-dong/p9
[Spider] ✅ Thành công: Tìm thấy 40 tin đăng ở trang 9.

[Spider] Đang cào trang 10/10: https://batdongsan.com.vn/nha-dat-ban-ha-dong/p10
[Spider] ✅ Thành công: Tìm thấy 40 tin đăng ở trang 10.
[Spider] Đang gộp dữ liệu mới vào file cũ (Khớp theo tên cột)...
[Spider] Đã lưu 280 dòng mới. Tổng: 48255 dòng.
[Mon 06/01/2026 12:03:48.37] [2/3] Dang lam sach va day vao PostgreSQL... 
🔍 Đang cấu hình Database với: postgres.kkwivuufxdewurmxtsto@aws-1-ap-southeast-1.pooler.supabase.com:5432/postgres
D:\Python\realtime_estimate_tracker\src\preprocessing\cleaner.py:138: UserWarning: Parsing dates in %d/%m/%Y format when dayfirst=False (the default) was specified. Pass `dayfirst=True` or specify a format to silence this warning.
  df['scraped_date'] = pd.to_datetime(df['scraped_date'], errors='coerce')
Đang đọc dữ liệu thô...
Tổng số dòng thô: 48255
🧠 Đang áp dụng NLP trích xuất Đặc trưng...
🧠 Đang áp dụng KNN Imputer...
✅ Giữ lại 6524/48255 tin hợp lệ.
✅ Đã kết nối thành công tới PostgreSQL.
✅ Bảng 'bds_hadong' đã có PRIMARY KEY. Bỏ qua.
Đang thực hiện Upsert dữ liệu vào PostgreSQL...
🔄 Upsert thành công 6524 bản ghi vào 'bds_hadong'.
✅ Hoàn tất Pipeline ETL.
[Mon 06/01/2026 12:04:32.83] [3/3] Dang dong bo Data len GitHub... 
[main c9a8a12] Auto-update Fast Pipeline: Mon 06/01/2026 12:04:39.31
 4 files changed, 699 insertions(+), 343 deletions(-)
fatal: Unable to persist credentials with the 'wincredman' credential store.
See https://aka.ms/gcm/credstores for more information.
fatal: Unable to persist credentials with the 'wincredman' credential store.
See https://aka.ms/gcm/credstores for more information.
fatal: could not read Username for 'https://github.com': terminal prompts disabled
[Mon 06/01/2026 12:04:43.79] LOI: git push that bai. 
[Mon 06/01/2026 12:04:43.81] LUONG FAST BI DUNG DO LOI 
========================================= 
[Tue 06/02/2026 12:00:03.24] BAT DAU LUONG FAST (QUET BE MAT) 
[Tue 06/02/2026 12:00:03.26] [1/3] Dang cao du lieu be mat... 
[Browser] Đang khởi tạo trình duyệt...
[Browser] Phát hiện Chrome (Windows): Version 139

[Spider] Đang cào trang 1/10: https://batdongsan.com.vn/nha-dat-ban-ha-dong
[Spider] ✅ Thành công: Tìm thấy 40 tin đăng ở trang 1.

[Spider] Đang cào trang 2/10: https://batdongsan.com.vn/nha-dat-ban-ha-dong/p2
[Spider] ✅ Thành công: Tìm thấy 40 tin đăng ở trang 2.

[Spider] Đang cào trang 3/10: https://batdongsan.com.vn/nha-dat-ban-ha-dong/p3
[Spider] ✅ Thành công: Tìm thấy 40 tin đăng ở trang 3.

[Spider] Đang cào trang 4/10: https://batdongsan.com.vn/nha-dat-ban-ha-dong/p4
[Spider] ✅ Thành công: Tìm thấy 40 tin đăng ở trang 4.

[Spider] Đang cào trang 5/10: https://batdongsan.com.vn/nha-dat-ban-ha-dong/p5
[Spider] ✅ Thành công: Tìm thấy 40 tin đăng ở trang 5.

[Spider] Đang cào trang 6/10: https://batdongsan.com.vn/nha-dat-ban-ha-dong/p6
[Spider] ✅ Thành công: Tìm thấy 40 tin đăng ở trang 6.

[Spider] Đang cào trang 7/10: https://batdongsan.com.vn/nha-dat-ban-ha-dong/p7
[Spider] ✅ Thành công: Tìm thấy 40 tin đăng ở trang 7.

[Spider] Đang cào trang 8/10: https://batdongsan.com.vn/nha-dat-ban-ha-dong/p8
[Spider] ✅ Thành công: Tìm thấy 40 tin đăng ở trang 8.

[Spider] Đang cào trang 9/10: https://batdongsan.com.vn/nha-dat-ban-ha-dong/p9
[Spider] ✅ Thành công: Tìm thấy 40 tin đăng ở trang 9.

[Spider] Đang cào trang 10/10: https://batdongsan.com.vn/nha-dat-ban-ha-dong/p10
[Spider] ✅ Thành công: Tìm thấy 40 tin đăng ở trang 10.
[Spider] Đang gộp dữ liệu mới vào file cũ (Khớp theo tên cột)...
[Spider] Đã lưu 280 dòng mới. Tổng: 48535 dòng.
[Tue 06/02/2026 12:03:52.80] [2/3] Dang lam sach va day vao PostgreSQL... 
🔍 Đang cấu hình Database với: postgres.kkwivuufxdewurmxtsto@aws-1-ap-southeast-1.pooler.supabase.com:5432/postgres
D:\Python\realtime_estimate_tracker\src\preprocessing\cleaner.py:138: UserWarning: Parsing dates in %d/%m/%Y format when dayfirst=False (the default) was specified. Pass `dayfirst=True` or specify a format to silence this warning.
  df['scraped_date'] = pd.to_datetime(df['scraped_date'], errors='coerce')
Đang đọc dữ liệu thô...
Tổng số dòng thô: 48535
🧠 Đang áp dụng NLP trích xuất Đặc trưng...
🧠 Đang áp dụng KNN Imputer...
✅ Giữ lại 6543/48535 tin hợp lệ.
✅ Đã kết nối thành công tới PostgreSQL.
✅ Bảng 'bds_hadong' đã có PRIMARY KEY. Bỏ qua.
Đang thực hiện Upsert dữ liệu vào PostgreSQL...
🔄 Upsert thành công 6543 bản ghi vào 'bds_hadong'.
✅ Hoàn tất Pipeline ETL.
[Tue 06/02/2026 12:04:50.35] [3/3] Dang dong bo Data len GitHub... 
[main 8dbff6f] Auto-update Fast Pipeline: Tue 06/02/2026 12:04:58.35
 4 files changed, 820 insertions(+), 454 deletions(-)
fatal: Unable to persist credentials with the 'wincredman' credential store.
See https://aka.ms/gcm/credstores for more information.
fatal: Unable to persist credentials with the 'wincredman' credential store.
See https://aka.ms/gcm/credstores for more information.
fatal: could not read Username for 'https://github.com': terminal prompts disabled
[Tue 06/02/2026 12:05:02.70] LOI: git push that bai. 
[Tue 06/02/2026 12:05:02.72] LUONG FAST BI DUNG DO LOI 
========================================= 
[Wed 06/03/2026 13:48:56.53] BAT DAU LUONG FAST (QUET BE MAT) 
[Wed 06/03/2026 13:48:57.00] [1/3] Dang cao du lieu be mat... 
[Browser] Đang khởi tạo trình duyệt...
[Browser] Phát hiện Chrome (Windows): Version 139

[Spider] Đang cào trang 1/10: https://batdongsan.com.vn/nha-dat-ban-ha-dong
[Spider] ✅ Thành công: Tìm thấy 40 tin đăng ở trang 1.

[Spider] Đang cào trang 2/10: https://batdongsan.com.vn/nha-dat-ban-ha-dong/p2
[Spider] ✅ Thành công: Tìm thấy 40 tin đăng ở trang 2.

[Spider] Đang cào trang 3/10: https://batdongsan.com.vn/nha-dat-ban-ha-dong/p3
[Spider] ✅ Thành công: Tìm thấy 40 tin đăng ở trang 3.

[Spider] Đang cào trang 4/10: https://batdongsan.com.vn/nha-dat-ban-ha-dong/p4
[Spider] ✅ Thành công: Tìm thấy 40 tin đăng ở trang 4.

[Spider] Đang cào trang 5/10: https://batdongsan.com.vn/nha-dat-ban-ha-dong/p5
[Spider] ✅ Thành công: Tìm thấy 40 tin đăng ở trang 5.

[Spider] Đang cào trang 6/10: https://batdongsan.com.vn/nha-dat-ban-ha-dong/p6
[Spider] ✅ Thành công: Tìm thấy 40 tin đăng ở trang 6.

[Spider] Đang cào trang 7/10: https://batdongsan.com.vn/nha-dat-ban-ha-dong/p7
[Spider] ✅ Thành công: Tìm thấy 40 tin đăng ở trang 7.

[Spider] Đang cào trang 8/10: https://batdongsan.com.vn/nha-dat-ban-ha-dong/p8
[Spider] ✅ Thành công: Tìm thấy 40 tin đăng ở trang 8.

[Spider] Đang cào trang 9/10: https://batdongsan.com.vn/nha-dat-ban-ha-dong/p9
[Spider] ✅ Thành công: Tìm thấy 40 tin đăng ở trang 9.

[Spider] Đang cào trang 10/10: https://batdongsan.com.vn/nha-dat-ban-ha-dong/p10
[Spider] ✅ Thành công: Tìm thấy 40 tin đăng ở trang 10.
[Spider] Đang gộp dữ liệu mới vào file cũ (Khớp theo tên cột)...
[Spider] Đã lưu 280 dòng mới. Tổng: 48815 dòng.
[Wed 06/03/2026 13:52:44.36] [2/3] Dang lam sach va day vao PostgreSQL... 
🔍 Đang cấu hình Database với: postgres.kkwivuufxdewurmxtsto@aws-1-ap-southeast-1.pooler.supabase.com:5432/postgres
D:\Python\realtime_estimate_tracker\src\preprocessing\cleaner.py:138: UserWarning: Parsing dates in %d/%m/%Y format when dayfirst=False (the default) was specified. Pass `dayfirst=True` or specify a format to silence this warning.
  df['scraped_date'] = pd.to_datetime(df['scraped_date'], errors='coerce')
Đang đọc dữ liệu thô...
Tổng số dòng thô: 48815
🧠 Đang áp dụng NLP trích xuất Đặc trưng...
🧠 Đang áp dụng KNN Imputer...
✅ Giữ lại 6555/48815 tin hợp lệ.
✅ Đã kết nối thành công tới PostgreSQL.
✅ Bảng 'bds_hadong' đã có PRIMARY KEY. Bỏ qua.
Đang thực hiện Upsert dữ liệu vào PostgreSQL...
🔄 Upsert thành công 6555 bản ghi vào 'bds_hadong'.
✅ Hoàn tất Pipeline ETL.
[Wed 06/03/2026 13:53:30.90] [3/3] Dang dong bo Data len GitHub... 
[main 79f7d5f] Auto-update Fast Pipeline: Wed 06/03/2026 13:53:38.51
 4 files changed, 790 insertions(+), 433 deletions(-)
remote: This repository moved. Please use the new location:        
remote:   https://github.com/HieuNT316/hanoi-house-price-prediction.git        
To https://github.com/Alexus143/hanoi-house-price-prediction.git
   daba888..79f7d5f  main -> main
[Wed 06/03/2026 13:53:52.09] HOAN THANH LUONG FAST 
========================================= 
[Thu 06/04/2026 12:00:02.31] BAT DAU LUONG FAST (QUET BE MAT) 
[Thu 06/04/2026 12:00:02.34] [1/3] Dang cao du lieu be mat... 
[Browser] Đang khởi tạo trình duyệt...
[Browser] Phát hiện Chrome (Windows): Version 139

[Spider] Đang cào trang 1/10: https://batdongsan.com.vn/nha-dat-ban-ha-dong
[Spider] ✅ Thành công: Tìm thấy 40 tin đăng ở trang 1.

[Spider] Đang cào trang 2/10: https://batdongsan.com.vn/nha-dat-ban-ha-dong/p2
[Spider] ✅ Thành công: Tìm thấy 40 tin đăng ở trang 2.

[Spider] Đang cào trang 3/10: https://batdongsan.com.vn/nha-dat-ban-ha-dong/p3
[Spider] ✅ Thành công: Tìm thấy 40 tin đăng ở trang 3.

[Spider] Đang cào trang 4/10: https://batdongsan.com.vn/nha-dat-ban-ha-dong/p4
[Spider] ✅ Thành công: Tìm thấy 40 tin đăng ở trang 4.

[Spider] Đang cào trang 5/10: https://batdongsan.com.vn/nha-dat-ban-ha-dong/p5
[Spider] ✅ Thành công: Tìm thấy 40 tin đăng ở trang 5.

[Spider] Đang cào trang 6/10: https://batdongsan.com.vn/nha-dat-ban-ha-dong/p6
[Spider] ✅ Thành công: Tìm thấy 40 tin đăng ở trang 6.

[Spider] Đang cào trang 7/10: https://batdongsan.com.vn/nha-dat-ban-ha-dong/p7
[Spider] ✅ Thành công: Tìm thấy 40 tin đăng ở trang 7.

[Spider] Đang cào trang 8/10: https://batdongsan.com.vn/nha-dat-ban-ha-dong/p8
[Spider] ✅ Thành công: Tìm thấy 40 tin đăng ở trang 8.

[Spider] Đang cào trang 9/10: https://batdongsan.com.vn/nha-dat-ban-ha-dong/p9
[Spider] ✅ Thành công: Tìm thấy 40 tin đăng ở trang 9.

[Spider] Đang cào trang 10/10: https://batdongsan.com.vn/nha-dat-ban-ha-dong/p10
[Spider] ✅ Thành công: Tìm thấy 40 tin đăng ở trang 10.
[Spider] Đang gộp dữ liệu mới vào file cũ (Khớp theo tên cột)...
[Spider] Đã lưu 280 dòng mới. Tổng: 49095 dòng.
[Thu 06/04/2026 12:03:56.56] [2/3] Dang lam sach va day vao PostgreSQL... 
🔍 Đang cấu hình Database với: postgres.kkwivuufxdewurmxtsto@aws-1-ap-southeast-1.pooler.supabase.com:5432/postgres
D:\Python\realtime_estimate_tracker\src\preprocessing\cleaner.py:138: UserWarning: Parsing dates in %d/%m/%Y format when dayfirst=False (the default) was specified. Pass `dayfirst=True` or specify a format to silence this warning.
  df['scraped_date'] = pd.to_datetime(df['scraped_date'], errors='coerce')
Đang đọc dữ liệu thô...
Tổng số dòng thô: 49095
🧠 Đang áp dụng NLP trích xuất Đặc trưng...
🧠 Đang áp dụng KNN Imputer...
✅ Giữ lại 6566/49095 tin hợp lệ.
✅ Đã kết nối thành công tới PostgreSQL.
✅ Bảng 'bds_hadong' đã có PRIMARY KEY. Bỏ qua.
Đang thực hiện Upsert dữ liệu vào PostgreSQL...
🔄 Upsert thành công 6566 bản ghi vào 'bds_hadong'.
✅ Hoàn tất Pipeline ETL.
[Thu 06/04/2026 12:04:44.86] [3/3] Dang dong bo Data len GitHub... 
[main 0f183cc] Auto-update Fast Pipeline: Thu 06/04/2026 12:04:51.98
 4 files changed, 769 insertions(+), 413 deletions(-)
fatal: Unable to persist credentials with the 'wincredman' credential store.
See https://aka.ms/gcm/credstores for more information.
fatal: Unable to persist credentials with the 'wincredman' credential store.
See https://aka.ms/gcm/credstores for more information.
fatal: could not read Username for 'https://github.com': terminal prompts disabled
[Thu 06/04/2026 12:04:56.44] LOI: git push that bai. 
[Thu 06/04/2026 12:04:56.46] LUONG FAST BI DUNG DO LOI 
========================================= 
[Fri 06/05/2026 12:00:02.78] BAT DAU LUONG FAST (QUET BE MAT) 
[Fri 06/05/2026 12:00:02.82] [1/3] Dang cao du lieu be mat... 
[Browser] Đang khởi tạo trình duyệt...
[Browser] Phát hiện Chrome (Windows): Version 139

[Spider] Đang cào trang 1/10: https://batdongsan.com.vn/nha-dat-ban-ha-dong
[Spider] ✅ Thành công: Tìm thấy 40 tin đăng ở trang 1.

[Spider] Đang cào trang 2/10: https://batdongsan.com.vn/nha-dat-ban-ha-dong/p2
[Spider] ✅ Thành công: Tìm thấy 40 tin đăng ở trang 2.

[Spider] Đang cào trang 3/10: https://batdongsan.com.vn/nha-dat-ban-ha-dong/p3
[Spider] ✅ Thành công: Tìm thấy 40 tin đăng ở trang 3.

[Spider] Đang cào trang 4/10: https://batdongsan.com.vn/nha-dat-ban-ha-dong/p4
[Spider] ✅ Thành công: Tìm thấy 40 tin đăng ở trang 4.

[Spider] Đang cào trang 5/10: https://batdongsan.com.vn/nha-dat-ban-ha-dong/p5
[Spider] ✅ Thành công: Tìm thấy 40 tin đăng ở trang 5.

[Spider] Đang cào trang 6/10: https://batdongsan.com.vn/nha-dat-ban-ha-dong/p6
[Spider] ✅ Thành công: Tìm thấy 40 tin đăng ở trang 6.

[Spider] Đang cào trang 7/10: https://batdongsan.com.vn/nha-dat-ban-ha-dong/p7
[Spider] ✅ Thành công: Tìm thấy 40 tin đăng ở trang 7.

[Spider] Đang cào trang 8/10: https://batdongsan.com.vn/nha-dat-ban-ha-dong/p8
[Spider] ✅ Thành công: Tìm thấy 40 tin đăng ở trang 8.

[Spider] Đang cào trang 9/10: https://batdongsan.com.vn/nha-dat-ban-ha-dong/p9
[Spider] ✅ Thành công: Tìm thấy 40 tin đăng ở trang 9.

[Spider] Đang cào trang 10/10: https://batdongsan.com.vn/nha-dat-ban-ha-dong/p10
[Spider] ✅ Thành công: Tìm thấy 40 tin đăng ở trang 10.
[Spider] Đang gộp dữ liệu mới vào file cũ (Khớp theo tên cột)...
[Spider] Đã lưu 280 dòng mới. Tổng: 49375 dòng.
[Fri 06/05/2026 12:03:48.88] [2/3] Dang lam sach va day vao PostgreSQL... 
🔍 Đang cấu hình Database với: postgres.kkwivuufxdewurmxtsto@aws-1-ap-southeast-1.pooler.supabase.com:5432/postgres
D:\Python\realtime_estimate_tracker\src\preprocessing\cleaner.py:138: UserWarning: Parsing dates in %d/%m/%Y format when dayfirst=False (the default) was specified. Pass `dayfirst=True` or specify a format to silence this warning.
  df['scraped_date'] = pd.to_datetime(df['scraped_date'], errors='coerce')
Đang đọc dữ liệu thô...
Tổng số dòng thô: 49375
🧠 Đang áp dụng NLP trích xuất Đặc trưng...
🧠 Đang áp dụng KNN Imputer...
✅ Giữ lại 6580/49375 tin hợp lệ.
✅ Đã kết nối thành công tới PostgreSQL.
✅ Bảng 'bds_hadong' đã có PRIMARY KEY. Bỏ qua.
Đang thực hiện Upsert dữ liệu vào PostgreSQL...
🔄 Upsert thành công 6580 bản ghi vào 'bds_hadong'.
✅ Hoàn tất Pipeline ETL.
[Fri 06/05/2026 12:04:42.04] [3/3] Dang dong bo Data len GitHub... 
[main 3ea9fab] Auto-update Fast Pipeline: Fri 06/05/2026 12:04:48.83
 4 files changed, 769 insertions(+), 411 deletions(-)
fatal: Unable to persist credentials with the 'wincredman' credential store.
See https://aka.ms/gcm/credstores for more information.
fatal: Unable to persist credentials with the 'wincredman' credential store.
See https://aka.ms/gcm/credstores for more information.
fatal: could not read Username for 'https://github.com': terminal prompts disabled
[Fri 06/05/2026 12:04:53.10] LOI: git push that bai. 
[Fri 06/05/2026 12:04:53.12] LUONG FAST BI DUNG DO LOI 
========================================= 
[Sat 06/06/2026 12:34:16.15] BAT DAU LUONG FAST (QUET BE MAT) 
[Sat 06/06/2026 12:34:16.20] [1/3] Dang cao du lieu be mat... 
[Browser] Đang khởi tạo trình duyệt...
[Browser] Phát hiện Chrome (Windows): Version 139

[Spider] Đang cào trang 1/10: https://batdongsan.com.vn/nha-dat-ban-ha-dong
[Spider] ✅ Thành công: Tìm thấy 40 tin đăng ở trang 1.

[Spider] Đang cào trang 2/10: https://batdongsan.com.vn/nha-dat-ban-ha-dong/p2
[Spider] ✅ Thành công: Tìm thấy 40 tin đăng ở trang 2.

[Spider] Đang cào trang 3/10: https://batdongsan.com.vn/nha-dat-ban-ha-dong/p3
[Spider] ✅ Thành công: Tìm thấy 40 tin đăng ở trang 3.

[Spider] Đang cào trang 4/10: https://batdongsan.com.vn/nha-dat-ban-ha-dong/p4
[Spider] ✅ Thành công: Tìm thấy 40 tin đăng ở trang 4.

[Spider] Đang cào trang 5/10: https://batdongsan.com.vn/nha-dat-ban-ha-dong/p5
[Spider] ✅ Thành công: Tìm thấy 40 tin đăng ở trang 5.

[Spider] Đang cào trang 6/10: https://batdongsan.com.vn/nha-dat-ban-ha-dong/p6
[Spider] ✅ Thành công: Tìm thấy 40 tin đăng ở trang 6.

[Spider] Đang cào trang 7/10: https://batdongsan.com.vn/nha-dat-ban-ha-dong/p7
[Spider] ✅ Thành công: Tìm thấy 40 tin đăng ở trang 7.

[Spider] Đang cào trang 8/10: https://batdongsan.com.vn/nha-dat-ban-ha-dong/p8
[Spider] ✅ Thành công: Tìm thấy 40 tin đăng ở trang 8.

[Spider] Đang cào trang 9/10: https://batdongsan.com.vn/nha-dat-ban-ha-dong/p9
[Spider] ✅ Thành công: Tìm thấy 40 tin đăng ở trang 9.

[Spider] Đang cào trang 10/10: https://batdongsan.com.vn/nha-dat-ban-ha-dong/p10
[Spider] ✅ Thành công: Tìm thấy 30 tin đăng ở trang 10.
[Spider] Đang gộp dữ liệu mới vào file cũ (Khớp theo tên cột)...
[Spider] Đã lưu 275 dòng mới. Tổng: 49650 dòng.
[Sat 06/06/2026 12:38:52.05] [2/3] Dang lam sach va day vao PostgreSQL... 
🔍 Đang cấu hình Database với: postgres.kkwivuufxdewurmxtsto@aws-1-ap-southeast-1.pooler.supabase.com:5432/postgres
D:\Python\realtime_estimate_tracker\src\preprocessing\cleaner.py:138: UserWarning: Parsing dates in %d/%m/%Y format when dayfirst=False (the default) was specified. Pass `dayfirst=True` or specify a format to silence this warning.
  df['scraped_date'] = pd.to_datetime(df['scraped_date'], errors='coerce')
Đang đọc dữ liệu thô...
Tổng số dòng thô: 49650
🧠 Đang áp dụng NLP trích xuất Đặc trưng...
🧠 Đang áp dụng KNN Imputer...
✅ Giữ lại 6598/49650 tin hợp lệ.
✅ Đã kết nối thành công tới PostgreSQL.
✅ Bảng 'bds_hadong' đã có PRIMARY KEY. Bỏ qua.
Đang thực hiện Upsert dữ liệu vào PostgreSQL...
🔄 Upsert thành công 6598 bản ghi vào 'bds_hadong'.
✅ Hoàn tất Pipeline ETL.
[Sat 06/06/2026 12:40:10.64] [3/3] Dang dong bo Data len GitHub... 
[main bbfb9ee] Auto-update Fast Pipeline: Sat 06/06/2026 12:40:18.74
 4 files changed, 788 insertions(+), 431 deletions(-)
fatal: Unable to persist credentials with the 'wincredman' credential store.
See https://aka.ms/gcm/credstores for more information.
fatal: Unable to persist credentials with the 'wincredman' credential store.
See https://aka.ms/gcm/credstores for more information.
fatal: could not read Username for 'https://github.com': terminal prompts disabled
[Sat 06/06/2026 12:40:23.56] LOI: git push that bai. 
[Sat 06/06/2026 12:40:23.58] LUONG FAST BI DUNG DO LOI 
========================================= 
[Sun 06/07/2026 12:32:26.47] BAT DAU LUONG FAST (QUET BE MAT) 
[Sun 06/07/2026 12:32:26.49] [1/3] Dang cao du lieu be mat... 
[Browser] Đang khởi tạo trình duyệt...
[Browser] Phát hiện Chrome (Windows): Version 139

[Spider] Đang cào trang 1/10: https://batdongsan.com.vn/nha-dat-ban-ha-dong
[Spider] ✅ Thành công: Tìm thấy 40 tin đăng ở trang 1.

[Spider] Đang cào trang 2/10: https://batdongsan.com.vn/nha-dat-ban-ha-dong/p2
[Spider] ✅ Thành công: Tìm thấy 40 tin đăng ở trang 2.

[Spider] Đang cào trang 3/10: https://batdongsan.com.vn/nha-dat-ban-ha-dong/p3
[Spider] ✅ Thành công: Tìm thấy 40 tin đăng ở trang 3.

[Spider] Đang cào trang 4/10: https://batdongsan.com.vn/nha-dat-ban-ha-dong/p4
[Spider] ✅ Thành công: Tìm thấy 40 tin đăng ở trang 4.

[Spider] Đang cào trang 5/10: https://batdongsan.com.vn/nha-dat-ban-ha-dong/p5
[Spider] ✅ Thành công: Tìm thấy 40 tin đăng ở trang 5.

[Spider] Đang cào trang 6/10: https://batdongsan.com.vn/nha-dat-ban-ha-dong/p6
[Spider] ✅ Thành công: Tìm thấy 40 tin đăng ở trang 6.

[Spider] Đang cào trang 7/10: https://batdongsan.com.vn/nha-dat-ban-ha-dong/p7
[Spider] ✅ Thành công: Tìm thấy 40 tin đăng ở trang 7.

[Spider] Đang cào trang 8/10: https://batdongsan.com.vn/nha-dat-ban-ha-dong/p8
[Spider] ✅ Thành công: Tìm thấy 40 tin đăng ở trang 8.

[Spider] Đang cào trang 9/10: https://batdongsan.com.vn/nha-dat-ban-ha-dong/p9
[Spider] ✅ Thành công: Tìm thấy 40 tin đăng ở trang 9.

[Spider] Đang cào trang 10/10: https://batdongsan.com.vn/nha-dat-ban-ha-dong/p10
[Spider] ✅ Thành công: Tìm thấy 40 tin đăng ở trang 10.
[Spider] Đang gộp dữ liệu mới vào file cũ (Khớp theo tên cột)...
[Spider] Đã lưu 280 dòng mới. Tổng: 49930 dòng.
[Sun 06/07/2026 12:36:26.05] [2/3] Dang lam sach va day vao PostgreSQL... 
🔍 Đang cấu hình Database với: postgres.kkwivuufxdewurmxtsto@aws-1-ap-southeast-1.pooler.supabase.com:5432/postgres
D:\Python\realtime_estimate_tracker\src\preprocessing\cleaner.py:138: UserWarning: Parsing dates in %d/%m/%Y format when dayfirst=False (the default) was specified. Pass `dayfirst=True` or specify a format to silence this warning.
  df['scraped_date'] = pd.to_datetime(df['scraped_date'], errors='coerce')
Đang đọc dữ liệu thô...
Tổng số dòng thô: 49930
🧠 Đang áp dụng NLP trích xuất Đặc trưng...
🧠 Đang áp dụng KNN Imputer...
✅ Giữ lại 6608/49930 tin hợp lệ.
✅ Đã kết nối thành công tới PostgreSQL.
✅ Bảng 'bds_hadong' đã có PRIMARY KEY. Bỏ qua.
Đang thực hiện Upsert dữ liệu vào PostgreSQL...
🔄 Upsert thành công 6608 bản ghi vào 'bds_hadong'.
✅ Hoàn tất Pipeline ETL.
[Sun 06/07/2026 12:37:20.30] [3/3] Dang dong bo Data len GitHub... 
[main 2ddbbb4] Auto-update Fast Pipeline: Sun 06/07/2026 12:37:26.72
 4 files changed, 808 insertions(+), 455 deletions(-)
fatal: Unable to persist credentials with the 'wincredman' credential store.
See https://aka.ms/gcm/credstores for more information.
fatal: Unable to persist credentials with the 'wincredman' credential store.
See https://aka.ms/gcm/credstores for more information.
fatal: could not read Username for 'https://github.com': terminal prompts disabled
[Sun 06/07/2026 12:37:31.50] LOI: git push that bai. 
[Sun 06/07/2026 12:37:31.52] LUONG FAST BI DUNG DO LOI 
========================================= 
[Mon 06/08/2026 12:55:51.61] BAT DAU LUONG FAST (QUET BE MAT) 
[Mon 06/08/2026 12:55:51.64] [1/3] Dang cao du lieu be mat... 
[Browser] Đang khởi tạo trình duyệt...
[Browser] Phát hiện Chrome (Windows): Version 139

[Spider] Đang cào trang 1/10: https://batdongsan.com.vn/nha-dat-ban-ha-dong
[Spider] ✅ Thành công: Tìm thấy 30 tin đăng ở trang 1.

[Spider] Đang cào trang 2/10: https://batdongsan.com.vn/nha-dat-ban-ha-dong/p2
[Spider] ✅ Thành công: Tìm thấy 30 tin đăng ở trang 2.

[Spider] Đang cào trang 3/10: https://batdongsan.com.vn/nha-dat-ban-ha-dong/p3
[Spider] ✅ Thành công: Tìm thấy 30 tin đăng ở trang 3.

[Spider] Đang cào trang 4/10: https://batdongsan.com.vn/nha-dat-ban-ha-dong/p4
[Spider] ✅ Thành công: Tìm thấy 30 tin đăng ở trang 4.

[Spider] Đang cào trang 5/10: https://batdongsan.com.vn/nha-dat-ban-ha-dong/p5
[Spider] ✅ Thành công: Tìm thấy 30 tin đăng ở trang 5.

[Spider] Đang cào trang 6/10: https://batdongsan.com.vn/nha-dat-ban-ha-dong/p6
[Spider] ✅ Thành công: Tìm thấy 30 tin đăng ở trang 6.

[Spider] Đang cào trang 7/10: https://batdongsan.com.vn/nha-dat-ban-ha-dong/p7
[Spider] ✅ Thành công: Tìm thấy 30 tin đăng ở trang 7.

[Spider] Đang cào trang 8/10: https://batdongsan.com.vn/nha-dat-ban-ha-dong/p8
[Spider] ✅ Thành công: Tìm thấy 30 tin đăng ở trang 8.

[Spider] Đang cào trang 9/10: https://batdongsan.com.vn/nha-dat-ban-ha-dong/p9
[Spider] ✅ Thành công: Tìm thấy 30 tin đăng ở trang 9.

[Spider] Đang cào trang 10/10: https://batdongsan.com.vn/nha-dat-ban-ha-dong/p10
[Spider] ✅ Thành công: Tìm thấy 30 tin đăng ở trang 10.
[Spider] Đang gộp dữ liệu mới vào file cũ (Khớp theo tên cột)...
[Spider] Đã lưu 230 dòng mới. Tổng: 50160 dòng.
[Mon 06/08/2026 12:59:53.79] [2/3] Dang lam sach va day vao PostgreSQL... 
🔍 Đang cấu hình Database với: postgres.kkwivuufxdewurmxtsto@aws-1-ap-southeast-1.pooler.supabase.com:5432/postgres
D:\Python\realtime_estimate_tracker\src\preprocessing\cleaner.py:138: UserWarning: Parsing dates in %d/%m/%Y format when dayfirst=False (the default) was specified. Pass `dayfirst=True` or specify a format to silence this warning.
  df['scraped_date'] = pd.to_datetime(df['scraped_date'], errors='coerce')
Đang đọc dữ liệu thô...
Tổng số dòng thô: 50160
🧠 Đang áp dụng NLP trích xuất Đặc trưng...
🧠 Đang áp dụng KNN Imputer...
✅ Giữ lại 6613/50160 tin hợp lệ.
✅ Đã kết nối thành công tới PostgreSQL.
✅ Bảng 'bds_hadong' đã có PRIMARY KEY. Bỏ qua.
Đang thực hiện Upsert dữ liệu vào PostgreSQL...
🔄 Upsert thành công 6613 bản ghi vào 'bds_hadong'.
✅ Hoàn tất Pipeline ETL.
[Mon 06/08/2026 13:00:47.91] [3/3] Dang dong bo Data len GitHub... 
[main 648d872] Auto-update Fast Pipeline: Mon 06/08/2026 13:00:54.27
 4 files changed, 704 insertions(+), 410 deletions(-)
fatal: Unable to persist credentials with the 'wincredman' credential store.
See https://aka.ms/gcm/credstores for more information.
fatal: Unable to persist credentials with the 'wincredman' credential store.
See https://aka.ms/gcm/credstores for more information.
fatal: could not read Username for 'https://github.com': terminal prompts disabled
[Mon 06/08/2026 13:00:59.30] LOI: git push that bai. 
[Mon 06/08/2026 13:00:59.33] LUONG FAST BI DUNG DO LOI 
========================================= 
[Tue 06/09/2026 13:01:32.31] BAT DAU LUONG FAST (QUET BE MAT) 
[Tue 06/09/2026 13:01:32.33] [1/3] Dang cao du lieu be mat... 
[Tue 06/09/2026 13:05:03.06] LOI: Spider that bai. Dung pipeline. 
[Tue 06/09/2026 13:05:03.12] LUONG FAST BI DUNG DO LOI 
========================================= 
[Wed 06/10/2026 12:00:02.54] BAT DAU LUONG FAST (QUET BE MAT) 
[Wed 06/10/2026 12:00:02.55] [1/3] Dang cao du lieu be mat... 
[Browser] Đang khởi tạo trình duyệt...
[Browser] Phát hiện Chrome (Windows): Version 139

[Spider] Đang cào trang 1/10: https://batdongsan.com.vn/nha-dat-ban-ha-dong
[Spider] ✅ Thành công: Tìm thấy 41 tin đăng ở trang 1.

[Spider] Đang cào trang 2/10: https://batdongsan.com.vn/nha-dat-ban-ha-dong/p2
[Spider] ✅ Thành công: Tìm thấy 41 tin đăng ở trang 2.

[Spider] Đang cào trang 3/10: https://batdongsan.com.vn/nha-dat-ban-ha-dong/p3
[Spider] ✅ Thành công: Tìm thấy 41 tin đăng ở trang 3.

[Spider] Đang cào trang 4/10: https://batdongsan.com.vn/nha-dat-ban-ha-dong/p4
[Spider] ✅ Thành công: Tìm thấy 41 tin đăng ở trang 4.

[Spider] Đang cào trang 5/10: https://batdongsan.com.vn/nha-dat-ban-ha-dong/p5
[Spider] ✅ Thành công: Tìm thấy 41 tin đăng ở trang 5.

[Spider] Đang cào trang 6/10: https://batdongsan.com.vn/nha-dat-ban-ha-dong/p6
[Spider] ✅ Thành công: Tìm thấy 41 tin đăng ở trang 6.

[Spider] Đang cào trang 7/10: https://batdongsan.com.vn/nha-dat-ban-ha-dong/p7
[Spider] ✅ Thành công: Tìm thấy 41 tin đăng ở trang 7.

[Spider] Đang cào trang 8/10: https://batdongsan.com.vn/nha-dat-ban-ha-dong/p8
[Spider] ✅ Thành công: Tìm thấy 41 tin đăng ở trang 8.

[Spider] Đang cào trang 9/10: https://batdongsan.com.vn/nha-dat-ban-ha-dong/p9
[Spider] ✅ Thành công: Tìm thấy 41 tin đăng ở trang 9.

[Spider] Đang cào trang 10/10: https://batdongsan.com.vn/nha-dat-ban-ha-dong/p10
[Spider] ✅ Thành công: Tìm thấy 41 tin đăng ở trang 10.
[Spider] Đang gộp dữ liệu mới vào file cũ (Khớp theo tên cột)...
[Spider] Đã lưu 290 dòng mới. Tổng: 50450 dòng.
[Wed 06/10/2026 12:04:05.54] [2/3] Dang lam sach va day vao PostgreSQL... 
🔍 Đang cấu hình Database với: postgres.kkwivuufxdewurmxtsto@aws-1-ap-southeast-1.pooler.supabase.com:5432/postgres
D:\Python\realtime_estimate_tracker\src\preprocessing\cleaner.py:138: UserWarning: Parsing dates in %d/%m/%Y format when dayfirst=False (the default) was specified. Pass `dayfirst=True` or specify a format to silence this warning.
  df['scraped_date'] = pd.to_datetime(df['scraped_date'], errors='coerce')
Đang đọc dữ liệu thô...
Tổng số dòng thô: 50450
🧠 Đang áp dụng NLP trích xuất Đặc trưng...
🧠 Đang áp dụng KNN Imputer...
✅ Giữ lại 6648/50450 tin hợp lệ.
✅ Đã kết nối thành công tới PostgreSQL.
✅ Bảng 'bds_hadong' đã có PRIMARY KEY. Bỏ qua.
Đang thực hiện Upsert dữ liệu vào PostgreSQL...
🔄 Upsert thành công 6648 bản ghi vào 'bds_hadong'.
✅ Hoàn tất Pipeline ETL.
[Wed 06/10/2026 12:04:52.80] [3/3] Dang dong bo Data len GitHub... 
[main c4df705] Auto-update Fast Pipeline: Wed 06/10/2026 12:04:59.45
 4 files changed, 807 insertions(+), 422 deletions(-)
remote: This repository moved. Please use the new location:        
remote:   https://github.com/HieuNT316/hanoi-house-price-prediction.git        
To https://github.com/Alexus143/hanoi-house-price-prediction.git
   6531dcf..c4df705  main -> main
[Wed 06/10/2026 12:05:10.89] HOAN THANH LUONG FAST 
========================================= 
[Thu 06/11/2026 12:00:03.10] BAT DAU LUONG FAST (QUET BE MAT) 
[Thu 06/11/2026 12:00:03.12] [1/3] Dang cao du lieu be mat... 
[Browser] Đang khởi tạo trình duyệt...
[Browser] Phát hiện Chrome (Windows): Version 139

[Spider] Đang cào trang 1/10: https://batdongsan.com.vn/nha-dat-ban-ha-dong
[Spider] ✅ Thành công: Tìm thấy 31 tin đăng ở trang 1.

[Spider] Đang cào trang 2/10: https://batdongsan.com.vn/nha-dat-ban-ha-dong/p2
[Spider] ✅ Thành công: Tìm thấy 31 tin đăng ở trang 2.

[Spider] Đang cào trang 3/10: https://batdongsan.com.vn/nha-dat-ban-ha-dong/p3
[Spider] ✅ Thành công: Tìm thấy 31 tin đăng ở trang 3.

[Spider] Đang cào trang 4/10: https://batdongsan.com.vn/nha-dat-ban-ha-dong/p4
[Spider] ✅ Thành công: Tìm thấy 31 tin đăng ở trang 4.

[Spider] Đang cào trang 5/10: https://batdongsan.com.vn/nha-dat-ban-ha-dong/p5
[Spider] ✅ Thành công: Tìm thấy 31 tin đăng ở trang 5.

[Spider] Đang cào trang 6/10: https://batdongsan.com.vn/nha-dat-ban-ha-dong/p6
[Spider] ✅ Thành công: Tìm thấy 31 tin đăng ở trang 6.

[Spider] Đang cào trang 7/10: https://batdongsan.com.vn/nha-dat-ban-ha-dong/p7
[Spider] ✅ Thành công: Tìm thấy 31 tin đăng ở trang 7.

[Spider] Đang cào trang 8/10: https://batdongsan.com.vn/nha-dat-ban-ha-dong/p8
[Spider] ✅ Thành công: Tìm thấy 31 tin đăng ở trang 8.

[Spider] Đang cào trang 9/10: https://batdongsan.com.vn/nha-dat-ban-ha-dong/p9
[Spider] ✅ Thành công: Tìm thấy 31 tin đăng ở trang 9.

[Spider] Đang cào trang 10/10: https://batdongsan.com.vn/nha-dat-ban-ha-dong/p10
[Spider] ✅ Thành công: Tìm thấy 31 tin đăng ở trang 10.
[Spider] Đang gộp dữ liệu mới vào file cũ (Khớp theo tên cột)...
[Spider] Đã lưu 240 dòng mới. Tổng: 50690 dòng.
[Thu 06/11/2026 12:03:34.49] [2/3] Dang lam sach va day vao PostgreSQL... 
🔍 Đang cấu hình Database với: postgres.kkwivuufxdewurmxtsto@aws-1-ap-southeast-1.pooler.supabase.com:5432/postgres
D:\Python\realtime_estimate_tracker\src\preprocessing\cleaner.py:138: UserWarning: Parsing dates in %d/%m/%Y format when dayfirst=False (the default) was specified. Pass `dayfirst=True` or specify a format to silence this warning.
  df['scraped_date'] = pd.to_datetime(df['scraped_date'], errors='coerce')
Đang đọc dữ liệu thô...
Tổng số dòng thô: 50690
🧠 Đang áp dụng NLP trích xuất Đặc trưng...
🧠 Đang áp dụng KNN Imputer...
✅ Giữ lại 6661/50690 tin hợp lệ.
✅ Đã kết nối thành công tới PostgreSQL.
✅ Bảng 'bds_hadong' đã có PRIMARY KEY. Bỏ qua.
Đang thực hiện Upsert dữ liệu vào PostgreSQL...
🔄 Upsert thành công 6661 bản ghi vào 'bds_hadong'.
✅ Hoàn tất Pipeline ETL.
[Thu 06/11/2026 12:04:20.60] [3/3] Dang dong bo Data len GitHub... 
[main c6a7b1f] Auto-update Fast Pipeline: Thu 06/11/2026 12:04:26.99
 4 files changed, 743 insertions(+), 429 deletions(-)
fatal: Unable to persist credentials with the 'wincredman' credential store.
See https://aka.ms/gcm/credstores for more information.
fatal: Unable to persist credentials with the 'wincredman' credential store.
See https://aka.ms/gcm/credstores for more information.
fatal: could not read Username for 'https://github.com': terminal prompts disabled
[Thu 06/11/2026 12:04:31.49] LOI: git push that bai. 
[Thu 06/11/2026 12:04:31.51] LUONG FAST BI DUNG DO LOI 
========================================= 
[Fri 06/12/2026 12:00:03.10] BAT DAU LUONG FAST (QUET BE MAT) 
[Fri 06/12/2026 12:00:03.11] [1/3] Dang cao du lieu be mat... 
[Browser] Đang khởi tạo trình duyệt...
[Browser] Phát hiện Chrome (Windows): Version 139

[Spider] Đang cào trang 1/10: https://batdongsan.com.vn/nha-dat-ban-ha-dong
[Spider] ✅ Thành công: Tìm thấy 41 tin đăng ở trang 1.

[Spider] Đang cào trang 2/10: https://batdongsan.com.vn/nha-dat-ban-ha-dong/p2
[Spider] ✅ Thành công: Tìm thấy 41 tin đăng ở trang 2.

[Spider] Đang cào trang 3/10: https://batdongsan.com.vn/nha-dat-ban-ha-dong/p3
[Spider] ✅ Thành công: Tìm thấy 41 tin đăng ở trang 3.

[Spider] Đang cào trang 4/10: https://batdongsan.com.vn/nha-dat-ban-ha-dong/p4
[Spider] ✅ Thành công: Tìm thấy 41 tin đăng ở trang 4.

[Spider] Đang cào trang 5/10: https://batdongsan.com.vn/nha-dat-ban-ha-dong/p5
[Spider] ✅ Thành công: Tìm thấy 41 tin đăng ở trang 5.

[Spider] Đang cào trang 6/10: https://batdongsan.com.vn/nha-dat-ban-ha-dong/p6
[Spider] ✅ Thành công: Tìm thấy 41 tin đăng ở trang 6.

[Spider] Đang cào trang 7/10: https://batdongsan.com.vn/nha-dat-ban-ha-dong/p7
[Spider] ✅ Thành công: Tìm thấy 41 tin đăng ở trang 7.

[Spider] Đang cào trang 8/10: https://batdongsan.com.vn/nha-dat-ban-ha-dong/p8
[Spider] ✅ Thành công: Tìm thấy 41 tin đăng ở trang 8.

[Spider] Đang cào trang 9/10: https://batdongsan.com.vn/nha-dat-ban-ha-dong/p9
[Spider] ✅ Thành công: Tìm thấy 41 tin đăng ở trang 9.

[Spider] Đang cào trang 10/10: https://batdongsan.com.vn/nha-dat-ban-ha-dong/p10
[Spider] ✅ Thành công: Tìm thấy 41 tin đăng ở trang 10.
[Spider] Đang gộp dữ liệu mới vào file cũ (Khớp theo tên cột)...
[Spider] Đã lưu 290 dòng mới. Tổng: 50980 dòng.
[Fri 06/12/2026 12:04:34.28] [2/3] Dang lam sach va day vao PostgreSQL... 
🔍 Đang cấu hình Database với: postgres.kkwivuufxdewurmxtsto@aws-1-ap-southeast-1.pooler.supabase.com:5432/postgres
D:\Python\realtime_estimate_tracker\src\preprocessing\cleaner.py:138: UserWarning: Parsing dates in %d/%m/%Y format when dayfirst=False (the default) was specified. Pass `dayfirst=True` or specify a format to silence this warning.
  df['scraped_date'] = pd.to_datetime(df['scraped_date'], errors='coerce')
Đang đọc dữ liệu thô...
Tổng số dòng thô: 50980
🧠 Đang áp dụng NLP trích xuất Đặc trưng...
🧠 Đang áp dụng KNN Imputer...
✅ Giữ lại 6670/50980 tin hợp lệ.
✅ Đã kết nối thành công tới PostgreSQL.
✅ Bảng 'bds_hadong' đã có PRIMARY KEY. Bỏ qua.
Đang thực hiện Upsert dữ liệu vào PostgreSQL...
🔄 Upsert thành công 6670 bản ghi vào 'bds_hadong'.
✅ Hoàn tất Pipeline ETL.
[Fri 06/12/2026 12:05:24.48] [3/3] Dang dong bo Data len GitHub... 
[main cf2261c] Auto-update Fast Pipeline: Fri 06/12/2026 12:05:32.23
 4 files changed, 737 insertions(+), 377 deletions(-)
remote: This repository moved. Please use the new location:        
remote:   https://github.com/HieuNT316/hanoi-house-price-prediction.git        
To https://github.com/Alexus143/hanoi-house-price-prediction.git
   b9e9780..cf2261c  main -> main
[Fri 06/12/2026 12:05:45.45] HOAN THANH LUONG FAST 
========================================= 
[Sat 06/13/2026 12:00:02.37] BAT DAU LUONG FAST (QUET BE MAT) 
[Sat 06/13/2026 12:00:02.39] [1/3] Dang cao du lieu be mat... 
[Browser] Đang khởi tạo trình duyệt...
[Browser] Phát hiện Chrome (Windows): Version 139

[Spider] Đang cào trang 1/10: https://batdongsan.com.vn/nha-dat-ban-ha-dong
[Spider] ✅ Thành công: Tìm thấy 31 tin đăng ở trang 1.

[Spider] Đang cào trang 2/10: https://batdongsan.com.vn/nha-dat-ban-ha-dong/p2
[Spider] ✅ Thành công: Tìm thấy 31 tin đăng ở trang 2.

[Spider] Đang cào trang 3/10: https://batdongsan.com.vn/nha-dat-ban-ha-dong/p3
[Spider] ✅ Thành công: Tìm thấy 31 tin đăng ở trang 3.

[Spider] Đang cào trang 4/10: https://batdongsan.com.vn/nha-dat-ban-ha-dong/p4
[Spider] ✅ Thành công: Tìm thấy 31 tin đăng ở trang 4.

[Spider] Đang cào trang 5/10: https://batdongsan.com.vn/nha-dat-ban-ha-dong/p5
[Spider] ✅ Thành công: Tìm thấy 31 tin đăng ở trang 5.

[Spider] Đang cào trang 6/10: https://batdongsan.com.vn/nha-dat-ban-ha-dong/p6
[Spider] ✅ Thành công: Tìm thấy 31 tin đăng ở trang 6.

[Spider] Đang cào trang 7/10: https://batdongsan.com.vn/nha-dat-ban-ha-dong/p7
[Spider] ✅ Thành công: Tìm thấy 31 tin đăng ở trang 7.

[Spider] Đang cào trang 8/10: https://batdongsan.com.vn/nha-dat-ban-ha-dong/p8
[Spider] ✅ Thành công: Tìm thấy 31 tin đăng ở trang 8.

[Spider] Đang cào trang 9/10: https://batdongsan.com.vn/nha-dat-ban-ha-dong/p9
[Spider] ✅ Thành công: Tìm thấy 31 tin đăng ở trang 9.

[Spider] Đang cào trang 10/10: https://batdongsan.com.vn/nha-dat-ban-ha-dong/p10
[Spider] ✅ Thành công: Tìm thấy 31 tin đăng ở trang 10.
[Spider] Đang gộp dữ liệu mới vào file cũ (Khớp theo tên cột)...
[Spider] Đã lưu 240 dòng mới. Tổng: 51220 dòng.
[Sat 06/13/2026 12:04:18.67] [2/3] Dang lam sach va day vao PostgreSQL... 
🔍 Đang cấu hình Database với: postgres.kkwivuufxdewurmxtsto@aws-1-ap-southeast-1.pooler.supabase.com:5432/postgres
D:\Python\realtime_estimate_tracker\src\preprocessing\cleaner.py:138: UserWarning: Parsing dates in %d/%m/%Y format when dayfirst=False (the default) was specified. Pass `dayfirst=True` or specify a format to silence this warning.
  df['scraped_date'] = pd.to_datetime(df['scraped_date'], errors='coerce')
Đang đọc dữ liệu thô...
Tổng số dòng thô: 51220
🧠 Đang áp dụng NLP trích xuất Đặc trưng...
🧠 Đang áp dụng KNN Imputer...
✅ Giữ lại 6677/51220 tin hợp lệ.
✅ Đã kết nối thành công tới PostgreSQL.
✅ Bảng 'bds_hadong' đã có PRIMARY KEY. Bỏ qua.
Đang thực hiện Upsert dữ liệu vào PostgreSQL...
🔄 Upsert thành công 6677 bản ghi vào 'bds_hadong'.
✅ Hoàn tất Pipeline ETL.
[Sat 06/13/2026 12:05:19.14] [3/3] Dang dong bo Data len GitHub... 
[main 418611d] Auto-update Fast Pipeline: Sat 06/13/2026 12:05:26.23
 4 files changed, 727 insertions(+), 420 deletions(-)
fatal: Unable to persist credentials with the 'wincredman' credential store.
See https://aka.ms/gcm/credstores for more information.
fatal: Unable to persist credentials with the 'wincredman' credential store.
See https://aka.ms/gcm/credstores for more information.
fatal: could not read Username for 'https://github.com': terminal prompts disabled
[Sat 06/13/2026 12:05:30.89] LOI: git push that bai. 
[Sat 06/13/2026 12:05:30.91] LUONG FAST BI DUNG DO LOI 
========================================= 
[Sun 06/14/2026 12:00:06.22] BAT DAU LUONG FAST (QUET BE MAT) 
[Sun 06/14/2026 12:00:06.28] [1/3] Dang cao du lieu be mat... 
[Browser] Đang khởi tạo trình duyệt...
[Browser] Phát hiện Chrome (Windows): Version 139

[Spider] Đang cào trang 1/10: https://batdongsan.com.vn/nha-dat-ban-ha-dong
[Spider] ✅ Thành công: Tìm thấy 41 tin đăng ở trang 1.

[Spider] Đang cào trang 2/10: https://batdongsan.com.vn/nha-dat-ban-ha-dong/p2
[Spider] ✅ Thành công: Tìm thấy 41 tin đăng ở trang 2.

[Spider] Đang cào trang 3/10: https://batdongsan.com.vn/nha-dat-ban-ha-dong/p3
[Spider] ✅ Thành công: Tìm thấy 41 tin đăng ở trang 3.

[Spider] Đang cào trang 4/10: https://batdongsan.com.vn/nha-dat-ban-ha-dong/p4
[Spider] ✅ Thành công: Tìm thấy 41 tin đăng ở trang 4.

[Spider] Đang cào trang 5/10: https://batdongsan.com.vn/nha-dat-ban-ha-dong/p5
[Spider] ✅ Thành công: Tìm thấy 41 tin đăng ở trang 5.

[Spider] Đang cào trang 6/10: https://batdongsan.com.vn/nha-dat-ban-ha-dong/p6
[Spider] ✅ Thành công: Tìm thấy 41 tin đăng ở trang 6.

[Spider] Đang cào trang 7/10: https://batdongsan.com.vn/nha-dat-ban-ha-dong/p7
[Spider] ✅ Thành công: Tìm thấy 41 tin đăng ở trang 7.

[Spider] Đang cào trang 8/10: https://batdongsan.com.vn/nha-dat-ban-ha-dong/p8
[Spider] ✅ Thành công: Tìm thấy 41 tin đăng ở trang 8.

[Spider] Đang cào trang 9/10: https://batdongsan.com.vn/nha-dat-ban-ha-dong/p9
[Spider] ✅ Thành công: Tìm thấy 41 tin đăng ở trang 9.

[Spider] Đang cào trang 10/10: https://batdongsan.com.vn/nha-dat-ban-ha-dong/p10
[Spider] ✅ Thành công: Tìm thấy 41 tin đăng ở trang 10.
[Spider] Đang gộp dữ liệu mới vào file cũ (Khớp theo tên cột)...
[Spider] Đã lưu 290 dòng mới. Tổng: 51510 dòng.
[Sun 06/14/2026 12:05:12.98] [2/3] Dang lam sach va day vao PostgreSQL... 
🔍 Đang cấu hình Database với: postgres.kkwivuufxdewurmxtsto@aws-1-ap-southeast-1.pooler.supabase.com:5432/postgres
D:\Python\realtime_estimate_tracker\src\preprocessing\cleaner.py:138: UserWarning: Parsing dates in %d/%m/%Y format when dayfirst=False (the default) was specified. Pass `dayfirst=True` or specify a format to silence this warning.
  df['scraped_date'] = pd.to_datetime(df['scraped_date'], errors='coerce')
Đang đọc dữ liệu thô...
Tổng số dòng thô: 51510
🧠 Đang áp dụng NLP trích xuất Đặc trưng...
🧠 Đang áp dụng KNN Imputer...
✅ Giữ lại 6686/51510 tin hợp lệ.
✅ Đã kết nối thành công tới PostgreSQL.
✅ Bảng 'bds_hadong' đã có PRIMARY KEY. Bỏ qua.
Đang thực hiện Upsert dữ liệu vào PostgreSQL...
🔄 Upsert thành công 6686 bản ghi vào 'bds_hadong'.
✅ Hoàn tất Pipeline ETL.
[Sun 06/14/2026 12:06:28.58] [3/3] Dang dong bo Data len GitHub... 
[main 49b6232] Auto-update Fast Pipeline: Sun 06/14/2026 12:06:36.57
 4 files changed, 725 insertions(+), 366 deletions(-)
fatal: Unable to persist credentials with the 'wincredman' credential store.
See https://aka.ms/gcm/credstores for more information.
fatal: Unable to persist credentials with the 'wincredman' credential store.
See https://aka.ms/gcm/credstores for more information.
fatal: could not read Username for 'https://github.com': terminal prompts disabled
[Sun 06/14/2026 12:06:42.69] LOI: git push that bai. 
[Sun 06/14/2026 12:06:42.72] LUONG FAST BI DUNG DO LOI 
========================================= 
[Mon 06/15/2026 12:00:02.86] BAT DAU LUONG FAST (QUET BE MAT) 
[Mon 06/15/2026 12:00:02.87] [1/3] Dang cao du lieu be mat... 
[Browser] Đang khởi tạo trình duyệt...
[Browser] Phát hiện Chrome (Windows): Version 139

[Spider] Đang cào trang 1/10: https://batdongsan.com.vn/nha-dat-ban-ha-dong
[Spider] ✅ Thành công: Tìm thấy 41 tin đăng ở trang 1.

[Spider] Đang cào trang 2/10: https://batdongsan.com.vn/nha-dat-ban-ha-dong/p2
[Spider] ✅ Thành công: Tìm thấy 41 tin đăng ở trang 2.

[Spider] Đang cào trang 3/10: https://batdongsan.com.vn/nha-dat-ban-ha-dong/p3
[Spider] ✅ Thành công: Tìm thấy 41 tin đăng ở trang 3.

[Spider] Đang cào trang 4/10: https://batdongsan.com.vn/nha-dat-ban-ha-dong/p4
[Spider] ✅ Thành công: Tìm thấy 41 tin đăng ở trang 4.

[Spider] Đang cào trang 5/10: https://batdongsan.com.vn/nha-dat-ban-ha-dong/p5
[Spider] ✅ Thành công: Tìm thấy 41 tin đăng ở trang 5.

[Spider] Đang cào trang 6/10: https://batdongsan.com.vn/nha-dat-ban-ha-dong/p6
[Spider] ✅ Thành công: Tìm thấy 41 tin đăng ở trang 6.

[Spider] Đang cào trang 7/10: https://batdongsan.com.vn/nha-dat-ban-ha-dong/p7
[Spider] ✅ Thành công: Tìm thấy 41 tin đăng ở trang 7.

[Spider] Đang cào trang 8/10: https://batdongsan.com.vn/nha-dat-ban-ha-dong/p8
[Spider] ✅ Thành công: Tìm thấy 41 tin đăng ở trang 8.

[Spider] Đang cào trang 9/10: https://batdongsan.com.vn/nha-dat-ban-ha-dong/p9
[Spider] ✅ Thành công: Tìm thấy 41 tin đăng ở trang 9.

[Spider] Đang cào trang 10/10: https://batdongsan.com.vn/nha-dat-ban-ha-dong/p10
[Spider] ✅ Thành công: Tìm thấy 41 tin đăng ở trang 10.
[Spider] Đang gộp dữ liệu mới vào file cũ (Khớp theo tên cột)...
[Spider] Đã lưu 290 dòng mới. Tổng: 51800 dòng.
[Mon 06/15/2026 12:03:58.09] [2/3] Dang lam sach va day vao PostgreSQL... 
🔍 Đang cấu hình Database với: postgres.kkwivuufxdewurmxtsto@aws-1-ap-southeast-1.pooler.supabase.com:5432/postgres
D:\Python\realtime_estimate_tracker\src\preprocessing\cleaner.py:138: UserWarning: Parsing dates in %d/%m/%Y format when dayfirst=False (the default) was specified. Pass `dayfirst=True` or specify a format to silence this warning.
  df['scraped_date'] = pd.to_datetime(df['scraped_date'], errors='coerce')
Đang đọc dữ liệu thô...
Tổng số dòng thô: 51800
🧠 Đang áp dụng NLP trích xuất Đặc trưng...
🧠 Đang áp dụng KNN Imputer...
✅ Giữ lại 6697/51800 tin hợp lệ.
✅ Đã kết nối thành công tới PostgreSQL.
✅ Bảng 'bds_hadong' đã có PRIMARY KEY. Bỏ qua.
Đang thực hiện Upsert dữ liệu vào PostgreSQL...
🔄 Upsert thành công 6697 bản ghi vào 'bds_hadong'.
✅ Hoàn tất Pipeline ETL.
[Mon 06/15/2026 12:04:42.38] [3/3] Dang dong bo Data len GitHub... 
[main 37d1d10] Auto-update Fast Pipeline: Mon 06/15/2026 12:04:49.35
 4 files changed, 801 insertions(+), 439 deletions(-)
remote: This repository moved. Please use the new location:        
remote:   https://github.com/HieuNT316/hanoi-house-price-prediction.git        
To https://github.com/Alexus143/hanoi-house-price-prediction.git
   e40f421..37d1d10  main -> main
[Mon 06/15/2026 12:05:02.96] HOAN THANH LUONG FAST 
========================================= 
[Tue 06/16/2026 12:00:02.31] BAT DAU LUONG FAST (QUET BE MAT) 
[Tue 06/16/2026 12:00:02.33] [1/3] Dang cao du lieu be mat... 
[Browser] Đang khởi tạo trình duyệt...
[Browser] Phát hiện Chrome (Windows): Version 139

[Spider] Đang cào trang 1/10: https://batdongsan.com.vn/nha-dat-ban-ha-dong
[Spider] ✅ Thành công: Tìm thấy 41 tin đăng ở trang 1.

[Spider] Đang cào trang 2/10: https://batdongsan.com.vn/nha-dat-ban-ha-dong/p2
[Spider] ✅ Thành công: Tìm thấy 41 tin đăng ở trang 2.

[Spider] Đang cào trang 3/10: https://batdongsan.com.vn/nha-dat-ban-ha-dong/p3
[Spider] ✅ Thành công: Tìm thấy 41 tin đăng ở trang 3.

[Spider] Đang cào trang 4/10: https://batdongsan.com.vn/nha-dat-ban-ha-dong/p4
[Spider] ✅ Thành công: Tìm thấy 41 tin đăng ở trang 4.

[Spider] Đang cào trang 5/10: https://batdongsan.com.vn/nha-dat-ban-ha-dong/p5
[Spider] ✅ Thành công: Tìm thấy 41 tin đăng ở trang 5.

[Spider] Đang cào trang 6/10: https://batdongsan.com.vn/nha-dat-ban-ha-dong/p6
[Spider] ✅ Thành công: Tìm thấy 41 tin đăng ở trang 6.

[Spider] Đang cào trang 7/10: https://batdongsan.com.vn/nha-dat-ban-ha-dong/p7
[Spider] ✅ Thành công: Tìm thấy 41 tin đăng ở trang 7.

[Spider] Đang cào trang 8/10: https://batdongsan.com.vn/nha-dat-ban-ha-dong/p8
[Spider] ✅ Thành công: Tìm thấy 41 tin đăng ở trang 8.

[Spider] Đang cào trang 9/10: https://batdongsan.com.vn/nha-dat-ban-ha-dong/p9
[Spider] ✅ Thành công: Tìm thấy 41 tin đăng ở trang 9.

[Spider] Đang cào trang 10/10: https://batdongsan.com.vn/nha-dat-ban-ha-dong/p10
[Spider] ✅ Thành công: Tìm thấy 41 tin đăng ở trang 10.
[Spider] Đang gộp dữ liệu mới vào file cũ (Khớp theo tên cột)...
[Spider] Đã lưu 290 dòng mới. Tổng: 52090 dòng.
[Tue 06/16/2026 12:03:47.88] [2/3] Dang lam sach va day vao PostgreSQL... 
🔍 Đang cấu hình Database với: postgres.kkwivuufxdewurmxtsto@aws-1-ap-southeast-1.pooler.supabase.com:5432/postgres
D:\Python\realtime_estimate_tracker\src\preprocessing\cleaner.py:138: UserWarning: Parsing dates in %d/%m/%Y format when dayfirst=False (the default) was specified. Pass `dayfirst=True` or specify a format to silence this warning.
  df['scraped_date'] = pd.to_datetime(df['scraped_date'], errors='coerce')
Đang đọc dữ liệu thô...
Tổng số dòng thô: 52090
🧠 Đang áp dụng NLP trích xuất Đặc trưng...
🧠 Đang áp dụng KNN Imputer...
✅ Giữ lại 6707/52090 tin hợp lệ.
✅ Đã kết nối thành công tới PostgreSQL.
✅ Bảng 'bds_hadong' đã có PRIMARY KEY. Bỏ qua.
Đang thực hiện Upsert dữ liệu vào PostgreSQL...
🔄 Upsert thành công 6707 bản ghi vào 'bds_hadong'.
✅ Hoàn tất Pipeline ETL.
[Tue 06/16/2026 12:04:30.64] [3/3] Dang dong bo Data len GitHub... 
[main 8692580] Auto-update Fast Pipeline: Tue 06/16/2026 12:04:37.23
 4 files changed, 809 insertions(+), 448 deletions(-)
fatal: Unable to persist credentials with the 'wincredman' credential store.
See https://aka.ms/gcm/credstores for more information.
fatal: Unable to persist credentials with the 'wincredman' credential store.
See https://aka.ms/gcm/credstores for more information.
fatal: could not read Username for 'https://github.com': terminal prompts disabled
[Tue 06/16/2026 12:04:41.63] LOI: git push that bai. 
[Tue 06/16/2026 12:04:41.64] LUONG FAST BI DUNG DO LOI 
========================================= 
[Wed 06/17/2026 12:00:03.15] BAT DAU LUONG FAST (QUET BE MAT) 
[Wed 06/17/2026 12:00:03.16] [1/3] Dang cao du lieu be mat... 
[Browser] Đang khởi tạo trình duyệt...
[Browser] Phát hiện Chrome (Windows): Version 139

[Spider] Đang cào trang 1/10: https://batdongsan.com.vn/nha-dat-ban-ha-dong
[Spider] ✅ Thành công: Tìm thấy 41 tin đăng ở trang 1.

[Spider] Đang cào trang 2/10: https://batdongsan.com.vn/nha-dat-ban-ha-dong/p2
[Spider] ✅ Thành công: Tìm thấy 41 tin đăng ở trang 2.

[Spider] Đang cào trang 3/10: https://batdongsan.com.vn/nha-dat-ban-ha-dong/p3
[Spider] ✅ Thành công: Tìm thấy 41 tin đăng ở trang 3.

[Spider] Đang cào trang 4/10: https://batdongsan.com.vn/nha-dat-ban-ha-dong/p4
[Spider] ✅ Thành công: Tìm thấy 41 tin đăng ở trang 4.

[Spider] Đang cào trang 5/10: https://batdongsan.com.vn/nha-dat-ban-ha-dong/p5
[Spider] ✅ Thành công: Tìm thấy 41 tin đăng ở trang 5.

[Spider] Đang cào trang 6/10: https://batdongsan.com.vn/nha-dat-ban-ha-dong/p6
[Spider] ✅ Thành công: Tìm thấy 41 tin đăng ở trang 6.

[Spider] Đang cào trang 7/10: https://batdongsan.com.vn/nha-dat-ban-ha-dong/p7
[Spider] ✅ Thành công: Tìm thấy 41 tin đăng ở trang 7.

[Spider] Đang cào trang 8/10: https://batdongsan.com.vn/nha-dat-ban-ha-dong/p8
[Spider] ✅ Thành công: Tìm thấy 41 tin đăng ở trang 8.

[Spider] Đang cào trang 9/10: https://batdongsan.com.vn/nha-dat-ban-ha-dong/p9
[Spider] ✅ Thành công: Tìm thấy 41 tin đăng ở trang 9.

[Spider] Đang cào trang 10/10: https://batdongsan.com.vn/nha-dat-ban-ha-dong/p10
[Spider] ✅ Thành công: Tìm thấy 41 tin đăng ở trang 10.
[Spider] Đang gộp dữ liệu mới vào file cũ (Khớp theo tên cột)...
[Spider] Đã lưu 290 dòng mới. Tổng: 52380 dòng.
[Wed 06/17/2026 12:03:53.75] [2/3] Dang lam sach va day vao PostgreSQL... 
🔍 Đang cấu hình Database với: postgres.kkwivuufxdewurmxtsto@aws-1-ap-southeast-1.pooler.supabase.com:5432/postgres
D:\Python\realtime_estimate_tracker\src\preprocessing\cleaner.py:138: UserWarning: Parsing dates in %d/%m/%Y format when dayfirst=False (the default) was specified. Pass `dayfirst=True` or specify a format to silence this warning.
  df['scraped_date'] = pd.to_datetime(df['scraped_date'], errors='coerce')
Đang đọc dữ liệu thô...
Tổng số dòng thô: 52380
🧠 Đang áp dụng NLP trích xuất Đặc trưng...
🧠 Đang áp dụng KNN Imputer...
✅ Giữ lại 6729/52380 tin hợp lệ.
✅ Đã kết nối thành công tới PostgreSQL.
✅ Bảng 'bds_hadong' đã có PRIMARY KEY. Bỏ qua.
Đang thực hiện Upsert dữ liệu vào PostgreSQL...
🔄 Upsert thành công 6729 bản ghi vào 'bds_hadong'.
✅ Hoàn tất Pipeline ETL.
[Wed 06/17/2026 12:04:36.67] [3/3] Dang dong bo Data len GitHub... 
[main 13df4e5] Auto-update Fast Pipeline: Wed 06/17/2026 12:04:43.94
 4 files changed, 871 insertions(+), 498 deletions(-)
fatal: Unable to persist credentials with the 'wincredman' credential store.
See https://aka.ms/gcm/credstores for more information.
fatal: Unable to persist credentials with the 'wincredman' credential store.
See https://aka.ms/gcm/credstores for more information.
fatal: could not read Username for 'https://github.com': terminal prompts disabled
[Wed 06/17/2026 12:04:48.49] LOI: git push that bai. 
[Wed 06/17/2026 12:04:48.51] LUONG FAST BI DUNG DO LOI 
========================================= 
[Thu 06/18/2026 12:51:49.97] BAT DAU LUONG FAST (QUET BE MAT) 
[Thu 06/18/2026 12:51:49.99] [1/3] Dang cao du lieu be mat... 
[Browser] Đang khởi tạo trình duyệt...
[Browser] Phát hiện Chrome (Windows): Version 139

[Spider] Đang cào trang 1/10: https://batdongsan.com.vn/nha-dat-ban-ha-dong
[Spider] ✅ Thành công: Tìm thấy 41 tin đăng ở trang 1.

[Spider] Đang cào trang 2/10: https://batdongsan.com.vn/nha-dat-ban-ha-dong/p2
[Spider] ✅ Thành công: Tìm thấy 41 tin đăng ở trang 2.

[Spider] Đang cào trang 3/10: https://batdongsan.com.vn/nha-dat-ban-ha-dong/p3
[Spider] ✅ Thành công: Tìm thấy 41 tin đăng ở trang 3.

[Spider] Đang cào trang 4/10: https://batdongsan.com.vn/nha-dat-ban-ha-dong/p4
[Spider] ✅ Thành công: Tìm thấy 41 tin đăng ở trang 4.

[Spider] Đang cào trang 5/10: https://batdongsan.com.vn/nha-dat-ban-ha-dong/p5
[Spider] ✅ Thành công: Tìm thấy 41 tin đăng ở trang 5.

[Spider] Đang cào trang 6/10: https://batdongsan.com.vn/nha-dat-ban-ha-dong/p6
[Spider] ✅ Thành công: Tìm thấy 41 tin đăng ở trang 6.

[Spider] Đang cào trang 7/10: https://batdongsan.com.vn/nha-dat-ban-ha-dong/p7
[Spider] ✅ Thành công: Tìm thấy 41 tin đăng ở trang 7.

[Spider] Đang cào trang 8/10: https://batdongsan.com.vn/nha-dat-ban-ha-dong/p8
[Spider] ✅ Thành công: Tìm thấy 41 tin đăng ở trang 8.

[Spider] Đang cào trang 9/10: https://batdongsan.com.vn/nha-dat-ban-ha-dong/p9
[Spider] ✅ Thành công: Tìm thấy 41 tin đăng ở trang 9.

[Spider] Đang cào trang 10/10: https://batdongsan.com.vn/nha-dat-ban-ha-dong/p10
[Spider] ✅ Thành công: Tìm thấy 41 tin đăng ở trang 10.
[Spider] Đang gộp dữ liệu mới vào file cũ (Khớp theo tên cột)...
[Spider] Đã lưu 290 dòng mới. Tổng: 52670 dòng.
[Thu 06/18/2026 12:55:39.43] [2/3] Dang lam sach va day vao PostgreSQL... 
🔍 Đang cấu hình Database với: postgres.kkwivuufxdewurmxtsto@aws-1-ap-southeast-1.pooler.supabase.com:5432/postgres
D:\Python\realtime_estimate_tracker\src\preprocessing\cleaner.py:138: UserWarning: Parsing dates in %d/%m/%Y format when dayfirst=False (the default) was specified. Pass `dayfirst=True` or specify a format to silence this warning.
  df['scraped_date'] = pd.to_datetime(df['scraped_date'], errors='coerce')
Đang đọc dữ liệu thô...
Tổng số dòng thô: 52670
🧠 Đang áp dụng NLP trích xuất Đặc trưng...
🧠 Đang áp dụng KNN Imputer...
✅ Giữ lại 6742/52670 tin hợp lệ.
✅ Đã kết nối thành công tới PostgreSQL.
✅ Bảng 'bds_hadong' đã có PRIMARY KEY. Bỏ qua.
Đang thực hiện Upsert dữ liệu vào PostgreSQL...
🔄 Upsert thành công 6742 bản ghi vào 'bds_hadong'.
✅ Hoàn tất Pipeline ETL.
[Thu 06/18/2026 12:56:27.72] [3/3] Dang dong bo Data len GitHub... 
[main 287fa2d] Auto-update Fast Pipeline: Thu 06/18/2026 12:56:34.52
 4 files changed, 831 insertions(+), 467 deletions(-)
fatal: Unable to persist credentials with the 'wincredman' credential store.
See https://aka.ms/gcm/credstores for more information.
fatal: Unable to persist credentials with the 'wincredman' credential store.
See https://aka.ms/gcm/credstores for more information.
fatal: could not read Username for 'https://github.com': terminal prompts disabled
[Thu 06/18/2026 12:56:39.23] LOI: git push that bai. 
[Thu 06/18/2026 12:56:39.24] LUONG FAST BI DUNG DO LOI 
========================================= 
[Fri 06/19/2026 12:00:02.63] BAT DAU LUONG FAST (QUET BE MAT) 
[Fri 06/19/2026 12:00:02.65] [1/3] Dang cao du lieu be mat... 
[Browser] Đang khởi tạo trình duyệt...
[Browser] Phát hiện Chrome (Windows): Version 139

[Spider] Đang cào trang 1/10: https://batdongsan.com.vn/nha-dat-ban-ha-dong
[Spider] ✅ Thành công: Tìm thấy 31 tin đăng ở trang 1.

[Spider] Đang cào trang 2/10: https://batdongsan.com.vn/nha-dat-ban-ha-dong/p2
[Spider] ✅ Thành công: Tìm thấy 31 tin đăng ở trang 2.

[Spider] Đang cào trang 3/10: https://batdongsan.com.vn/nha-dat-ban-ha-dong/p3
[Spider] ✅ Thành công: Tìm thấy 31 tin đăng ở trang 3.

[Spider] Đang cào trang 4/10: https://batdongsan.com.vn/nha-dat-ban-ha-dong/p4
[Spider] ✅ Thành công: Tìm thấy 31 tin đăng ở trang 4.

[Spider] Đang cào trang 5/10: https://batdongsan.com.vn/nha-dat-ban-ha-dong/p5
[Spider] ✅ Thành công: Tìm thấy 31 tin đăng ở trang 5.

[Spider] Đang cào trang 6/10: https://batdongsan.com.vn/nha-dat-ban-ha-dong/p6
[Spider] ✅ Thành công: Tìm thấy 31 tin đăng ở trang 6.

[Spider] Đang cào trang 7/10: https://batdongsan.com.vn/nha-dat-ban-ha-dong/p7
[Spider] ✅ Thành công: Tìm thấy 31 tin đăng ở trang 7.

[Spider] Đang cào trang 8/10: https://batdongsan.com.vn/nha-dat-ban-ha-dong/p8
[Spider] ✅ Thành công: Tìm thấy 31 tin đăng ở trang 8.

[Spider] Đang cào trang 9/10: https://batdongsan.com.vn/nha-dat-ban-ha-dong/p9
[Spider] ✅ Thành công: Tìm thấy 31 tin đăng ở trang 9.

[Spider] Đang cào trang 10/10: https://batdongsan.com.vn/nha-dat-ban-ha-dong/p10
[Spider] ✅ Thành công: Tìm thấy 31 tin đăng ở trang 10.
[Spider] Đang gộp dữ liệu mới vào file cũ (Khớp theo tên cột)...
[Spider] Đã lưu 218 dòng mới. Tổng: 52888 dòng.
[Fri 06/19/2026 12:03:40.26] [2/3] Dang lam sach va day vao PostgreSQL... 
🔍 Đang cấu hình Database với: postgres.kkwivuufxdewurmxtsto@aws-1-ap-southeast-1.pooler.supabase.com:5432/postgres
D:\Python\realtime_estimate_tracker\src\preprocessing\cleaner.py:138: UserWarning: Parsing dates in %d/%m/%Y format when dayfirst=False (the default) was specified. Pass `dayfirst=True` or specify a format to silence this warning.
  df['scraped_date'] = pd.to_datetime(df['scraped_date'], errors='coerce')
Đang đọc dữ liệu thô...
Tổng số dòng thô: 52888
🧠 Đang áp dụng NLP trích xuất Đặc trưng...
🧠 Đang áp dụng KNN Imputer...
✅ Giữ lại 6750/52888 tin hợp lệ.
✅ Đã kết nối thành công tới PostgreSQL.
✅ Bảng 'bds_hadong' đã có PRIMARY KEY. Bỏ qua.
Đang thực hiện Upsert dữ liệu vào PostgreSQL...
🔄 Upsert thành công 6750 bản ghi vào 'bds_hadong'.
✅ Hoàn tất Pipeline ETL.
[Fri 06/19/2026 12:04:27.98] [3/3] Dang dong bo Data len GitHub... 
[main c26273d] Auto-update Fast Pipeline: Fri 06/19/2026 12:04:34.61
 4 files changed, 714 insertions(+), 426 deletions(-)
fatal: Unable to persist credentials with the 'wincredman' credential store.
See https://aka.ms/gcm/credstores for more information.
fatal: Unable to persist credentials with the 'wincredman' credential store.
See https://aka.ms/gcm/credstores for more information.
fatal: could not read Username for 'https://github.com': terminal prompts disabled
[Fri 06/19/2026 12:04:38.78] LOI: git push that bai. 
[Fri 06/19/2026 12:04:38.80] LUONG FAST BI DUNG DO LOI 
========================================= 
[Sat 06/20/2026 13:13:33.79] BAT DAU LUONG FAST (QUET BE MAT) 
[Sat 06/20/2026 13:13:33.82] [1/3] Dang cao du lieu be mat... 
[Browser] Đang khởi tạo trình duyệt...
[Browser] Phát hiện Chrome (Windows): Version 139

[Spider] Đang cào trang 1/10: https://batdongsan.com.vn/nha-dat-ban-ha-dong
[Spider] ✅ Thành công: Tìm thấy 31 tin đăng ở trang 1.

[Spider] Đang cào trang 2/10: https://batdongsan.com.vn/nha-dat-ban-ha-dong/p2
[Spider] ✅ Thành công: Tìm thấy 31 tin đăng ở trang 2.

[Spider] Đang cào trang 3/10: https://batdongsan.com.vn/nha-dat-ban-ha-dong/p3
[Spider] ✅ Thành công: Tìm thấy 31 tin đăng ở trang 3.

[Spider] Đang cào trang 4/10: https://batdongsan.com.vn/nha-dat-ban-ha-dong/p4
[Spider] ✅ Thành công: Tìm thấy 31 tin đăng ở trang 4.

[Spider] Đang cào trang 5/10: https://batdongsan.com.vn/nha-dat-ban-ha-dong/p5
[Spider] ✅ Thành công: Tìm thấy 31 tin đăng ở trang 5.

[Spider] Đang cào trang 6/10: https://batdongsan.com.vn/nha-dat-ban-ha-dong/p6
[Spider] ✅ Thành công: Tìm thấy 31 tin đăng ở trang 6.

[Spider] Đang cào trang 7/10: https://batdongsan.com.vn/nha-dat-ban-ha-dong/p7
[Spider] ✅ Thành công: Tìm thấy 31 tin đăng ở trang 7.

[Spider] Đang cào trang 8/10: https://batdongsan.com.vn/nha-dat-ban-ha-dong/p8
[Spider] ✅ Thành công: Tìm thấy 31 tin đăng ở trang 8.

[Spider] Đang cào trang 9/10: https://batdongsan.com.vn/nha-dat-ban-ha-dong/p9
[Spider] ✅ Thành công: Tìm thấy 31 tin đăng ở trang 9.

[Spider] Đang cào trang 10/10: https://batdongsan.com.vn/nha-dat-ban-ha-dong/p10
[Spider] ✅ Thành công: Tìm thấy 31 tin đăng ở trang 10.
[Spider] Đang gộp dữ liệu mới vào file cũ (Khớp theo tên cột)...
[Spider] Đã lưu 218 dòng mới. Tổng: 53106 dòng.
[Sat 06/20/2026 13:20:20.34] [2/3] Dang lam sach va day vao PostgreSQL... 
🔍 Đang cấu hình Database với: postgres.kkwivuufxdewurmxtsto@aws-1-ap-southeast-1.pooler.supabase.com:5432/postgres
D:\Python\realtime_estimate_tracker\src\preprocessing\cleaner.py:138: UserWarning: Parsing dates in %d/%m/%Y format when dayfirst=False (the default) was specified. Pass `dayfirst=True` or specify a format to silence this warning.
  df['scraped_date'] = pd.to_datetime(df['scraped_date'], errors='coerce')
Đang đọc dữ liệu thô...
Tổng số dòng thô: 53106
🧠 Đang áp dụng NLP trích xuất Đặc trưng...
🧠 Đang áp dụng KNN Imputer...
✅ Giữ lại 6761/53106 tin hợp lệ.
✅ Đã kết nối thành công tới PostgreSQL.
✅ Bảng 'bds_hadong' đã có PRIMARY KEY. Bỏ qua.
Đang thực hiện Upsert dữ liệu vào PostgreSQL...
🔄 Upsert thành công 6761 bản ghi vào 'bds_hadong'.
✅ Hoàn tất Pipeline ETL.
[Sat 06/20/2026 13:21:19.16] [3/3] Dang dong bo Data len GitHub... 
[main e93d913] Auto-update Fast Pipeline: Sat 06/20/2026 13:21:26.71
 4 files changed, 641 insertions(+), 349 deletions(-)
fatal: Unable to persist credentials with the 'wincredman' credential store.
See https://aka.ms/gcm/credstores for more information.
fatal: Unable to persist credentials with the 'wincredman' credential store.
See https://aka.ms/gcm/credstores for more information.
fatal: could not read Username for 'https://github.com': terminal prompts disabled
[Sat 06/20/2026 13:21:31.84] LOI: git push that bai. 
[Sat 06/20/2026 13:21:31.86] LUONG FAST BI DUNG DO LOI 
========================================= 
[Sun 06/21/2026 12:00:03.29] BAT DAU LUONG FAST (QUET BE MAT) 
[Sun 06/21/2026 12:00:03.31] [1/3] Dang cao du lieu be mat... 
[Browser] Đang khởi tạo trình duyệt...
[Browser] Phát hiện Chrome (Windows): Version 139

[Spider] Đang cào trang 1/10: https://batdongsan.com.vn/nha-dat-ban-ha-dong
[Spider] ✅ Thành công: Tìm thấy 41 tin đăng ở trang 1.

[Spider] Đang cào trang 2/10: https://batdongsan.com.vn/nha-dat-ban-ha-dong/p2
[Spider] ✅ Thành công: Tìm thấy 41 tin đăng ở trang 2.

[Spider] Đang cào trang 3/10: https://batdongsan.com.vn/nha-dat-ban-ha-dong/p3
[Spider] ✅ Thành công: Tìm thấy 41 tin đăng ở trang 3.

[Spider] Đang cào trang 4/10: https://batdongsan.com.vn/nha-dat-ban-ha-dong/p4
[Spider] ✅ Thành công: Tìm thấy 41 tin đăng ở trang 4.

[Spider] Đang cào trang 5/10: https://batdongsan.com.vn/nha-dat-ban-ha-dong/p5
[Spider] ✅ Thành công: Tìm thấy 41 tin đăng ở trang 5.

[Spider] Đang cào trang 6/10: https://batdongsan.com.vn/nha-dat-ban-ha-dong/p6
[Spider] ✅ Thành công: Tìm thấy 41 tin đăng ở trang 6.

[Spider] Đang cào trang 7/10: https://batdongsan.com.vn/nha-dat-ban-ha-dong/p7
[Spider] ✅ Thành công: Tìm thấy 41 tin đăng ở trang 7.

[Spider] Đang cào trang 8/10: https://batdongsan.com.vn/nha-dat-ban-ha-dong/p8
[Spider] ✅ Thành công: Tìm thấy 41 tin đăng ở trang 8.

[Spider] Đang cào trang 9/10: https://batdongsan.com.vn/nha-dat-ban-ha-dong/p9
[Spider] ✅ Thành công: Tìm thấy 41 tin đăng ở trang 9.

[Spider] Đang cào trang 10/10: https://batdongsan.com.vn/nha-dat-ban-ha-dong/p10
[Spider] ✅ Thành công: Tìm thấy 41 tin đăng ở trang 10.
[Spider] Đang gộp dữ liệu mới vào file cũ (Khớp theo tên cột)...
[Spider] Đã lưu 263 dòng mới. Tổng: 53369 dòng.
[Sun 06/21/2026 12:04:16.69] [2/3] Dang lam sach va day vao PostgreSQL... 
🔍 Đang cấu hình Database với: postgres.kkwivuufxdewurmxtsto@aws-1-ap-southeast-1.pooler.supabase.com:5432/postgres
D:\Python\realtime_estimate_tracker\src\preprocessing\cleaner.py:138: UserWarning: Parsing dates in %d/%m/%Y format when dayfirst=False (the default) was specified. Pass `dayfirst=True` or specify a format to silence this warning.
  df['scraped_date'] = pd.to_datetime(df['scraped_date'], errors='coerce')
Đang đọc dữ liệu thô...
Tổng số dòng thô: 53369
🧠 Đang áp dụng NLP trích xuất Đặc trưng...
🧠 Đang áp dụng KNN Imputer...
✅ Giữ lại 6765/53369 tin hợp lệ.
✅ Đã kết nối thành công tới PostgreSQL.
✅ Bảng 'bds_hadong' đã có PRIMARY KEY. Bỏ qua.
Đang thực hiện Upsert dữ liệu vào PostgreSQL...
🔄 Upsert thành công 6765 bản ghi vào 'bds_hadong'.
✅ Hoàn tất Pipeline ETL.
[Sun 06/21/2026 12:05:01.38] [3/3] Dang dong bo Data len GitHub... 
[main 19db111] Auto-update Fast Pipeline: Sun 06/21/2026 12:05:08.21
 4 files changed, 668 insertions(+), 338 deletions(-)
remote: This repository moved. Please use the new location:        
remote:   https://github.com/HieuNT316/hanoi-house-price-prediction.git        
To https://github.com/Alexus143/hanoi-house-price-prediction.git
   9a73bb2..19db111  main -> main
[Sun 06/21/2026 12:05:20.76] HOAN THANH LUONG FAST 
========================================= 
[Mon 06/22/2026 12:50:49.61] BAT DAU LUONG FAST (QUET BE MAT) 
[Mon 06/22/2026 12:50:49.63] [1/3] Dang cao du lieu be mat... 
[Browser] Đang khởi tạo trình duyệt...
[Browser] Phát hiện Chrome (Windows): Version 139

[Spider] Đang cào trang 1/10: https://batdongsan.com.vn/nha-dat-ban-ha-dong
[Spider] ✅ Thành công: Tìm thấy 31 tin đăng ở trang 1.

[Spider] Đang cào trang 2/10: https://batdongsan.com.vn/nha-dat-ban-ha-dong/p2
[Spider] ✅ Thành công: Tìm thấy 31 tin đăng ở trang 2.

[Spider] Đang cào trang 3/10: https://batdongsan.com.vn/nha-dat-ban-ha-dong/p3
[Spider] ✅ Thành công: Tìm thấy 41 tin đăng ở trang 3.

[Spider] Đang cào trang 4/10: https://batdongsan.com.vn/nha-dat-ban-ha-dong/p4
[Spider] ✅ Thành công: Tìm thấy 41 tin đăng ở trang 4.

[Spider] Đang cào trang 5/10: https://batdongsan.com.vn/nha-dat-ban-ha-dong/p5
[Spider] ✅ Thành công: Tìm thấy 41 tin đăng ở trang 5.

[Spider] Đang cào trang 6/10: https://batdongsan.com.vn/nha-dat-ban-ha-dong/p6
[Spider] ✅ Thành công: Tìm thấy 41 tin đăng ở trang 6.

[Spider] Đang cào trang 7/10: https://batdongsan.com.vn/nha-dat-ban-ha-dong/p7
[Spider] ✅ Thành công: Tìm thấy 41 tin đăng ở trang 7.

[Spider] Đang cào trang 8/10: https://batdongsan.com.vn/nha-dat-ban-ha-dong/p8
[Spider] ✅ Thành công: Tìm thấy 41 tin đăng ở trang 8.

[Spider] Đang cào trang 9/10: https://batdongsan.com.vn/nha-dat-ban-ha-dong/p9
[Spider] ✅ Thành công: Tìm thấy 41 tin đăng ở trang 9.

[Spider] Đang cào trang 10/10: https://batdongsan.com.vn/nha-dat-ban-ha-dong/p10
[Spider] ✅ Thành công: Tìm thấy 41 tin đăng ở trang 10.
[Spider] Đang gộp dữ liệu mới vào file cũ (Khớp theo tên cột)...
[Spider] Đã lưu 253 dòng mới. Tổng: 53622 dòng.
[Mon 06/22/2026 12:55:09.53] [2/3] Dang lam sach va day vao PostgreSQL... 
🔍 Đang cấu hình Database với: postgres.kkwivuufxdewurmxtsto@aws-1-ap-southeast-1.pooler.supabase.com:5432/postgres
D:\Python\realtime_estimate_tracker\src\preprocessing\cleaner.py:138: UserWarning: Parsing dates in %d/%m/%Y format when dayfirst=False (the default) was specified. Pass `dayfirst=True` or specify a format to silence this warning.
  df['scraped_date'] = pd.to_datetime(df['scraped_date'], errors='coerce')
Đang đọc dữ liệu thô...
Tổng số dòng thô: 53622
🧠 Đang áp dụng NLP trích xuất Đặc trưng...
🧠 Đang áp dụng KNN Imputer...
✅ Giữ lại 6772/53622 tin hợp lệ.
✅ Đã kết nối thành công tới PostgreSQL.
✅ Bảng 'bds_hadong' đã có PRIMARY KEY. Bỏ qua.
Đang thực hiện Upsert dữ liệu vào PostgreSQL...
🔄 Upsert thành công 6772 bản ghi vào 'bds_hadong'.
✅ Hoàn tất Pipeline ETL.
[Mon 06/22/2026 12:56:51.13] [3/3] Dang dong bo Data len GitHub... 
[main 2dd5795] Auto-update Fast Pipeline: Mon 06/22/2026 12:56:58.03
 4 files changed, 740 insertions(+), 418 deletions(-)
fatal: Unable to persist credentials with the 'wincredman' credential store.
See https://aka.ms/gcm/credstores for more information.
fatal: Unable to persist credentials with the 'wincredman' credential store.
See https://aka.ms/gcm/credstores for more information.
fatal: could not read Username for 'https://github.com': terminal prompts disabled
[Mon 06/22/2026 12:57:03.42] LOI: git push that bai. 
[Mon 06/22/2026 12:57:03.43] LUONG FAST BI DUNG DO LOI 
========================================= 
[Tue 06/23/2026 14:10:48.66] BAT DAU LUONG FAST (QUET BE MAT) 
[Tue 06/23/2026 14:10:48.71] [1/3] Dang cao du lieu be mat... 
Traceback (most recent call last):
  File "C:\Users\User\AppData\Local\Programs\Python\Python310\lib\urllib\request.py", line 1348, in do_open
    h.request(req.get_method(), req.selector, req.data, headers,
  File "C:\Users\User\AppData\Local\Programs\Python\Python310\lib\http\client.py", line 1276, in request
    self._send_request(method, url, body, headers, encode_chunked)
  File "C:\Users\User\AppData\Local\Programs\Python\Python310\lib\http\client.py", line 1322, in _send_request
    self.endheaders(body, encode_chunked=encode_chunked)
  File "C:\Users\User\AppData\Local\Programs\Python\Python310\lib\http\client.py", line 1271, in endheaders
    self._send_output(message_body, encode_chunked=encode_chunked)
  File "C:\Users\User\AppData\Local\Programs\Python\Python310\lib\http\client.py", line 1031, in _send_output
    self.send(msg)
  File "C:\Users\User\AppData\Local\Programs\Python\Python310\lib\http\client.py", line 969, in send
    self.connect()
  File "C:\Users\User\AppData\Local\Programs\Python\Python310\lib\http\client.py", line 1441, in connect
    super().connect()
  File "C:\Users\User\AppData\Local\Programs\Python\Python310\lib\http\client.py", line 940, in connect
    self.sock = self._create_connection(
  File "C:\Users\User\AppData\Local\Programs\Python\Python310\lib\socket.py", line 824, in create_connection
    for res in getaddrinfo(host, port, 0, SOCK_STREAM):
  File "C:\Users\User\AppData\Local\Programs\Python\Python310\lib\socket.py", line 955, in getaddrinfo
    for res in _socket.getaddrinfo(host, port, family, type, proto, flags):
socket.gaierror: [Errno 11001] getaddrinfo failed

During handling of the above exception, another exception occurred:

Traceback (most recent call last):
  File "C:\Users\User\AppData\Local\Programs\Python\Python310\lib\runpy.py", line 196, in _run_module_as_main
    return _run_code(code, main_globals, None,
  File "C:\Users\User\AppData\Local\Programs\Python\Python310\lib\runpy.py", line 86, in _run_code
    exec(code, run_globals)
  File "D:\Python\realtime_estimate_tracker\src\data_loader\spider.py", line 193, in <module>
    data = run_crawler(pages=10)
  File "D:\Python\realtime_estimate_tracker\src\data_loader\spider.py", line 109, in run_crawler
    driver = init_driver()
  File "D:\Python\realtime_estimate_tracker\src\data_loader\browser.py", line 99, in init_driver
    raise e
  File "D:\Python\realtime_estimate_tracker\src\data_loader\browser.py", line 88, in init_driver
    driver = uc.Chrome(
  File "D:\Python\realtime_estimate_tracker\venv_bds\lib\site-packages\undetected_chromedriver\__init__.py", line 258, in __init__
    self.patcher.auto()
  File "D:\Python\realtime_estimate_tracker\venv_bds\lib\site-packages\undetected_chromedriver\patcher.py", line 175, in auto
    release = self.fetch_release_number()
  File "D:\Python\realtime_estimate_tracker\venv_bds\lib\site-packages\undetected_chromedriver\patcher.py", line 259, in fetch_release_number
    with urlopen(self.url_repo + path) as conn:
  File "C:\Users\User\AppData\Local\Programs\Python\Python310\lib\urllib\request.py", line 216, in urlopen
    return opener.open(url, data, timeout)
  File "C:\Users\User\AppData\Local\Programs\Python\Python310\lib\urllib\request.py", line 519, in open
    response = self._open(req, data)
  File "C:\Users\User\AppData\Local\Programs\Python\Python310\lib\urllib\request.py", line 536, in _open
    result = self._call_chain(self.handle_open, protocol, protocol +
  File "C:\Users\User\AppData\Local\Programs\Python\Python310\lib\urllib\request.py", line 496, in _call_chain
    result = func(*args)
  File "C:\Users\User\AppData\Local\Programs\Python\Python310\lib\urllib\request.py", line 1391, in https_open
    return self.do_open(http.client.HTTPSConnection, req,
  File "C:\Users\User\AppData\Local\Programs\Python\Python310\lib\urllib\request.py", line 1351, in do_open
    raise URLError(err)
urllib.error.URLError: <urlopen error [Errno 11001] getaddrinfo failed>
[Browser] Đang khởi tạo trình duyệt...
[Browser] Phát hiện Chrome (Windows): Version 139
[Browser] Lỗi khởi tạo driver: <urlopen error [Errno 11001] getaddrinfo failed>
[Tue 06/23/2026 14:11:08.81] LOI: Spider that bai. Dung pipeline. 
[Tue 06/23/2026 14:11:09.83] LUONG FAST BI DUNG DO LOI 
========================================= 
[Wed 06/24/2026 12:00:03.92] BAT DAU LUONG FAST (QUET BE MAT) 
[Wed 06/24/2026 12:00:03.95] [1/3] Dang cao du lieu be mat... 
[Browser] Đang khởi tạo trình duyệt...
[Browser] Phát hiện Chrome (Windows): Version 139

[Spider] Đang cào trang 1/10: https://batdongsan.com.vn/nha-dat-ban-ha-dong
[Spider] ✅ Thành công: Tìm thấy 41 tin đăng ở trang 1.

[Spider] Đang cào trang 2/10: https://batdongsan.com.vn/nha-dat-ban-ha-dong/p2
[Spider] ✅ Thành công: Tìm thấy 41 tin đăng ở trang 2.

[Spider] Đang cào trang 3/10: https://batdongsan.com.vn/nha-dat-ban-ha-dong/p3
[Spider] ✅ Thành công: Tìm thấy 41 tin đăng ở trang 3.

[Spider] Đang cào trang 4/10: https://batdongsan.com.vn/nha-dat-ban-ha-dong/p4
[Spider] ✅ Thành công: Tìm thấy 41 tin đăng ở trang 4.

[Spider] Đang cào trang 5/10: https://batdongsan.com.vn/nha-dat-ban-ha-dong/p5
[Spider] ✅ Thành công: Tìm thấy 41 tin đăng ở trang 5.

[Spider] Đang cào trang 6/10: https://batdongsan.com.vn/nha-dat-ban-ha-dong/p6
[Spider] ✅ Thành công: Tìm thấy 41 tin đăng ở trang 6.

[Spider] Đang cào trang 7/10: https://batdongsan.com.vn/nha-dat-ban-ha-dong/p7
[Spider] ✅ Thành công: Tìm thấy 41 tin đăng ở trang 7.

[Spider] Đang cào trang 8/10: https://batdongsan.com.vn/nha-dat-ban-ha-dong/p8
[Spider] ✅ Thành công: Tìm thấy 41 tin đăng ở trang 8.

[Spider] Đang cào trang 9/10: https://batdongsan.com.vn/nha-dat-ban-ha-dong/p9
[Spider] ✅ Thành công: Tìm thấy 41 tin đăng ở trang 9.

[Spider] Đang cào trang 10/10: https://batdongsan.com.vn/nha-dat-ban-ha-dong/p10
[Spider] ✅ Thành công: Tìm thấy 41 tin đăng ở trang 10.
[Spider] Đang gộp dữ liệu mới vào file cũ (Khớp theo tên cột)...
[Spider] Đã lưu 263 dòng mới. Tổng: 53885 dòng.
[Wed 06/24/2026 12:04:01.54] [2/3] Dang lam sach va day vao PostgreSQL... 
🔍 Đang cấu hình Database với: postgres.kkwivuufxdewurmxtsto@aws-1-ap-southeast-1.pooler.supabase.com:5432/postgres
D:\Python\realtime_estimate_tracker\src\preprocessing\cleaner.py:138: UserWarning: Parsing dates in %d/%m/%Y format when dayfirst=False (the default) was specified. Pass `dayfirst=True` or specify a format to silence this warning.
  df['scraped_date'] = pd.to_datetime(df['scraped_date'], errors='coerce')
Đang đọc dữ liệu thô...
Tổng số dòng thô: 53885
🧠 Đang áp dụng NLP trích xuất Đặc trưng...
🧠 Đang áp dụng KNN Imputer...
✅ Giữ lại 6793/53885 tin hợp lệ.
✅ Đã kết nối thành công tới PostgreSQL.
✅ Bảng 'bds_hadong' đã có PRIMARY KEY. Bỏ qua.
Đang thực hiện Upsert dữ liệu vào PostgreSQL...
🔄 Upsert thành công 6793 bản ghi vào 'bds_hadong'.
✅ Hoàn tất Pipeline ETL.
[Wed 06/24/2026 12:04:44.93] [3/3] Dang dong bo Data len GitHub... 
[main 3ccd161] Auto-update Fast Pipeline: Wed 06/24/2026 12:04:50.37
 4 files changed, 799 insertions(+), 453 deletions(-)
fatal: Unable to persist credentials with the 'wincredman' credential store.
See https://aka.ms/gcm/credstores for more information.
fatal: Unable to persist credentials with the 'wincredman' credential store.
See https://aka.ms/gcm/credstores for more information.
fatal: could not read Username for 'https://github.com': terminal prompts disabled
[Wed 06/24/2026 12:04:54.73] LOI: git push that bai. 
[Wed 06/24/2026 12:04:54.76] LUONG FAST BI DUNG DO LOI 
========================================= 
[Thu 06/25/2026 13:04:08.32] BAT DAU LUONG FAST (QUET BE MAT) 
[Thu 06/25/2026 13:04:08.35] [1/3] Dang cao du lieu be mat... 
Traceback (most recent call last):
  File "C:\Users\User\AppData\Local\Programs\Python\Python310\lib\urllib\request.py", line 1348, in do_open
    h.request(req.get_method(), req.selector, req.data, headers,
  File "C:\Users\User\AppData\Local\Programs\Python\Python310\lib\http\client.py", line 1276, in request
    self._send_request(method, url, body, headers, encode_chunked)
  File "C:\Users\User\AppData\Local\Programs\Python\Python310\lib\http\client.py", line 1322, in _send_request
    self.endheaders(body, encode_chunked=encode_chunked)
  File "C:\Users\User\AppData\Local\Programs\Python\Python310\lib\http\client.py", line 1271, in endheaders
    self._send_output(message_body, encode_chunked=encode_chunked)
  File "C:\Users\User\AppData\Local\Programs\Python\Python310\lib\http\client.py", line 1031, in _send_output
    self.send(msg)
  File "C:\Users\User\AppData\Local\Programs\Python\Python310\lib\http\client.py", line 969, in send
    self.connect()
  File "C:\Users\User\AppData\Local\Programs\Python\Python310\lib\http\client.py", line 1441, in connect
    super().connect()
  File "C:\Users\User\AppData\Local\Programs\Python\Python310\lib\http\client.py", line 940, in connect
    self.sock = self._create_connection(
  File "C:\Users\User\AppData\Local\Programs\Python\Python310\lib\socket.py", line 824, in create_connection
    for res in getaddrinfo(host, port, 0, SOCK_STREAM):
  File "C:\Users\User\AppData\Local\Programs\Python\Python310\lib\socket.py", line 955, in getaddrinfo
    for res in _socket.getaddrinfo(host, port, family, type, proto, flags):
socket.gaierror: [Errno 11001] getaddrinfo failed

During handling of the above exception, another exception occurred:

Traceback (most recent call last):
  File "C:\Users\User\AppData\Local\Programs\Python\Python310\lib\runpy.py", line 196, in _run_module_as_main
    return _run_code(code, main_globals, None,
  File "C:\Users\User\AppData\Local\Programs\Python\Python310\lib\runpy.py", line 86, in _run_code
    exec(code, run_globals)
  File "D:\Python\realtime_estimate_tracker\src\data_loader\spider.py", line 193, in <module>
    data = run_crawler(pages=10)
  File "D:\Python\realtime_estimate_tracker\src\data_loader\spider.py", line 109, in run_crawler
    driver = init_driver()
  File "D:\Python\realtime_estimate_tracker\src\data_loader\browser.py", line 99, in init_driver
    raise e
  File "D:\Python\realtime_estimate_tracker\src\data_loader\browser.py", line 88, in init_driver
    driver = uc.Chrome(
  File "D:\Python\realtime_estimate_tracker\venv_bds\lib\site-packages\undetected_chromedriver\__init__.py", line 258, in __init__
    self.patcher.auto()
  File "D:\Python\realtime_estimate_tracker\venv_bds\lib\site-packages\undetected_chromedriver\patcher.py", line 175, in auto
    release = self.fetch_release_number()
  File "D:\Python\realtime_estimate_tracker\venv_bds\lib\site-packages\undetected_chromedriver\patcher.py", line 259, in fetch_release_number
    with urlopen(self.url_repo + path) as conn:
  File "C:\Users\User\AppData\Local\Programs\Python\Python310\lib\urllib\request.py", line 216, in urlopen
    return opener.open(url, data, timeout)
  File "C:\Users\User\AppData\Local\Programs\Python\Python310\lib\urllib\request.py", line 519, in open
    response = self._open(req, data)
  File "C:\Users\User\AppData\Local\Programs\Python\Python310\lib\urllib\request.py", line 536, in _open
    result = self._call_chain(self.handle_open, protocol, protocol +
  File "C:\Users\User\AppData\Local\Programs\Python\Python310\lib\urllib\request.py", line 496, in _call_chain
    result = func(*args)
  File "C:\Users\User\AppData\Local\Programs\Python\Python310\lib\urllib\request.py", line 1391, in https_open
    return self.do_open(http.client.HTTPSConnection, req,
  File "C:\Users\User\AppData\Local\Programs\Python\Python310\lib\urllib\request.py", line 1351, in do_open
    raise URLError(err)
urllib.error.URLError: <urlopen error [Errno 11001] getaddrinfo failed>
[Browser] Đang khởi tạo trình duyệt...
[Browser] Phát hiện Chrome (Windows): Version 139
[Browser] Lỗi khởi tạo driver: <urlopen error [Errno 11001] getaddrinfo failed>
[Thu 06/25/2026 13:04:30.35] LOI: Spider that bai. Dung pipeline. 
[Thu 06/25/2026 13:04:30.38] LUONG FAST BI DUNG DO LOI 
========================================= 
[Fri 06/26/2026 12:22:22.17] BAT DAU LUONG FAST (QUET BE MAT) 
[Fri 06/26/2026 12:22:22.21] [1/3] Dang cao du lieu be mat... 
[Browser] Đang khởi tạo trình duyệt...
[Browser] Phát hiện Chrome (Windows): Version 139

[Spider] Đang cào trang 1/10: https://batdongsan.com.vn/nha-dat-ban-ha-dong
[Spider] ✅ Thành công: Tìm thấy 31 tin đăng ở trang 1.

[Spider] Đang cào trang 2/10: https://batdongsan.com.vn/nha-dat-ban-ha-dong/p2
[Spider] ✅ Thành công: Tìm thấy 31 tin đăng ở trang 2.

[Spider] Đang cào trang 3/10: https://batdongsan.com.vn/nha-dat-ban-ha-dong/p3
[Spider] ✅ Thành công: Tìm thấy 31 tin đăng ở trang 3.

[Spider] Đang cào trang 4/10: https://batdongsan.com.vn/nha-dat-ban-ha-dong/p4
[Spider] ✅ Thành công: Tìm thấy 31 tin đăng ở trang 4.

[Spider] Đang cào trang 5/10: https://batdongsan.com.vn/nha-dat-ban-ha-dong/p5
[Spider] ✅ Thành công: Tìm thấy 31 tin đăng ở trang 5.

[Spider] Đang cào trang 6/10: https://batdongsan.com.vn/nha-dat-ban-ha-dong/p6
[Spider] ✅ Thành công: Tìm thấy 31 tin đăng ở trang 6.

[Spider] Đang cào trang 7/10: https://batdongsan.com.vn/nha-dat-ban-ha-dong/p7
[Spider] ✅ Thành công: Tìm thấy 31 tin đăng ở trang 7.

[Spider] Đang cào trang 8/10: https://batdongsan.com.vn/nha-dat-ban-ha-dong/p8
[Spider] ✅ Thành công: Tìm thấy 31 tin đăng ở trang 8.

[Spider] Đang cào trang 9/10: https://batdongsan.com.vn/nha-dat-ban-ha-dong/p9
[Spider] ✅ Thành công: Tìm thấy 31 tin đăng ở trang 9.

[Spider] Đang cào trang 10/10: https://batdongsan.com.vn/nha-dat-ban-ha-dong/p10
[Spider] ✅ Thành công: Tìm thấy 31 tin đăng ở trang 10.
[Spider] Đang gộp dữ liệu mới vào file cũ (Khớp theo tên cột)...
[Spider] Đã lưu 218 dòng mới. Tổng: 54103 dòng.
[Fri 06/26/2026 12:25:55.33] [2/3] Dang lam sach va day vao PostgreSQL... 
🔍 Đang cấu hình Database với: postgres.kkwivuufxdewurmxtsto@aws-1-ap-southeast-1.pooler.supabase.com:5432/postgres
D:\Python\realtime_estimate_tracker\src\preprocessing\cleaner.py:138: UserWarning: Parsing dates in %d/%m/%Y format when dayfirst=False (the default) was specified. Pass `dayfirst=True` or specify a format to silence this warning.
  df['scraped_date'] = pd.to_datetime(df['scraped_date'], errors='coerce')
Đang đọc dữ liệu thô...
Tổng số dòng thô: 54103
🧠 Đang áp dụng NLP trích xuất Đặc trưng...
🧠 Đang áp dụng KNN Imputer...
✅ Giữ lại 6820/54103 tin hợp lệ.
✅ Đã kết nối thành công tới PostgreSQL.
✅ Bảng 'bds_hadong' đã có PRIMARY KEY. Bỏ qua.
Đang thực hiện Upsert dữ liệu vào PostgreSQL...
🔄 Upsert thành công 6820 bản ghi vào 'bds_hadong'.
✅ Hoàn tất Pipeline ETL.
[Fri 06/26/2026 12:26:42.35] [3/3] Dang dong bo Data len GitHub... 
[main f60dbd9] Auto-update Fast Pipeline: Fri 06/26/2026 12:26:48.54
 4 files changed, 779 insertions(+), 472 deletions(-)
fatal: Unable to persist credentials with the 'wincredman' credential store.
See https://aka.ms/gcm/credstores for more information.
fatal: Unable to persist credentials with the 'wincredman' credential store.
See https://aka.ms/gcm/credstores for more information.
fatal: could not read Username for 'https://github.com': terminal prompts disabled
[Fri 06/26/2026 12:26:53.24] LOI: git push that bai. 
[Fri 06/26/2026 12:26:53.28] LUONG FAST BI DUNG DO LOI 
========================================= 
[Sat 06/27/2026 12:41:08.83] BAT DAU LUONG FAST (QUET BE MAT) 
[Sat 06/27/2026 12:41:08.88] [1/3] Dang cao du lieu be mat... 
[Browser] Đang khởi tạo trình duyệt...
[Browser] Phát hiện Chrome (Windows): Version 139

[Spider] Đang cào trang 1/10: https://batdongsan.com.vn/nha-dat-ban-ha-dong
[Spider] ✅ Thành công: Tìm thấy 31 tin đăng ở trang 1.

[Spider] Đang cào trang 2/10: https://batdongsan.com.vn/nha-dat-ban-ha-dong/p2
[Spider] ✅ Thành công: Tìm thấy 31 tin đăng ở trang 2.

[Spider] Đang cào trang 3/10: https://batdongsan.com.vn/nha-dat-ban-ha-dong/p3
[Spider] ✅ Thành công: Tìm thấy 31 tin đăng ở trang 3.

[Spider] Đang cào trang 4/10: https://batdongsan.com.vn/nha-dat-ban-ha-dong/p4
[Spider] ✅ Thành công: Tìm thấy 31 tin đăng ở trang 4.

[Spider] Đang cào trang 5/10: https://batdongsan.com.vn/nha-dat-ban-ha-dong/p5
[Spider] ✅ Thành công: Tìm thấy 30 tin đăng ở trang 5.

[Spider] Đang cào trang 6/10: https://batdongsan.com.vn/nha-dat-ban-ha-dong/p6
[Spider] ✅ Thành công: Tìm thấy 31 tin đăng ở trang 6.

[Spider] Đang cào trang 7/10: https://batdongsan.com.vn/nha-dat-ban-ha-dong/p7
[Spider] ✅ Thành công: Tìm thấy 31 tin đăng ở trang 7.

[Spider] Đang cào trang 8/10: https://batdongsan.com.vn/nha-dat-ban-ha-dong/p8
[Spider] ✅ Thành công: Tìm thấy 31 tin đăng ở trang 8.

[Spider] Đang cào trang 9/10: https://batdongsan.com.vn/nha-dat-ban-ha-dong/p9
[Spider] ✅ Thành công: Tìm thấy 31 tin đăng ở trang 9.

[Spider] Đang cào trang 10/10: https://batdongsan.com.vn/nha-dat-ban-ha-dong/p10
[Spider] ✅ Thành công: Tìm thấy 31 tin đăng ở trang 10.
[Spider] Đang gộp dữ liệu mới vào file cũ (Khớp theo tên cột)...
[Spider] Đã lưu 217 dòng mới. Tổng: 54320 dòng.
[Sat 06/27/2026 12:46:18.93] [2/3] Dang lam sach va day vao PostgreSQL... 
🔍 Đang cấu hình Database với: postgres.kkwivuufxdewurmxtsto@aws-1-ap-southeast-1.pooler.supabase.com:5432/postgres
D:\Python\realtime_estimate_tracker\src\preprocessing\cleaner.py:138: UserWarning: Parsing dates in %d/%m/%Y format when dayfirst=False (the default) was specified. Pass `dayfirst=True` or specify a format to silence this warning.
  df['scraped_date'] = pd.to_datetime(df['scraped_date'], errors='coerce')
Traceback (most recent call last):
  File "C:\Users\User\AppData\Local\Programs\Python\Python310\lib\runpy.py", line 196, in _run_module_as_main
    return _run_code(code, main_globals, None,
  File "C:\Users\User\AppData\Local\Programs\Python\Python310\lib\runpy.py", line 86, in _run_code
    exec(code, run_globals)
  File "D:\Python\realtime_estimate_tracker\src\preprocessing\cleaner.py", line 223, in <module>
    process_and_save()
  File "D:\Python\realtime_estimate_tracker\src\preprocessing\cleaner.py", line 198, in process_and_save
    inspector = inspect(db.engine)
  File "D:\Python\realtime_estimate_tracker\venv_bds\lib\site-packages\sqlalchemy\inspection.py", line 147, in inspect
    raise exc.NoInspectionAvailable(
sqlalchemy.exc.NoInspectionAvailable: No inspection system is available for object of type <class 'NoneType'>
Đang đọc dữ liệu thô...
Tổng số dòng thô: 54320
🧠 Đang áp dụng NLP trích xuất Đặc trưng...
🧠 Đang áp dụng KNN Imputer...
✅ Giữ lại 6832/54320 tin hợp lệ.
❌ Lỗi kết nối Database: (psycopg2.OperationalError) connection to server at "aws-1-ap-southeast-1.pooler.supabase.com" (13.213.241.248), port 5432 failed: server closed the connection unexpectedly
	This probably means the server terminated abnormally
	before or while processing the request.

(Background on this error at: https://sqlalche.me/e/20/e3q8)
[Sat 06/27/2026 12:47:25.29] LOI: Cleaner that bai. Dung pipeline. 
[Sat 06/27/2026 12:47:25.33] LUONG FAST BI DUNG DO LOI 
========================================= 
[Sun 06/28/2026 12:00:04.07] BAT DAU LUONG FAST (QUET BE MAT) 
[Sun 06/28/2026 12:00:04.11] [1/3] Dang cao du lieu be mat... 
[Browser] Đang khởi tạo trình duyệt...
[Browser] Phát hiện Chrome (Windows): Version 139

[Spider] Đang cào trang 1/10: https://batdongsan.com.vn/nha-dat-ban-ha-dong
[Spider] ✅ Thành công: Tìm thấy 41 tin đăng ở trang 1.

[Spider] Đang cào trang 2/10: https://batdongsan.com.vn/nha-dat-ban-ha-dong/p2
[Spider] ✅ Thành công: Tìm thấy 41 tin đăng ở trang 2.

[Spider] Đang cào trang 3/10: https://batdongsan.com.vn/nha-dat-ban-ha-dong/p3
[Spider] ✅ Thành công: Tìm thấy 41 tin đăng ở trang 3.

[Spider] Đang cào trang 4/10: https://batdongsan.com.vn/nha-dat-ban-ha-dong/p4
[Spider] ✅ Thành công: Tìm thấy 41 tin đăng ở trang 4.

[Spider] Đang cào trang 5/10: https://batdongsan.com.vn/nha-dat-ban-ha-dong/p5
[Spider] ✅ Thành công: Tìm thấy 41 tin đăng ở trang 5.

[Spider] Đang cào trang 6/10: https://batdongsan.com.vn/nha-dat-ban-ha-dong/p6
[Spider] ✅ Thành công: Tìm thấy 41 tin đăng ở trang 6.

[Spider] Đang cào trang 7/10: https://batdongsan.com.vn/nha-dat-ban-ha-dong/p7
[Spider] ✅ Thành công: Tìm thấy 41 tin đăng ở trang 7.

[Spider] Đang cào trang 8/10: https://batdongsan.com.vn/nha-dat-ban-ha-dong/p8
[Spider] ✅ Thành công: Tìm thấy 41 tin đăng ở trang 8.

[Spider] Đang cào trang 9/10: https://batdongsan.com.vn/nha-dat-ban-ha-dong/p9
[Spider] ✅ Thành công: Tìm thấy 41 tin đăng ở trang 9.

[Spider] Đang cào trang 10/10: https://batdongsan.com.vn/nha-dat-ban-ha-dong/p10
[Spider] ✅ Thành công: Tìm thấy 41 tin đăng ở trang 10.
[Spider] Đang gộp dữ liệu mới vào file cũ (Khớp theo tên cột)...
[Spider] Đã lưu 263 dòng mới. Tổng: 54583 dòng.
[Sun 06/28/2026 12:04:01.75] [2/3] Dang lam sach va day vao PostgreSQL... 
🔍 Đang cấu hình Database với: postgres.kkwivuufxdewurmxtsto@aws-1-ap-southeast-1.pooler.supabase.com:5432/postgres
D:\Python\realtime_estimate_tracker\src\preprocessing\cleaner.py:138: UserWarning: Parsing dates in %d/%m/%Y format when dayfirst=False (the default) was specified. Pass `dayfirst=True` or specify a format to silence this warning.
  df['scraped_date'] = pd.to_datetime(df['scraped_date'], errors='coerce')
Đang đọc dữ liệu thô...
Tổng số dòng thô: 54583
🧠 Đang áp dụng NLP trích xuất Đặc trưng...
🧠 Đang áp dụng KNN Imputer...
✅ Giữ lại 6848/54583 tin hợp lệ.
✅ Đã kết nối thành công tới PostgreSQL.
✅ Bảng 'bds_hadong' đã có PRIMARY KEY. Bỏ qua.
Đang thực hiện Upsert dữ liệu vào PostgreSQL...
🔄 Upsert thành công 6848 bản ghi vào 'bds_hadong'.
✅ Hoàn tất Pipeline ETL.
[Sun 06/28/2026 12:04:49.02] [3/3] Dang dong bo Data len GitHub... 
[main da2df6b] Auto-update Fast Pipeline: Sun 06/28/2026 12:04:55.32
 4 files changed, 979 insertions(+), 405 deletions(-)
fatal: Unable to persist credentials with the 'wincredman' credential store.
See https://aka.ms/gcm/credstores for more information.
fatal: Unable to persist credentials with the 'wincredman' credential store.
See https://aka.ms/gcm/credstores for more information.
fatal: could not read Username for 'https://github.com': terminal prompts disabled
[Sun 06/28/2026 12:04:59.31] LOI: git push that bai. 
[Sun 06/28/2026 12:04:59.33] LUONG FAST BI DUNG DO LOI 
========================================= 
[Mon 06/29/2026 12:00:03.03] BAT DAU LUONG FAST (QUET BE MAT) 
[Mon 06/29/2026 12:00:03.05] [1/3] Dang cao du lieu be mat... 
[Browser] Đang khởi tạo trình duyệt...
[Browser] Phát hiện Chrome (Windows): Version 139

[Spider] Đang cào trang 1/10: https://batdongsan.com.vn/nha-dat-ban-ha-dong
[Spider] ✅ Thành công: Tìm thấy 30 tin đăng ở trang 1.

[Spider] Đang cào trang 2/10: https://batdongsan.com.vn/nha-dat-ban-ha-dong/p2
[Spider] ✅ Thành công: Tìm thấy 30 tin đăng ở trang 2.

[Spider] Đang cào trang 3/10: https://batdongsan.com.vn/nha-dat-ban-ha-dong/p3
[Spider] ✅ Thành công: Tìm thấy 30 tin đăng ở trang 3.

[Spider] Đang cào trang 4/10: https://batdongsan.com.vn/nha-dat-ban-ha-dong/p4
[Spider] ✅ Thành công: Tìm thấy 30 tin đăng ở trang 4.

[Spider] Đang cào trang 5/10: https://batdongsan.com.vn/nha-dat-ban-ha-dong/p5
[Spider] ✅ Thành công: Tìm thấy 30 tin đăng ở trang 5.

[Spider] Đang cào trang 6/10: https://batdongsan.com.vn/nha-dat-ban-ha-dong/p6
[Spider] ✅ Thành công: Tìm thấy 30 tin đăng ở trang 6.

[Spider] Đang cào trang 7/10: https://batdongsan.com.vn/nha-dat-ban-ha-dong/p7
[Spider] ✅ Thành công: Tìm thấy 30 tin đăng ở trang 7.

[Spider] Đang cào trang 8/10: https://batdongsan.com.vn/nha-dat-ban-ha-dong/p8
[Spider] ✅ Thành công: Tìm thấy 30 tin đăng ở trang 8.

[Spider] Đang cào trang 9/10: https://batdongsan.com.vn/nha-dat-ban-ha-dong/p9
[Spider] ✅ Thành công: Tìm thấy 30 tin đăng ở trang 9.

[Spider] Đang cào trang 10/10: https://batdongsan.com.vn/nha-dat-ban-ha-dong/p10
[Spider] ✅ Thành công: Tìm thấy 30 tin đăng ở trang 10.
[Spider] Đang gộp dữ liệu mới vào file cũ (Khớp theo tên cột)...
[Spider] Đã lưu 209 dòng mới. Tổng: 54792 dòng.
[Mon 06/29/2026 12:03:30.06] [2/3] Dang lam sach va day vao PostgreSQL... 
🔍 Đang cấu hình Database với: postgres.kkwivuufxdewurmxtsto@aws-1-ap-southeast-1.pooler.supabase.com:5432/postgres
D:\Python\realtime_estimate_tracker\src\preprocessing\cleaner.py:138: UserWarning: Parsing dates in %d/%m/%Y format when dayfirst=False (the default) was specified. Pass `dayfirst=True` or specify a format to silence this warning.
  df['scraped_date'] = pd.to_datetime(df['scraped_date'], errors='coerce')
Đang đọc dữ liệu thô...
Tổng số dòng thô: 54792
🧠 Đang áp dụng NLP trích xuất Đặc trưng...
🧠 Đang áp dụng KNN Imputer...
✅ Giữ lại 6855/54792 tin hợp lệ.
✅ Đã kết nối thành công tới PostgreSQL.
✅ Bảng 'bds_hadong' đã có PRIMARY KEY. Bỏ qua.
Đang thực hiện Upsert dữ liệu vào PostgreSQL...
🔄 Upsert thành công 6855 bản ghi vào 'bds_hadong'.
✅ Hoàn tất Pipeline ETL.
[Mon 06/29/2026 12:04:10.42] [3/3] Dang dong bo Data len GitHub... 
[main 69dea5b] Auto-update Fast Pipeline: Mon 06/29/2026 12:04:18.10
 4 files changed, 672 insertions(+), 394 deletions(-)
fatal: Unable to persist credentials with the 'wincredman' credential store.
See https://aka.ms/gcm/credstores for more information.
fatal: Unable to persist credentials with the 'wincredman' credential store.
See https://aka.ms/gcm/credstores for more information.
fatal: could not read Username for 'https://github.com': terminal prompts disabled
[Mon 06/29/2026 12:04:21.73] LOI: git push that bai. 
[Mon 06/29/2026 12:04:21.75] LUONG FAST BI DUNG DO LOI 
========================================= 
[Tue 06/30/2026 12:00:02.85] BAT DAU LUONG FAST (QUET BE MAT) 
[Tue 06/30/2026 12:00:02.87] [1/3] Dang cao du lieu be mat... 
[Browser] Đang khởi tạo trình duyệt...
[Browser] Phát hiện Chrome (Windows): Version 139

[Spider] Đang cào trang 1/10: https://batdongsan.com.vn/nha-dat-ban-ha-dong
[Spider] ✅ Thành công: Tìm thấy 40 tin đăng ở trang 1.

[Spider] Đang cào trang 2/10: https://batdongsan.com.vn/nha-dat-ban-ha-dong/p2
[Spider] ✅ Thành công: Tìm thấy 40 tin đăng ở trang 2.

[Spider] Đang cào trang 3/10: https://batdongsan.com.vn/nha-dat-ban-ha-dong/p3
[Spider] ✅ Thành công: Tìm thấy 40 tin đăng ở trang 3.

[Spider] Đang cào trang 4/10: https://batdongsan.com.vn/nha-dat-ban-ha-dong/p4
[Spider] ✅ Thành công: Tìm thấy 40 tin đăng ở trang 4.

[Spider] Đang cào trang 5/10: https://batdongsan.com.vn/nha-dat-ban-ha-dong/p5
[Spider] ✅ Thành công: Tìm thấy 40 tin đăng ở trang 5.

[Spider] Đang cào trang 6/10: https://batdongsan.com.vn/nha-dat-ban-ha-dong/p6
[Spider] ✅ Thành công: Tìm thấy 40 tin đăng ở trang 6.

[Spider] Đang cào trang 7/10: https://batdongsan.com.vn/nha-dat-ban-ha-dong/p7
[Spider] ✅ Thành công: Tìm thấy 40 tin đăng ở trang 7.

[Spider] Đang cào trang 8/10: https://batdongsan.com.vn/nha-dat-ban-ha-dong/p8
[Spider] ✅ Thành công: Tìm thấy 40 tin đăng ở trang 8.

[Spider] Đang cào trang 9/10: https://batdongsan.com.vn/nha-dat-ban-ha-dong/p9
[Spider] ✅ Thành công: Tìm thấy 40 tin đăng ở trang 9.

[Spider] Đang cào trang 10/10: https://batdongsan.com.vn/nha-dat-ban-ha-dong/p10
[Spider] ✅ Thành công: Tìm thấy 40 tin đăng ở trang 10.
[Spider] Đang gộp dữ liệu mới vào file cũ (Khớp theo tên cột)...
[Spider] Đã lưu 254 dòng mới. Tổng: 55046 dòng.
[Tue 06/30/2026 12:03:56.92] [2/3] Dang lam sach va day vao PostgreSQL... 
🔍 Đang cấu hình Database với: postgres.kkwivuufxdewurmxtsto@aws-1-ap-southeast-1.pooler.supabase.com:5432/postgres
D:\Python\realtime_estimate_tracker\src\preprocessing\cleaner.py:138: UserWarning: Parsing dates in %d/%m/%Y format when dayfirst=False (the default) was specified. Pass `dayfirst=True` or specify a format to silence this warning.
  df['scraped_date'] = pd.to_datetime(df['scraped_date'], errors='coerce')
Đang đọc dữ liệu thô...
Tổng số dòng thô: 55046
🧠 Đang áp dụng NLP trích xuất Đặc trưng...
🧠 Đang áp dụng KNN Imputer...
✅ Giữ lại 6871/55046 tin hợp lệ.
✅ Đã kết nối thành công tới PostgreSQL.
✅ Bảng 'bds_hadong' đã có PRIMARY KEY. Bỏ qua.
Đang thực hiện Upsert dữ liệu vào PostgreSQL...
🔄 Upsert thành công 6871 bản ghi vào 'bds_hadong'.
✅ Hoàn tất Pipeline ETL.
[Tue 06/30/2026 12:04:41.85] [3/3] Dang dong bo Data len GitHub... 
[main 0bac472] Auto-update Fast Pipeline: Tue 06/30/2026 12:04:49.13
 4 files changed, 706 insertions(+), 374 deletions(-)
fatal: Unable to persist credentials with the 'wincredman' credential store.
See https://aka.ms/gcm/credstores for more information.
fatal: Unable to persist credentials with the 'wincredman' credential store.
See https://aka.ms/gcm/credstores for more information.
fatal: could not read Username for 'https://github.com': terminal prompts disabled
[Tue 06/30/2026 12:04:52.98] LOI: git push that bai. 
[Tue 06/30/2026 12:04:52.99] LUONG FAST BI DUNG DO LOI 
========================================= 
[Wed 07/01/2026 12:00:06.77] BAT DAU LUONG FAST (QUET BE MAT) 
[Wed 07/01/2026 12:00:06.79] [1/3] Dang cao du lieu be mat... 
[Browser] Đang khởi tạo trình duyệt...
[Browser] Phát hiện Chrome (Windows): Version 139

[Spider] Đang cào trang 1/10: https://batdongsan.com.vn/nha-dat-ban-ha-dong
[Spider] ✅ Thành công: Tìm thấy 41 tin đăng ở trang 1.

[Spider] Đang cào trang 2/10: https://batdongsan.com.vn/nha-dat-ban-ha-dong/p2
[Spider] ✅ Thành công: Tìm thấy 41 tin đăng ở trang 2.

[Spider] Đang cào trang 3/10: https://batdongsan.com.vn/nha-dat-ban-ha-dong/p3
[Spider] ✅ Thành công: Tìm thấy 41 tin đăng ở trang 3.

[Spider] Đang cào trang 4/10: https://batdongsan.com.vn/nha-dat-ban-ha-dong/p4
[Spider] ✅ Thành công: Tìm thấy 41 tin đăng ở trang 4.

[Spider] Đang cào trang 5/10: https://batdongsan.com.vn/nha-dat-ban-ha-dong/p5
[Spider] ✅ Thành công: Tìm thấy 41 tin đăng ở trang 5.

[Spider] Đang cào trang 6/10: https://batdongsan.com.vn/nha-dat-ban-ha-dong/p6
[Spider] ✅ Thành công: Tìm thấy 41 tin đăng ở trang 6.

[Spider] Đang cào trang 7/10: https://batdongsan.com.vn/nha-dat-ban-ha-dong/p7
[Spider] ✅ Thành công: Tìm thấy 41 tin đăng ở trang 7.

[Spider] Đang cào trang 8/10: https://batdongsan.com.vn/nha-dat-ban-ha-dong/p8
[Spider] ✅ Thành công: Tìm thấy 41 tin đăng ở trang 8.

[Spider] Đang cào trang 9/10: https://batdongsan.com.vn/nha-dat-ban-ha-dong/p9
[Spider] ✅ Thành công: Tìm thấy 41 tin đăng ở trang 9.

[Spider] Đang cào trang 10/10: https://batdongsan.com.vn/nha-dat-ban-ha-dong/p10
[Spider] ✅ Thành công: Tìm thấy 41 tin đăng ở trang 10.
[Spider] Đang gộp dữ liệu mới vào file cũ (Khớp theo tên cột)...
[Spider] Đã lưu 263 dòng mới. Tổng: 55309 dòng.
[Wed 07/01/2026 12:04:45.12] [2/3] Dang lam sach va day vao PostgreSQL... 
🔍 Đang cấu hình Database với: postgres.kkwivuufxdewurmxtsto@aws-1-ap-southeast-1.pooler.supabase.com:5432/postgres
D:\Python\realtime_estimate_tracker\src\preprocessing\cleaner.py:138: UserWarning: Parsing dates in %d/%m/%Y format when dayfirst=False (the default) was specified. Pass `dayfirst=True` or specify a format to silence this warning.
  df['scraped_date'] = pd.to_datetime(df['scraped_date'], errors='coerce')
Đang đọc dữ liệu thô...
Tổng số dòng thô: 55309
🧠 Đang áp dụng NLP trích xuất Đặc trưng...
🧠 Đang áp dụng KNN Imputer...
✅ Giữ lại 6888/55309 tin hợp lệ.
✅ Đã kết nối thành công tới PostgreSQL.
✅ Bảng 'bds_hadong' đã có PRIMARY KEY. Bỏ qua.
Đang thực hiện Upsert dữ liệu vào PostgreSQL...
🔄 Upsert thành công 6888 bản ghi vào 'bds_hadong'.
✅ Hoàn tất Pipeline ETL.
[Wed 07/01/2026 12:05:31.92] [3/3] Dang dong bo Data len GitHub... 
[main b82e50f] Auto-update Fast Pipeline: Wed 07/01/2026 12:05:39.46
 4 files changed, 762 insertions(+), 417 deletions(-)
fatal: Unable to persist credentials with the 'wincredman' credential store.
See https://aka.ms/gcm/credstores for more information.
fatal: Unable to persist credentials with the 'wincredman' credential store.
See https://aka.ms/gcm/credstores for more information.
fatal: could not read Username for 'https://github.com': terminal prompts disabled
[Wed 07/01/2026 12:05:43.57] LOI: git push that bai. 
[Wed 07/01/2026 12:05:43.59] LUONG FAST BI DUNG DO LOI 
========================================= 
[Thu 07/02/2026 12:56:13.80] BAT DAU LUONG FAST (QUET BE MAT) 
[Thu 07/02/2026 12:56:13.81] [1/3] Dang cao du lieu be mat... 
[Browser] Đang khởi tạo trình duyệt...
[Browser] Phát hiện Chrome (Windows): Version 139

[Spider] Đang cào trang 1/10: https://batdongsan.com.vn/nha-dat-ban-ha-dong
[Spider] ✅ Thành công: Tìm thấy 41 tin đăng ở trang 1.

[Spider] Đang cào trang 2/10: https://batdongsan.com.vn/nha-dat-ban-ha-dong/p2
[Spider] ✅ Thành công: Tìm thấy 31 tin đăng ở trang 2.

[Spider] Đang cào trang 3/10: https://batdongsan.com.vn/nha-dat-ban-ha-dong/p3
[Spider] ✅ Thành công: Tìm thấy 41 tin đăng ở trang 3.

[Spider] Đang cào trang 4/10: https://batdongsan.com.vn/nha-dat-ban-ha-dong/p4
[Spider] ✅ Thành công: Tìm thấy 41 tin đăng ở trang 4.

[Spider] Đang cào trang 5/10: https://batdongsan.com.vn/nha-dat-ban-ha-dong/p5
[Spider] ✅ Thành công: Tìm thấy 41 tin đăng ở trang 5.

[Spider] Đang cào trang 6/10: https://batdongsan.com.vn/nha-dat-ban-ha-dong/p6
[Spider] ✅ Thành công: Tìm thấy 41 tin đăng ở trang 6.

[Spider] Đang cào trang 7/10: https://batdongsan.com.vn/nha-dat-ban-ha-dong/p7
[Spider] ✅ Thành công: Tìm thấy 41 tin đăng ở trang 7.

[Spider] Đang cào trang 8/10: https://batdongsan.com.vn/nha-dat-ban-ha-dong/p8
[Spider] ✅ Thành công: Tìm thấy 41 tin đăng ở trang 8.

[Spider] Đang cào trang 9/10: https://batdongsan.com.vn/nha-dat-ban-ha-dong/p9
[Spider] ✅ Thành công: Tìm thấy 41 tin đăng ở trang 9.

[Spider] Đang cào trang 10/10: https://batdongsan.com.vn/nha-dat-ban-ha-dong/p10
[Spider] ✅ Thành công: Tìm thấy 41 tin đăng ở trang 10.
[Spider] Đang gộp dữ liệu mới vào file cũ (Khớp theo tên cột)...
[Spider] Đã lưu 258 dòng mới. Tổng: 55567 dòng.
[Thu 07/02/2026 13:00:46.71] [2/3] Dang lam sach va day vao PostgreSQL... 
🔍 Đang cấu hình Database với: postgres.kkwivuufxdewurmxtsto@aws-1-ap-southeast-1.pooler.supabase.com:5432/postgres
D:\Python\realtime_estimate_tracker\src\preprocessing\cleaner.py:138: UserWarning: Parsing dates in %d/%m/%Y format when dayfirst=False (the default) was specified. Pass `dayfirst=True` or specify a format to silence this warning.
  df['scraped_date'] = pd.to_datetime(df['scraped_date'], errors='coerce')
Đang đọc dữ liệu thô...
Tổng số dòng thô: 55567
🧠 Đang áp dụng NLP trích xuất Đặc trưng...
🧠 Đang áp dụng KNN Imputer...
✅ Giữ lại 6896/55567 tin hợp lệ.
✅ Đã kết nối thành công tới PostgreSQL.
✅ Bảng 'bds_hadong' đã có PRIMARY KEY. Bỏ qua.
Đang thực hiện Upsert dữ liệu vào PostgreSQL...
🔄 Upsert thành công 6896 bản ghi vào 'bds_hadong'.
✅ Hoàn tất Pipeline ETL.
[Thu 07/02/2026 13:02:46.94] [3/3] Dang dong bo Data len GitHub... 
[main ad15846] Auto-update Fast Pipeline: Thu 07/02/2026 13:02:55.43
 4 files changed, 750 insertions(+), 419 deletions(-)
fatal: Unable to persist credentials with the 'wincredman' credential store.
See https://aka.ms/gcm/credstores for more information.
fatal: Unable to persist credentials with the 'wincredman' credential store.
See https://aka.ms/gcm/credstores for more information.
fatal: could not read Username for 'https://github.com': terminal prompts disabled
[Thu 07/02/2026 13:03:06.93] LOI: git push that bai. 
[Thu 07/02/2026 13:03:06.95] LUONG FAST BI DUNG DO LOI 
========================================= 
[Fri 07/03/2026 15:13:13.23] BAT DAU LUONG FAST (QUET BE MAT) 
[Fri 07/03/2026 15:13:13.33] [1/3] Dang cao du lieu be mat... 
[Browser] Đang khởi tạo trình duyệt...
[Browser] Phát hiện Chrome (Windows): Version 139

[Spider] Đang cào trang 1/10: https://batdongsan.com.vn/nha-dat-ban-ha-dong
[Spider] ✅ Thành công: Tìm thấy 30 tin đăng ở trang 1.

[Spider] Đang cào trang 2/10: https://batdongsan.com.vn/nha-dat-ban-ha-dong/p2
[Spider] ✅ Thành công: Tìm thấy 31 tin đăng ở trang 2.

[Spider] Đang cào trang 3/10: https://batdongsan.com.vn/nha-dat-ban-ha-dong/p3
[Spider] ✅ Thành công: Tìm thấy 31 tin đăng ở trang 3.

[Spider] Đang cào trang 4/10: https://batdongsan.com.vn/nha-dat-ban-ha-dong/p4
[Spider] ✅ Thành công: Tìm thấy 31 tin đăng ở trang 4.

[Spider] Đang cào trang 5/10: https://batdongsan.com.vn/nha-dat-ban-ha-dong/p5
[Spider] ✅ Thành công: Tìm thấy 31 tin đăng ở trang 5.

[Spider] Đang cào trang 6/10: https://batdongsan.com.vn/nha-dat-ban-ha-dong/p6
[Spider] ✅ Thành công: Tìm thấy 31 tin đăng ở trang 6.

[Spider] Đang cào trang 7/10: https://batdongsan.com.vn/nha-dat-ban-ha-dong/p7
[Spider] ✅ Thành công: Tìm thấy 31 tin đăng ở trang 7.

[Spider] Đang cào trang 8/10: https://batdongsan.com.vn/nha-dat-ban-ha-dong/p8
[Spider] ✅ Thành công: Tìm thấy 31 tin đăng ở trang 8.

[Spider] Đang cào trang 9/10: https://batdongsan.com.vn/nha-dat-ban-ha-dong/p9
[Spider] ✅ Thành công: Tìm thấy 31 tin đăng ở trang 9.

[Spider] Đang cào trang 10/10: https://batdongsan.com.vn/nha-dat-ban-ha-dong/p10
[Spider] ✅ Thành công: Tìm thấy 31 tin đăng ở trang 10.
[Spider] Đang gộp dữ liệu mới vào file cũ (Khớp theo tên cột)...
[Spider] Đã lưu 239 dòng mới. Tổng: 55806 dòng.
[Fri 07/03/2026 15:16:56.43] [2/3] Dang lam sach va day vao PostgreSQL... 
🔍 Đang cấu hình Database với: postgres.kkwivuufxdewurmxtsto@aws-1-ap-southeast-1.pooler.supabase.com:5432/postgres
D:\Python\realtime_estimate_tracker\src\preprocessing\cleaner.py:138: UserWarning: Parsing dates in %d/%m/%Y format when dayfirst=False (the default) was specified. Pass `dayfirst=True` or specify a format to silence this warning.
  df['scraped_date'] = pd.to_datetime(df['scraped_date'], errors='coerce')
Đang đọc dữ liệu thô...
Tổng số dòng thô: 55806
🧠 Đang áp dụng NLP trích xuất Đặc trưng...
🧠 Đang áp dụng KNN Imputer...
✅ Giữ lại 6921/55806 tin hợp lệ.
✅ Đã kết nối thành công tới PostgreSQL.
✅ Bảng 'bds_hadong' đã có PRIMARY KEY. Bỏ qua.
Đang thực hiện Upsert dữ liệu vào PostgreSQL...
🔄 Upsert thành công 6921 bản ghi vào 'bds_hadong'.
✅ Hoàn tất Pipeline ETL.
[Fri 07/03/2026 15:17:56.25] [3/3] Dang dong bo Data len GitHub... 
[main d22c3a1] Auto-update Fast Pipeline: Fri 07/03/2026 15:18:04.35
 4 files changed, 839 insertions(+), 509 deletions(-)
fatal: Unable to persist credentials with the 'wincredman' credential store.
See https://aka.ms/gcm/credstores for more information.
fatal: Unable to persist credentials with the 'wincredman' credential store.
See https://aka.ms/gcm/credstores for more information.
fatal: could not read Username for 'https://github.com': terminal prompts disabled
[Fri 07/03/2026 15:18:09.81] LOI: git push that bai. 
[Fri 07/03/2026 15:18:09.84] LUONG FAST BI DUNG DO LOI 
========================================= 
[Sun 07/05/2026 10:54:44.04] BAT DAU LUONG FAST (QUET BE MAT) 
[Sun 07/05/2026 10:54:44.09] [1/3] Dang cao du lieu be mat... 
[Browser] Đang khởi tạo trình duyệt...
[Browser] Phát hiện Chrome (Windows): Version 139

[Spider] Đang cào trang 1/10: https://batdongsan.com.vn/nha-dat-ban-ha-dong
[Spider] ✅ Thành công: Tìm thấy 40 tin đăng ở trang 1.

[Spider] Đang cào trang 2/10: https://batdongsan.com.vn/nha-dat-ban-ha-dong/p2
[Spider] ✅ Thành công: Tìm thấy 40 tin đăng ở trang 2.

[Spider] Đang cào trang 3/10: https://batdongsan.com.vn/nha-dat-ban-ha-dong/p3
[Spider] ✅ Thành công: Tìm thấy 40 tin đăng ở trang 3.

[Spider] Đang cào trang 4/10: https://batdongsan.com.vn/nha-dat-ban-ha-dong/p4
[Spider] ✅ Thành công: Tìm thấy 40 tin đăng ở trang 4.

[Spider] Đang cào trang 5/10: https://batdongsan.com.vn/nha-dat-ban-ha-dong/p5
[Spider] ✅ Thành công: Tìm thấy 40 tin đăng ở trang 5.

[Spider] Đang cào trang 6/10: https://batdongsan.com.vn/nha-dat-ban-ha-dong/p6
[Spider] ✅ Thành công: Tìm thấy 40 tin đăng ở trang 6.

[Spider] Đang cào trang 7/10: https://batdongsan.com.vn/nha-dat-ban-ha-dong/p7
[Spider] ✅ Thành công: Tìm thấy 40 tin đăng ở trang 7.

[Spider] Đang cào trang 8/10: https://batdongsan.com.vn/nha-dat-ban-ha-dong/p8
[Spider] ✅ Thành công: Tìm thấy 40 tin đăng ở trang 8.

[Spider] Đang cào trang 9/10: https://batdongsan.com.vn/nha-dat-ban-ha-dong/p9
[Spider] ✅ Thành công: Tìm thấy 40 tin đăng ở trang 9.

[Spider] Đang cào trang 10/10: https://batdongsan.com.vn/nha-dat-ban-ha-dong/p10
[Spider] ✅ Thành công: Tìm thấy 40 tin đăng ở trang 10.
[Spider] Đang gộp dữ liệu mới vào file cũ (Khớp theo tên cột)...
[Spider] Đã lưu 280 dòng mới. Tổng: 56086 dòng.
[Sun 07/05/2026 10:59:34.65] [2/3] Dang lam sach va day vao PostgreSQL... 
🔍 Đang cấu hình Database với: postgres.kkwivuufxdewurmxtsto@aws-1-ap-southeast-1.pooler.supabase.com:5432/postgres
D:\Python\realtime_estimate_tracker\src\preprocessing\cleaner.py:138: UserWarning: Parsing dates in %d/%m/%Y format when dayfirst=False (the default) was specified. Pass `dayfirst=True` or specify a format to silence this warning.
  df['scraped_date'] = pd.to_datetime(df['scraped_date'], errors='coerce')
Đang đọc dữ liệu thô...
Tổng số dòng thô: 56086
🧠 Đang áp dụng NLP trích xuất Đặc trưng...
🧠 Đang áp dụng KNN Imputer...
✅ Giữ lại 6935/56086 tin hợp lệ.
✅ Đã kết nối thành công tới PostgreSQL.
✅ Bảng 'bds_hadong' đã có PRIMARY KEY. Bỏ qua.
Đang thực hiện Upsert dữ liệu vào PostgreSQL...
🔄 Upsert thành công 6935 bản ghi vào 'bds_hadong'.
✅ Hoàn tất Pipeline ETL.
[Sun 07/05/2026 11:00:09.72] [3/3] Dang dong bo Data len GitHub... 
[main d62a295] Auto-update Fast Pipeline: Sun 07/05/2026 11:00:18.20
 4 files changed, 774 insertions(+), 396 deletions(-)
fatal: Unable to persist credentials with the 'wincredman' credential store.
See https://aka.ms/gcm/credstores for more information.
fatal: Unable to persist credentials with the 'wincredman' credential store.
See https://aka.ms/gcm/credstores for more information.
fatal: could not read Username for 'https://github.com': terminal prompts disabled
[Sun 07/05/2026 11:00:23.77] LOI: git push that bai. 
[Sun 07/05/2026 11:00:23.81] LUONG FAST BI DUNG DO LOI 
========================================= 
[Sun 07/05/2026 14:24:07.65] BAT DAU LUONG FAST (QUET BE MAT) 
[Sun 07/05/2026 14:24:07.68] [1/3] Dang cao du lieu be mat... 
[Browser] Đang khởi tạo trình duyệt...
[Browser] Phát hiện Chrome (Windows): Version 139

[Spider] Đang cào trang 1/10: https://batdongsan.com.vn/nha-dat-ban-ha-dong
[Spider] ✅ Thành công: Tìm thấy 41 tin đăng ở trang 1.

[Spider] Đang cào trang 2/10: https://batdongsan.com.vn/nha-dat-ban-ha-dong/p2
[Spider] ✅ Thành công: Tìm thấy 41 tin đăng ở trang 2.

[Spider] Đang cào trang 3/10: https://batdongsan.com.vn/nha-dat-ban-ha-dong/p3
[Spider] ✅ Thành công: Tìm thấy 41 tin đăng ở trang 3.

[Spider] Đang cào trang 4/10: https://batdongsan.com.vn/nha-dat-ban-ha-dong/p4
[Spider] ✅ Thành công: Tìm thấy 41 tin đăng ở trang 4.

[Spider] Đang cào trang 5/10: https://batdongsan.com.vn/nha-dat-ban-ha-dong/p5
[Spider] ✅ Thành công: Tìm thấy 41 tin đăng ở trang 5.

[Spider] Đang cào trang 6/10: https://batdongsan.com.vn/nha-dat-ban-ha-dong/p6
[Spider] ✅ Thành công: Tìm thấy 41 tin đăng ở trang 6.

[Spider] Đang cào trang 7/10: https://batdongsan.com.vn/nha-dat-ban-ha-dong/p7
[Spider] ✅ Thành công: Tìm thấy 41 tin đăng ở trang 7.

[Spider] Đang cào trang 8/10: https://batdongsan.com.vn/nha-dat-ban-ha-dong/p8
[Spider] ✅ Thành công: Tìm thấy 41 tin đăng ở trang 8.

[Spider] Đang cào trang 9/10: https://batdongsan.com.vn/nha-dat-ban-ha-dong/p9
[Spider] ✅ Thành công: Tìm thấy 41 tin đăng ở trang 9.

[Spider] Đang cào trang 10/10: https://batdongsan.com.vn/nha-dat-ban-ha-dong/p10
[Spider] ✅ Thành công: Tìm thấy 41 tin đăng ở trang 10.
[Spider] Đang gộp dữ liệu mới vào file cũ (Khớp theo tên cột)...
[Spider] Đã lưu 290 dòng mới. Tổng: 56376 dòng.
[Sun 07/05/2026 14:28:12.15] [2/3] Dang lam sach va day vao PostgreSQL... 
🔍 Đang cấu hình Database với: postgres.kkwivuufxdewurmxtsto@aws-1-ap-southeast-1.pooler.supabase.com:5432/postgres
D:\Python\realtime_estimate_tracker\src\preprocessing\cleaner.py:138: UserWarning: Parsing dates in %d/%m/%Y format when dayfirst=False (the default) was specified. Pass `dayfirst=True` or specify a format to silence this warning.
  df['scraped_date'] = pd.to_datetime(df['scraped_date'], errors='coerce')
Đang đọc dữ liệu thô...
Tổng số dòng thô: 56376
🧠 Đang áp dụng NLP trích xuất Đặc trưng...
🧠 Đang áp dụng KNN Imputer...
✅ Giữ lại 6935/56376 tin hợp lệ.
✅ Đã kết nối thành công tới PostgreSQL.
✅ Bảng 'bds_hadong' đã có PRIMARY KEY. Bỏ qua.
Đang thực hiện Upsert dữ liệu vào PostgreSQL...
🔄 Upsert thành công 6935 bản ghi vào 'bds_hadong'.
✅ Hoàn tất Pipeline ETL.
[Sun 07/05/2026 14:29:07.00] [3/3] Dang dong bo Data len GitHub... 
[main 8451fa0] Auto-update Fast Pipeline: Sun 07/05/2026 14:29:15.22
 4 files changed, 504 insertions(+), 149 deletions(-)
fatal: Unable to persist credentials with the 'wincredman' credential store.
See https://aka.ms/gcm/credstores for more information.
fatal: Unable to persist credentials with the 'wincredman' credential store.
See https://aka.ms/gcm/credstores for more information.
fatal: could not read Username for 'https://github.com': terminal prompts disabled
[Sun 07/05/2026 14:29:19.08] LOI: git push that bai. 
[Sun 07/05/2026 14:29:19.10] LUONG FAST BI DUNG DO LOI 
========================================= 
[Mon 07/06/2026 12:00:03.01] BAT DAU LUONG FAST (QUET BE MAT) 
[Mon 07/06/2026 12:00:03.02] [1/3] Dang cao du lieu be mat... 
[Browser] Đang khởi tạo trình duyệt...
[Browser] Phát hiện Chrome (Windows): Version 139

[Spider] Đang cào trang 1/10: https://batdongsan.com.vn/nha-dat-ban-ha-dong
[Spider] ✅ Thành công: Tìm thấy 41 tin đăng ở trang 1.

[Spider] Đang cào trang 2/10: https://batdongsan.com.vn/nha-dat-ban-ha-dong/p2
[Spider] ✅ Thành công: Tìm thấy 41 tin đăng ở trang 2.

[Spider] Đang cào trang 3/10: https://batdongsan.com.vn/nha-dat-ban-ha-dong/p3
[Spider] ✅ Thành công: Tìm thấy 41 tin đăng ở trang 3.

[Spider] Đang cào trang 4/10: https://batdongsan.com.vn/nha-dat-ban-ha-dong/p4
[Spider] ✅ Thành công: Tìm thấy 41 tin đăng ở trang 4.

[Spider] Đang cào trang 5/10: https://batdongsan.com.vn/nha-dat-ban-ha-dong/p5
[Spider] ✅ Thành công: Tìm thấy 41 tin đăng ở trang 5.

[Spider] Đang cào trang 6/10: https://batdongsan.com.vn/nha-dat-ban-ha-dong/p6
[Spider] ✅ Thành công: Tìm thấy 41 tin đăng ở trang 6.

[Spider] Đang cào trang 7/10: https://batdongsan.com.vn/nha-dat-ban-ha-dong/p7
[Spider] ✅ Thành công: Tìm thấy 41 tin đăng ở trang 7.

[Spider] Đang cào trang 8/10: https://batdongsan.com.vn/nha-dat-ban-ha-dong/p8
[Spider] ✅ Thành công: Tìm thấy 41 tin đăng ở trang 8.

[Spider] Đang cào trang 9/10: https://batdongsan.com.vn/nha-dat-ban-ha-dong/p9
[Spider] ✅ Thành công: Tìm thấy 41 tin đăng ở trang 9.

[Spider] Đang cào trang 10/10: https://batdongsan.com.vn/nha-dat-ban-ha-dong/p10
[Spider] ✅ Thành công: Tìm thấy 41 tin đăng ở trang 10.
[Spider] Đang gộp dữ liệu mới vào file cũ (Khớp theo tên cột)...
[Spider] Đã lưu 290 dòng mới. Tổng: 56666 dòng.
[Mon 07/06/2026 12:04:02.20] [2/3] Dang lam sach va day vao PostgreSQL... 
🔍 Đang cấu hình Database với: postgres.kkwivuufxdewurmxtsto@aws-1-ap-southeast-1.pooler.supabase.com:5432/postgres
D:\Python\realtime_estimate_tracker\src\preprocessing\cleaner.py:138: UserWarning: Parsing dates in %d/%m/%Y format when dayfirst=False (the default) was specified. Pass `dayfirst=True` or specify a format to silence this warning.
  df['scraped_date'] = pd.to_datetime(df['scraped_date'], errors='coerce')
Đang đọc dữ liệu thô...
Tổng số dòng thô: 56666
🧠 Đang áp dụng NLP trích xuất Đặc trưng...
🧠 Đang áp dụng KNN Imputer...
✅ Giữ lại 6941/56666 tin hợp lệ.
✅ Đã kết nối thành công tới PostgreSQL.
✅ Bảng 'bds_hadong' đã có PRIMARY KEY. Bỏ qua.
Đang thực hiện Upsert dữ liệu vào PostgreSQL...
🔄 Upsert thành công 6941 bản ghi vào 'bds_hadong'.
✅ Hoàn tất Pipeline ETL.
[Mon 07/06/2026 12:04:50.02] [3/3] Dang dong bo Data len GitHub... 
[main a446edc] Auto-update Fast Pipeline: Mon 07/06/2026 12:04:57.90
 4 files changed, 813 insertions(+), 450 deletions(-)
fatal: Unable to persist credentials with the 'wincredman' credential store.
See https://aka.ms/gcm/credstores for more information.
fatal: Unable to persist credentials with the 'wincredman' credential store.
See https://aka.ms/gcm/credstores for more information.
fatal: could not read Username for 'https://github.com': terminal prompts disabled
[Mon 07/06/2026 12:05:01.84] LOI: git push that bai. 
[Mon 07/06/2026 12:05:01.86] LUONG FAST BI DUNG DO LOI 
========================================= 
[Tue 07/07/2026 12:00:02.44] BAT DAU LUONG FAST (QUET BE MAT) 
[Tue 07/07/2026 12:00:02.46] [1/3] Dang cao du lieu be mat... 
[Browser] Đang khởi tạo trình duyệt...
[Browser] Phát hiện Chrome (Windows): Version 139

[Spider] Đang cào trang 1/10: https://batdongsan.com.vn/nha-dat-ban-ha-dong
[Spider] ✅ Thành công: Tìm thấy 41 tin đăng ở trang 1.

[Spider] Đang cào trang 2/10: https://batdongsan.com.vn/nha-dat-ban-ha-dong/p2
[Spider] ✅ Thành công: Tìm thấy 41 tin đăng ở trang 2.

[Spider] Đang cào trang 3/10: https://batdongsan.com.vn/nha-dat-ban-ha-dong/p3
[Spider] ✅ Thành công: Tìm thấy 41 tin đăng ở trang 3.

[Spider] Đang cào trang 4/10: https://batdongsan.com.vn/nha-dat-ban-ha-dong/p4
[Spider] ✅ Thành công: Tìm thấy 41 tin đăng ở trang 4.

[Spider] Đang cào trang 5/10: https://batdongsan.com.vn/nha-dat-ban-ha-dong/p5
[Spider] ✅ Thành công: Tìm thấy 41 tin đăng ở trang 5.

[Spider] Đang cào trang 6/10: https://batdongsan.com.vn/nha-dat-ban-ha-dong/p6
[Spider] ✅ Thành công: Tìm thấy 41 tin đăng ở trang 6.

[Spider] Đang cào trang 7/10: https://batdongsan.com.vn/nha-dat-ban-ha-dong/p7
[Spider] ✅ Thành công: Tìm thấy 41 tin đăng ở trang 7.

[Spider] Đang cào trang 8/10: https://batdongsan.com.vn/nha-dat-ban-ha-dong/p8
[Spider] ✅ Thành công: Tìm thấy 41 tin đăng ở trang 8.

[Spider] Đang cào trang 9/10: https://batdongsan.com.vn/nha-dat-ban-ha-dong/p9
[Spider] ✅ Thành công: Tìm thấy 41 tin đăng ở trang 9.

[Spider] Đang cào trang 10/10: https://batdongsan.com.vn/nha-dat-ban-ha-dong/p10
[Spider] ✅ Thành công: Tìm thấy 41 tin đăng ở trang 10.
[Spider] Đang gộp dữ liệu mới vào file cũ (Khớp theo tên cột)...
[Spider] Đã lưu 290 dòng mới. Tổng: 56956 dòng.
[Tue 07/07/2026 12:04:16.79] [2/3] Dang lam sach va day vao PostgreSQL... 
🔍 Đang cấu hình Database với: postgres.kkwivuufxdewurmxtsto@aws-1-ap-southeast-1.pooler.supabase.com:5432/postgres
D:\Python\realtime_estimate_tracker\src\preprocessing\cleaner.py:138: UserWarning: Parsing dates in %d/%m/%Y format when dayfirst=False (the default) was specified. Pass `dayfirst=True` or specify a format to silence this warning.
  df['scraped_date'] = pd.to_datetime(df['scraped_date'], errors='coerce')
Đang đọc dữ liệu thô...
Tổng số dòng thô: 56956
🧠 Đang áp dụng NLP trích xuất Đặc trưng...
🧠 Đang áp dụng KNN Imputer...
✅ Giữ lại 6955/56956 tin hợp lệ.
✅ Đã kết nối thành công tới PostgreSQL.
✅ Bảng 'bds_hadong' đã có PRIMARY KEY. Bỏ qua.
Đang thực hiện Upsert dữ liệu vào PostgreSQL...
🔄 Upsert thành công 6955 bản ghi vào 'bds_hadong'.
✅ Hoàn tất Pipeline ETL.
[Tue 07/07/2026 12:05:12.15] [3/3] Dang dong bo Data len GitHub... 
[main 31b5583] Auto-update Fast Pipeline: Tue 07/07/2026 12:05:20.68
 4 files changed, 818 insertions(+), 447 deletions(-)
fatal: Unable to persist credentials with the 'wincredman' credential store.
See https://aka.ms/gcm/credstores for more information.
fatal: Unable to persist credentials with the 'wincredman' credential store.
See https://aka.ms/gcm/credstores for more information.
fatal: could not read Username for 'https://github.com': terminal prompts disabled
[Tue 07/07/2026 12:05:25.27] LOI: git push that bai. 
[Tue 07/07/2026 12:05:25.29] LUONG FAST BI DUNG DO LOI 
========================================= 
[Wed 07/08/2026 13:49:50.77] BAT DAU LUONG FAST (QUET BE MAT) 
[Wed 07/08/2026 13:49:50.79] [1/3] Dang cao du lieu be mat... 
[Browser] Đang khởi tạo trình duyệt...
[Browser] Phát hiện Chrome (Windows): Version 139

[Spider] Đang cào trang 1/10: https://batdongsan.com.vn/nha-dat-ban-ha-dong
[Spider] ✅ Thành công: Tìm thấy 41 tin đăng ở trang 1.

[Spider] Đang cào trang 2/10: https://batdongsan.com.vn/nha-dat-ban-ha-dong/p2
[Spider] ✅ Thành công: Tìm thấy 41 tin đăng ở trang 2.

[Spider] Đang cào trang 3/10: https://batdongsan.com.vn/nha-dat-ban-ha-dong/p3
[Spider] ✅ Thành công: Tìm thấy 41 tin đăng ở trang 3.

[Spider] Đang cào trang 4/10: https://batdongsan.com.vn/nha-dat-ban-ha-dong/p4
[Spider] ✅ Thành công: Tìm thấy 41 tin đăng ở trang 4.

[Spider] Đang cào trang 5/10: https://batdongsan.com.vn/nha-dat-ban-ha-dong/p5
[Spider] ✅ Thành công: Tìm thấy 41 tin đăng ở trang 5.

[Spider] Đang cào trang 6/10: https://batdongsan.com.vn/nha-dat-ban-ha-dong/p6
[Spider] ✅ Thành công: Tìm thấy 41 tin đăng ở trang 6.

[Spider] Đang cào trang 7/10: https://batdongsan.com.vn/nha-dat-ban-ha-dong/p7
[Spider] ✅ Thành công: Tìm thấy 41 tin đăng ở trang 7.

[Spider] Đang cào trang 8/10: https://batdongsan.com.vn/nha-dat-ban-ha-dong/p8
[Spider] ✅ Thành công: Tìm thấy 41 tin đăng ở trang 8.

[Spider] Đang cào trang 9/10: https://batdongsan.com.vn/nha-dat-ban-ha-dong/p9
[Spider] ✅ Thành công: Tìm thấy 41 tin đăng ở trang 9.

[Spider] Đang cào trang 10/10: https://batdongsan.com.vn/nha-dat-ban-ha-dong/p10
[Spider] ✅ Thành công: Tìm thấy 41 tin đăng ở trang 10.
[Spider] Đang gộp dữ liệu mới vào file cũ (Khớp theo tên cột)...
[Spider] Đã lưu 290 dòng mới. Tổng: 57246 dòng.
[Wed 07/08/2026 13:53:57.99] [2/3] Dang lam sach va day vao PostgreSQL... 
🔍 Đang cấu hình Database với: postgres.kkwivuufxdewurmxtsto@aws-1-ap-southeast-1.pooler.supabase.com:5432/postgres
D:\Python\realtime_estimate_tracker\src\preprocessing\cleaner.py:138: UserWarning: Parsing dates in %d/%m/%Y format when dayfirst=False (the default) was specified. Pass `dayfirst=True` or specify a format to silence this warning.
  df['scraped_date'] = pd.to_datetime(df['scraped_date'], errors='coerce')
Đang đọc dữ liệu thô...
Tổng số dòng thô: 57246
🧠 Đang áp dụng NLP trích xuất Đặc trưng...
🧠 Đang áp dụng KNN Imputer...
✅ Giữ lại 6964/57246 tin hợp lệ.
✅ Đã kết nối thành công tới PostgreSQL.
✅ Bảng 'bds_hadong' đã có PRIMARY KEY. Bỏ qua.
Đang thực hiện Upsert dữ liệu vào PostgreSQL...
🔄 Upsert thành công 6964 bản ghi vào 'bds_hadong'.
✅ Hoàn tất Pipeline ETL.
[Wed 07/08/2026 13:54:49.77] [3/3] Dang dong bo Data len GitHub... 
[main c7f7396] Auto-update Fast Pipeline: Wed 07/08/2026 13:54:57.89
 4 files changed, 821 insertions(+), 455 deletions(-)
fatal: Unable to persist credentials with the 'wincredman' credential store.
See https://aka.ms/gcm/credstores for more information.
fatal: Unable to persist credentials with the 'wincredman' credential store.
See https://aka.ms/gcm/credstores for more information.
fatal: could not read Username for 'https://github.com': terminal prompts disabled
[Wed 07/08/2026 13:55:02.37] LOI: git push that bai. 
[Wed 07/08/2026 13:55:02.39] LUONG FAST BI DUNG DO LOI 
========================================= 
[Thu 07/09/2026 12:00:02.49] BAT DAU LUONG FAST (QUET BE MAT) 
[Thu 07/09/2026 12:00:02.51] [1/3] Dang cao du lieu be mat... 
[Browser] Đang khởi tạo trình duyệt...
[Browser] Phát hiện Chrome (Windows): Version 139

[Spider] Đang cào trang 1/10: https://batdongsan.com.vn/nha-dat-ban-ha-dong
[Spider] ✅ Thành công: Tìm thấy 41 tin đăng ở trang 1.

[Spider] Đang cào trang 2/10: https://batdongsan.com.vn/nha-dat-ban-ha-dong/p2
[Spider] ✅ Thành công: Tìm thấy 41 tin đăng ở trang 2.

[Spider] Đang cào trang 3/10: https://batdongsan.com.vn/nha-dat-ban-ha-dong/p3
[Spider] ✅ Thành công: Tìm thấy 41 tin đăng ở trang 3.

[Spider] Đang cào trang 4/10: https://batdongsan.com.vn/nha-dat-ban-ha-dong/p4
[Spider] ✅ Thành công: Tìm thấy 41 tin đăng ở trang 4.

[Spider] Đang cào trang 5/10: https://batdongsan.com.vn/nha-dat-ban-ha-dong/p5
[Spider] ✅ Thành công: Tìm thấy 41 tin đăng ở trang 5.

[Spider] Đang cào trang 6/10: https://batdongsan.com.vn/nha-dat-ban-ha-dong/p6
[Spider] ✅ Thành công: Tìm thấy 41 tin đăng ở trang 6.

[Spider] Đang cào trang 7/10: https://batdongsan.com.vn/nha-dat-ban-ha-dong/p7
[Spider] ✅ Thành công: Tìm thấy 41 tin đăng ở trang 7.

[Spider] Đang cào trang 8/10: https://batdongsan.com.vn/nha-dat-ban-ha-dong/p8
[Spider] ✅ Thành công: Tìm thấy 41 tin đăng ở trang 8.

[Spider] Đang cào trang 9/10: https://batdongsan.com.vn/nha-dat-ban-ha-dong/p9
[Spider] ✅ Thành công: Tìm thấy 41 tin đăng ở trang 9.

[Spider] Đang cào trang 10/10: https://batdongsan.com.vn/nha-dat-ban-ha-dong/p10
[Spider] ✅ Thành công: Tìm thấy 41 tin đăng ở trang 10.
[Spider] Đang gộp dữ liệu mới vào file cũ (Khớp theo tên cột)...
[Spider] Đã lưu 290 dòng mới. Tổng: 57536 dòng.
[Thu 07/09/2026 12:03:58.99] [2/3] Dang lam sach va day vao PostgreSQL... 
🔍 Đang cấu hình Database với: postgres.kkwivuufxdewurmxtsto@aws-1-ap-southeast-1.pooler.supabase.com:5432/postgres
D:\Python\realtime_estimate_tracker\src\preprocessing\cleaner.py:138: UserWarning: Parsing dates in %d/%m/%Y format when dayfirst=False (the default) was specified. Pass `dayfirst=True` or specify a format to silence this warning.
  df['scraped_date'] = pd.to_datetime(df['scraped_date'], errors='coerce')
Đang đọc dữ liệu thô...
Tổng số dòng thô: 57536
🧠 Đang áp dụng NLP trích xuất Đặc trưng...
🧠 Đang áp dụng KNN Imputer...
✅ Giữ lại 7006/57536 tin hợp lệ.
✅ Đã kết nối thành công tới PostgreSQL.
✅ Bảng 'bds_hadong' đã có PRIMARY KEY. Bỏ qua.
Đang thực hiện Upsert dữ liệu vào PostgreSQL...
🔄 Upsert thành công 7006 bản ghi vào 'bds_hadong'.
✅ Hoàn tất Pipeline ETL.
[Thu 07/09/2026 12:04:47.87] [3/3] Dang dong bo Data len GitHub... 
[main af04ca3] Auto-update Fast Pipeline: Thu 07/09/2026 12:04:56.18
 4 files changed, 961 insertions(+), 562 deletions(-)
fatal: Unable to persist credentials with the 'wincredman' credential store.
See https://aka.ms/gcm/credstores for more information.
fatal: Unable to persist credentials with the 'wincredman' credential store.
See https://aka.ms/gcm/credstores for more information.
fatal: could not read Username for 'https://github.com': terminal prompts disabled
[Thu 07/09/2026 12:05:00.47] LOI: git push that bai. 
[Thu 07/09/2026 12:05:00.49] LUONG FAST BI DUNG DO LOI 
========================================= 
[Fri 07/10/2026 12:49:54.18] BAT DAU LUONG FAST (QUET BE MAT) 
[Fri 07/10/2026 12:49:54.20] [1/3] Dang cao du lieu be mat... 
[Browser] Đang khởi tạo trình duyệt...
[Browser] Phát hiện Chrome (Windows): Version 139

[Spider] Đang cào trang 1/10: https://batdongsan.com.vn/nha-dat-ban-ha-dong
[Spider] ✅ Thành công: Tìm thấy 40 tin đăng ở trang 1.

[Spider] Đang cào trang 2/10: https://batdongsan.com.vn/nha-dat-ban-ha-dong/p2
[Spider] ✅ Thành công: Tìm thấy 40 tin đăng ở trang 2.

[Spider] Đang cào trang 3/10: https://batdongsan.com.vn/nha-dat-ban-ha-dong/p3
[Spider] ✅ Thành công: Tìm thấy 40 tin đăng ở trang 3.

[Spider] Đang cào trang 4/10: https://batdongsan.com.vn/nha-dat-ban-ha-dong/p4
[Spider] ✅ Thành công: Tìm thấy 40 tin đăng ở trang 4.

[Spider] Đang cào trang 5/10: https://batdongsan.com.vn/nha-dat-ban-ha-dong/p5
[Spider] ✅ Thành công: Tìm thấy 40 tin đăng ở trang 5.

[Spider] Đang cào trang 6/10: https://batdongsan.com.vn/nha-dat-ban-ha-dong/p6
[Spider] ✅ Thành công: Tìm thấy 40 tin đăng ở trang 6.

[Spider] Đang cào trang 7/10: https://batdongsan.com.vn/nha-dat-ban-ha-dong/p7
[Spider] ✅ Thành công: Tìm thấy 40 tin đăng ở trang 7.

[Spider] Đang cào trang 8/10: https://batdongsan.com.vn/nha-dat-ban-ha-dong/p8
[Spider] ✅ Thành công: Tìm thấy 40 tin đăng ở trang 8.

[Spider] Đang cào trang 9/10: https://batdongsan.com.vn/nha-dat-ban-ha-dong/p9
[Spider] ✅ Thành công: Tìm thấy 40 tin đăng ở trang 9.

[Spider] Đang cào trang 10/10: https://batdongsan.com.vn/nha-dat-ban-ha-dong/p10
[Spider] ✅ Thành công: Tìm thấy 40 tin đăng ở trang 10.
[Spider] Đang gộp dữ liệu mới vào file cũ (Khớp theo tên cột)...
[Spider] Đã lưu 280 dòng mới. Tổng: 57816 dòng.
[Fri 07/10/2026 12:54:09.41] [2/3] Dang lam sach va day vao PostgreSQL... 
🔍 Đang cấu hình Database với: postgres.kkwivuufxdewurmxtsto@aws-1-ap-southeast-1.pooler.supabase.com:5432/postgres
D:\Python\realtime_estimate_tracker\src\preprocessing\cleaner.py:138: UserWarning: Parsing dates in %d/%m/%Y format when dayfirst=False (the default) was specified. Pass `dayfirst=True` or specify a format to silence this warning.
  df['scraped_date'] = pd.to_datetime(df['scraped_date'], errors='coerce')
Đang đọc dữ liệu thô...
Tổng số dòng thô: 57816
🧠 Đang áp dụng NLP trích xuất Đặc trưng...
🧠 Đang áp dụng KNN Imputer...
✅ Giữ lại 7046/57816 tin hợp lệ.
✅ Đã kết nối thành công tới PostgreSQL.
✅ Bảng 'bds_hadong' đã có PRIMARY KEY. Bỏ qua.
Đang thực hiện Upsert dữ liệu vào PostgreSQL...
🔄 Upsert thành công 7046 bản ghi vào 'bds_hadong'.
✅ Hoàn tất Pipeline ETL.
[Fri 07/10/2026 12:55:01.27] [3/3] Dang dong bo Data len GitHub... 
[main fd8b058] Auto-update Fast Pipeline: Fri 07/10/2026 12:55:09.04
 4 files changed, 907 insertions(+), 519 deletions(-)
fatal: Unable to persist credentials with the 'wincredman' credential store.
See https://aka.ms/gcm/credstores for more information.
fatal: Unable to persist credentials with the 'wincredman' credential store.
See https://aka.ms/gcm/credstores for more information.
fatal: could not read Username for 'https://github.com': terminal prompts disabled
[Fri 07/10/2026 12:55:14.34] LOI: git push that bai. 
[Fri 07/10/2026 12:55:14.36] LUONG FAST BI DUNG DO LOI 
========================================= 
[Sat 07/11/2026 12:00:02.51] BAT DAU LUONG FAST (QUET BE MAT) 
[Sat 07/11/2026 12:00:02.54] [1/3] Dang cao du lieu be mat... 
[Browser] Đang khởi tạo trình duyệt...
[Browser] Phát hiện Chrome (Windows): Version 139

[Spider] Đang cào trang 1/10: https://batdongsan.com.vn/nha-dat-ban-ha-dong
[Spider] ✅ Thành công: Tìm thấy 41 tin đăng ở trang 1.

[Spider] Đang cào trang 2/10: https://batdongsan.com.vn/nha-dat-ban-ha-dong/p2
[Spider] ✅ Thành công: Tìm thấy 41 tin đăng ở trang 2.

[Spider] Đang cào trang 3/10: https://batdongsan.com.vn/nha-dat-ban-ha-dong/p3
[Spider] ✅ Thành công: Tìm thấy 41 tin đăng ở trang 3.

[Spider] Đang cào trang 4/10: https://batdongsan.com.vn/nha-dat-ban-ha-dong/p4
[Spider] ✅ Thành công: Tìm thấy 41 tin đăng ở trang 4.

[Spider] Đang cào trang 5/10: https://batdongsan.com.vn/nha-dat-ban-ha-dong/p5
[Spider] ✅ Thành công: Tìm thấy 41 tin đăng ở trang 5.

[Spider] Đang cào trang 6/10: https://batdongsan.com.vn/nha-dat-ban-ha-dong/p6
[Spider] ✅ Thành công: Tìm thấy 41 tin đăng ở trang 6.

[Spider] Đang cào trang 7/10: https://batdongsan.com.vn/nha-dat-ban-ha-dong/p7
[Spider] ✅ Thành công: Tìm thấy 41 tin đăng ở trang 7.

[Spider] Đang cào trang 8/10: https://batdongsan.com.vn/nha-dat-ban-ha-dong/p8
[Spider] ✅ Thành công: Tìm thấy 31 tin đăng ở trang 8.

[Spider] Đang cào trang 9/10: https://batdongsan.com.vn/nha-dat-ban-ha-dong/p9
[Spider] ✅ Thành công: Tìm thấy 41 tin đăng ở trang 9.

[Spider] Đang cào trang 10/10: https://batdongsan.com.vn/nha-dat-ban-ha-dong/p10
[Spider] ✅ Thành công: Tìm thấy 41 tin đăng ở trang 10.
[Spider] Đang gộp dữ liệu mới vào file cũ (Khớp theo tên cột)...
[Spider] Đã lưu 287 dòng mới. Tổng: 58103 dòng.
[Sat 07/11/2026 12:04:14.51] [2/3] Dang lam sach va day vao PostgreSQL... 
🔍 Đang cấu hình Database với: postgres.kkwivuufxdewurmxtsto@aws-1-ap-southeast-1.pooler.supabase.com:5432/postgres
D:\Python\realtime_estimate_tracker\src\preprocessing\cleaner.py:138: UserWarning: Parsing dates in %d/%m/%Y format when dayfirst=False (the default) was specified. Pass `dayfirst=True` or specify a format to silence this warning.
  df['scraped_date'] = pd.to_datetime(df['scraped_date'], errors='coerce')
Đang đọc dữ liệu thô...
Tổng số dòng thô: 58103
🧠 Đang áp dụng NLP trích xuất Đặc trưng...
🧠 Đang áp dụng KNN Imputer...
✅ Giữ lại 7075/58103 tin hợp lệ.
✅ Đã kết nối thành công tới PostgreSQL.
✅ Bảng 'bds_hadong' đã có PRIMARY KEY. Bỏ qua.
Đang thực hiện Upsert dữ liệu vào PostgreSQL...
🔄 Upsert thành công 7075 bản ghi vào 'bds_hadong'.
✅ Hoàn tất Pipeline ETL.
[Sat 07/11/2026 12:05:09.00] [3/3] Dang dong bo Data len GitHub... 
[main cbd17fd] Auto-update Fast Pipeline: Sat 07/11/2026 12:05:17.44
 4 files changed, 877 insertions(+), 493 deletions(-)
fatal: Unable to persist credentials with the 'wincredman' credential store.
See https://aka.ms/gcm/credstores for more information.
fatal: Unable to persist credentials with the 'wincredman' credential store.
See https://aka.ms/gcm/credstores for more information.
fatal: could not read Username for 'https://github.com': terminal prompts disabled
[Sat 07/11/2026 12:05:23.10] LOI: git push that bai. 
[Sat 07/11/2026 12:05:23.12] LUONG FAST BI DUNG DO LOI 
========================================= 
[Sun 07/12/2026 12:10:32.13] BAT DAU LUONG FAST (QUET BE MAT) 
[Sun 07/12/2026 12:10:32.15] [1/3] Dang cao du lieu be mat... 
[Browser] Đang khởi tạo trình duyệt...
[Browser] Phát hiện Chrome (Windows): Version 139

[Spider] Đang cào trang 1/10: https://batdongsan.com.vn/nha-dat-ban-ha-dong
[Spider] ✅ Thành công: Tìm thấy 41 tin đăng ở trang 1.

[Spider] Đang cào trang 2/10: https://batdongsan.com.vn/nha-dat-ban-ha-dong/p2
[Spider] ✅ Thành công: Tìm thấy 41 tin đăng ở trang 2.

[Spider] Đang cào trang 3/10: https://batdongsan.com.vn/nha-dat-ban-ha-dong/p3
[Spider] ✅ Thành công: Tìm thấy 41 tin đăng ở trang 3.

[Spider] Đang cào trang 4/10: https://batdongsan.com.vn/nha-dat-ban-ha-dong/p4
[Spider] ✅ Thành công: Tìm thấy 41 tin đăng ở trang 4.

[Spider] Đang cào trang 5/10: https://batdongsan.com.vn/nha-dat-ban-ha-dong/p5
[Spider] ✅ Thành công: Tìm thấy 41 tin đăng ở trang 5.

[Spider] Đang cào trang 6/10: https://batdongsan.com.vn/nha-dat-ban-ha-dong/p6
[Spider] ✅ Thành công: Tìm thấy 41 tin đăng ở trang 6.

[Spider] Đang cào trang 7/10: https://batdongsan.com.vn/nha-dat-ban-ha-dong/p7
[Spider] ✅ Thành công: Tìm thấy 41 tin đăng ở trang 7.

[Spider] Đang cào trang 8/10: https://batdongsan.com.vn/nha-dat-ban-ha-dong/p8
[Spider] ✅ Thành công: Tìm thấy 31 tin đăng ở trang 8.

[Spider] Đang cào trang 9/10: https://batdongsan.com.vn/nha-dat-ban-ha-dong/p9
[Spider] ✅ Thành công: Tìm thấy 41 tin đăng ở trang 9.

[Spider] Đang cào trang 10/10: https://batdongsan.com.vn/nha-dat-ban-ha-dong/p10
[Spider] ✅ Thành công: Tìm thấy 41 tin đăng ở trang 10.
[Spider] Đang gộp dữ liệu mới vào file cũ (Khớp theo tên cột)...
[Spider] Đã lưu 287 dòng mới. Tổng: 58390 dòng.
[Sun 07/12/2026 12:14:20.75] [2/3] Dang lam sach va day vao PostgreSQL... 
🔍 Đang cấu hình Database với: postgres.kkwivuufxdewurmxtsto@aws-1-ap-southeast-1.pooler.supabase.com:5432/postgres
D:\Python\realtime_estimate_tracker\src\preprocessing\cleaner.py:138: UserWarning: Parsing dates in %d/%m/%Y format when dayfirst=False (the default) was specified. Pass `dayfirst=True` or specify a format to silence this warning.
  df['scraped_date'] = pd.to_datetime(df['scraped_date'], errors='coerce')
Đang đọc dữ liệu thô...
Tổng số dòng thô: 58390
🧠 Đang áp dụng NLP trích xuất Đặc trưng...
🧠 Đang áp dụng KNN Imputer...
✅ Giữ lại 7106/58390 tin hợp lệ.
✅ Đã kết nối thành công tới PostgreSQL.
✅ Bảng 'bds_hadong' đã có PRIMARY KEY. Bỏ qua.
Đang thực hiện Upsert dữ liệu vào PostgreSQL...
🔄 Upsert thành công 7106 bản ghi vào 'bds_hadong'.
✅ Hoàn tất Pipeline ETL.
[Sun 07/12/2026 12:15:12.32] [3/3] Dang dong bo Data len GitHub... 
[main b609722] Auto-update Fast Pipeline: Sun 07/12/2026 12:15:20.39
 4 files changed, 841 insertions(+), 455 deletions(-)
remote: This repository moved. Please use the new location:        
remote:   https://github.com/HieuNT316/hanoi-house-price-prediction.git        
To https://github.com/Alexus143/hanoi-house-price-prediction.git
   12a3f25..b609722  main -> main
[Sun 07/12/2026 12:15:33.87] HOAN THANH LUONG FAST 
========================================= 
[Mon 07/13/2026 12:00:02.49] BAT DAU LUONG FAST (QUET BE MAT) 
[Mon 07/13/2026 12:00:02.51] [1/3] Dang cao du lieu be mat... 
[Browser] Đang khởi tạo trình duyệt...
[Browser] Phát hiện Chrome (Windows): Version 139

[Spider] Đang cào trang 1/10: https://batdongsan.com.vn/nha-dat-ban-ha-dong
[Spider] ✅ Thành công: Tìm thấy 40 tin đăng ở trang 1.

[Spider] Đang cào trang 2/10: https://batdongsan.com.vn/nha-dat-ban-ha-dong/p2
[Spider] ✅ Thành công: Tìm thấy 40 tin đăng ở trang 2.

[Spider] Đang cào trang 3/10: https://batdongsan.com.vn/nha-dat-ban-ha-dong/p3
[Spider] ✅ Thành công: Tìm thấy 40 tin đăng ở trang 3.

[Spider] Đang cào trang 4/10: https://batdongsan.com.vn/nha-dat-ban-ha-dong/p4
[Spider] ✅ Thành công: Tìm thấy 40 tin đăng ở trang 4.

[Spider] Đang cào trang 5/10: https://batdongsan.com.vn/nha-dat-ban-ha-dong/p5
[Spider] ✅ Thành công: Tìm thấy 40 tin đăng ở trang 5.

[Spider] Đang cào trang 6/10: https://batdongsan.com.vn/nha-dat-ban-ha-dong/p6
[Spider] ✅ Thành công: Tìm thấy 40 tin đăng ở trang 6.

[Spider] Đang cào trang 7/10: https://batdongsan.com.vn/nha-dat-ban-ha-dong/p7
[Spider] ✅ Thành công: Tìm thấy 40 tin đăng ở trang 7.

[Spider] Đang cào trang 8/10: https://batdongsan.com.vn/nha-dat-ban-ha-dong/p8
[Spider] ✅ Thành công: Tìm thấy 40 tin đăng ở trang 8.

[Spider] Đang cào trang 9/10: https://batdongsan.com.vn/nha-dat-ban-ha-dong/p9
[Spider] ✅ Thành công: Tìm thấy 40 tin đăng ở trang 9.

[Spider] Đang cào trang 10/10: https://batdongsan.com.vn/nha-dat-ban-ha-dong/p10
[Spider] ✅ Thành công: Tìm thấy 40 tin đăng ở trang 10.
[Spider] Đang gộp dữ liệu mới vào file cũ (Khớp theo tên cột)...
[Spider] Đã lưu 280 dòng mới. Tổng: 58670 dòng.
[Mon 07/13/2026 12:04:02.43] [2/3] Dang lam sach va day vao PostgreSQL... 
🔍 Đang cấu hình Database với: postgres.kkwivuufxdewurmxtsto@aws-1-ap-southeast-1.pooler.supabase.com:5432/postgres
D:\Python\realtime_estimate_tracker\src\preprocessing\cleaner.py:138: UserWarning: Parsing dates in %d/%m/%Y format when dayfirst=False (the default) was specified. Pass `dayfirst=True` or specify a format to silence this warning.
  df['scraped_date'] = pd.to_datetime(df['scraped_date'], errors='coerce')
Đang đọc dữ liệu thô...
Tổng số dòng thô: 58670
🧠 Đang áp dụng NLP trích xuất Đặc trưng...
🧠 Đang áp dụng KNN Imputer...
✅ Giữ lại 7133/58670 tin hợp lệ.
✅ Đã kết nối thành công tới PostgreSQL.
✅ Bảng 'bds_hadong' đã có PRIMARY KEY. Bỏ qua.
Đang thực hiện Upsert dữ liệu vào PostgreSQL...
🔄 Upsert thành công 7133 bản ghi vào 'bds_hadong'.
✅ Hoàn tất Pipeline ETL.
[Mon 07/13/2026 12:04:54.48] [3/3] Dang dong bo Data len GitHub... 
[main 29e3aa9] Auto-update Fast Pipeline: Mon 07/13/2026 12:05:02.99
 4 files changed, 848 insertions(+), 475 deletions(-)
fatal: Unable to persist credentials with the 'wincredman' credential store.
See https://aka.ms/gcm/credstores for more information.
fatal: Unable to persist credentials with the 'wincredman' credential store.
See https://aka.ms/gcm/credstores for more information.
fatal: could not read Username for 'https://github.com': terminal prompts disabled
[Mon 07/13/2026 12:05:07.24] LOI: git push that bai. 
[Mon 07/13/2026 12:05:07.26] LUONG FAST BI DUNG DO LOI 
========================================= 
[Tue 07/14/2026 12:00:02.73] BAT DAU LUONG FAST (QUET BE MAT) 
[Tue 07/14/2026 12:00:02.75] [1/3] Dang cao du lieu be mat... 
[Browser] Đang khởi tạo trình duyệt...
[Browser] Phát hiện Chrome (Windows): Version 139

[Spider] Đang cào trang 1/10: https://batdongsan.com.vn/nha-dat-ban-ha-dong
[Spider] ✅ Thành công: Tìm thấy 40 tin đăng ở trang 1.

[Spider] Đang cào trang 2/10: https://batdongsan.com.vn/nha-dat-ban-ha-dong/p2
[Spider] ✅ Thành công: Tìm thấy 40 tin đăng ở trang 2.

[Spider] Đang cào trang 3/10: https://batdongsan.com.vn/nha-dat-ban-ha-dong/p3
[Spider] ✅ Thành công: Tìm thấy 40 tin đăng ở trang 3.

[Spider] Đang cào trang 4/10: https://batdongsan.com.vn/nha-dat-ban-ha-dong/p4
[Spider] ✅ Thành công: Tìm thấy 40 tin đăng ở trang 4.

[Spider] Đang cào trang 5/10: https://batdongsan.com.vn/nha-dat-ban-ha-dong/p5
[Spider] ✅ Thành công: Tìm thấy 40 tin đăng ở trang 5.

[Spider] Đang cào trang 6/10: https://batdongsan.com.vn/nha-dat-ban-ha-dong/p6
[Spider] ✅ Thành công: Tìm thấy 40 tin đăng ở trang 6.

[Spider] Đang cào trang 7/10: https://batdongsan.com.vn/nha-dat-ban-ha-dong/p7
[Spider] ✅ Thành công: Tìm thấy 40 tin đăng ở trang 7.

[Spider] Đang cào trang 8/10: https://batdongsan.com.vn/nha-dat-ban-ha-dong/p8
[Spider] ✅ Thành công: Tìm thấy 30 tin đăng ở trang 8.

[Spider] Đang cào trang 9/10: https://batdongsan.com.vn/nha-dat-ban-ha-dong/p9
[Spider] ✅ Thành công: Tìm thấy 40 tin đăng ở trang 9.

[Spider] Đang cào trang 10/10: https://batdongsan.com.vn/nha-dat-ban-ha-dong/p10
[Spider] ✅ Thành công: Tìm thấy 40 tin đăng ở trang 10.
[Spider] Đang gộp dữ liệu mới vào file cũ (Khớp theo tên cột)...
[Spider] Đã lưu 277 dòng mới. Tổng: 58947 dòng.
[Tue 07/14/2026 12:04:00.35] [2/3] Dang lam sach va day vao PostgreSQL... 
🔍 Đang cấu hình Database với: postgres.kkwivuufxdewurmxtsto@aws-1-ap-southeast-1.pooler.supabase.com:5432/postgres
D:\Python\realtime_estimate_tracker\src\preprocessing\cleaner.py:138: UserWarning: Parsing dates in %d/%m/%Y format when dayfirst=False (the default) was specified. Pass `dayfirst=True` or specify a format to silence this warning.
  df['scraped_date'] = pd.to_datetime(df['scraped_date'], errors='coerce')
Đang đọc dữ liệu thô...
Tổng số dòng thô: 58947
🧠 Đang áp dụng NLP trích xuất Đặc trưng...
🧠 Đang áp dụng KNN Imputer...
✅ Giữ lại 7179/58947 tin hợp lệ.
✅ Đã kết nối thành công tới PostgreSQL.
✅ Bảng 'bds_hadong' đã có PRIMARY KEY. Bỏ qua.
Đang thực hiện Upsert dữ liệu vào PostgreSQL...
🔄 Upsert thành công 7179 bản ghi vào 'bds_hadong'.
✅ Hoàn tất Pipeline ETL.
[Tue 07/14/2026 12:04:51.71] [3/3] Dang dong bo Data len GitHub... 
[main 46aa7a9] Auto-update Fast Pipeline: Tue 07/14/2026 12:05:00.13
 4 files changed, 964 insertions(+), 574 deletions(-)
fatal: Unable to persist credentials with the 'wincredman' credential store.
See https://aka.ms/gcm/credstores for more information.
fatal: Unable to persist credentials with the 'wincredman' credential store.
See https://aka.ms/gcm/credstores for more information.
fatal: could not read Username for 'https://github.com': terminal prompts disabled
[Tue 07/14/2026 12:05:04.65] LOI: git push that bai. 
[Tue 07/14/2026 12:05:04.67] LUONG FAST BI DUNG DO LOI 
========================================= 
[Wed 07/15/2026 12:00:02.37] BAT DAU LUONG FAST (QUET BE MAT) 
[Wed 07/15/2026 12:00:02.40] [1/3] Dang cao du lieu be mat... 
[Browser] Đang khởi tạo trình duyệt...
[Browser] Phát hiện Chrome (Windows): Version 139

[Spider] Đang cào trang 1/10: https://batdongsan.com.vn/nha-dat-ban-ha-dong
[Spider] ✅ Thành công: Tìm thấy 40 tin đăng ở trang 1.

[Spider] Đang cào trang 2/10: https://batdongsan.com.vn/nha-dat-ban-ha-dong/p2
[Spider] ✅ Thành công: Tìm thấy 40 tin đăng ở trang 2.

[Spider] Đang cào trang 3/10: https://batdongsan.com.vn/nha-dat-ban-ha-dong/p3
[Spider] ✅ Thành công: Tìm thấy 40 tin đăng ở trang 3.

[Spider] Đang cào trang 4/10: https://batdongsan.com.vn/nha-dat-ban-ha-dong/p4
[Spider] ✅ Thành công: Tìm thấy 40 tin đăng ở trang 4.

[Spider] Đang cào trang 5/10: https://batdongsan.com.vn/nha-dat-ban-ha-dong/p5
[Spider] ✅ Thành công: Tìm thấy 40 tin đăng ở trang 5.

[Spider] Đang cào trang 6/10: https://batdongsan.com.vn/nha-dat-ban-ha-dong/p6
[Spider] ✅ Thành công: Tìm thấy 40 tin đăng ở trang 6.

[Spider] Đang cào trang 7/10: https://batdongsan.com.vn/nha-dat-ban-ha-dong/p7
[Spider] ✅ Thành công: Tìm thấy 40 tin đăng ở trang 7.

[Spider] Đang cào trang 8/10: https://batdongsan.com.vn/nha-dat-ban-ha-dong/p8
[Spider] ✅ Thành công: Tìm thấy 40 tin đăng ở trang 8.

[Spider] Đang cào trang 9/10: https://batdongsan.com.vn/nha-dat-ban-ha-dong/p9
[Spider] ✅ Thành công: Tìm thấy 40 tin đăng ở trang 9.

[Spider] Đang cào trang 10/10: https://batdongsan.com.vn/nha-dat-ban-ha-dong/p10
[Spider] ✅ Thành công: Tìm thấy 40 tin đăng ở trang 10.
[Spider] Đang gộp dữ liệu mới vào file cũ (Khớp theo tên cột)...
[Spider] Đã lưu 280 dòng mới. Tổng: 59227 dòng.
[Wed 07/15/2026 12:03:55.98] [2/3] Dang lam sach va day vao PostgreSQL... 
🔍 Đang cấu hình Database với: postgres.kkwivuufxdewurmxtsto@aws-1-ap-southeast-1.pooler.supabase.com:5432/postgres
D:\Python\realtime_estimate_tracker\src\preprocessing\cleaner.py:138: UserWarning: Parsing dates in %d/%m/%Y format when dayfirst=False (the default) was specified. Pass `dayfirst=True` or specify a format to silence this warning.
  df['scraped_date'] = pd.to_datetime(df['scraped_date'], errors='coerce')
Đang đọc dữ liệu thô...
Tổng số dòng thô: 59227
🧠 Đang áp dụng NLP trích xuất Đặc trưng...
🧠 Đang áp dụng KNN Imputer...
✅ Giữ lại 7228/59227 tin hợp lệ.
✅ Đã kết nối thành công tới PostgreSQL.
✅ Bảng 'bds_hadong' đã có PRIMARY KEY. Bỏ qua.
Đang thực hiện Upsert dữ liệu vào PostgreSQL...
🔄 Upsert thành công 7228 bản ghi vào 'bds_hadong'.
✅ Hoàn tất Pipeline ETL.
[Wed 07/15/2026 12:04:54.19] [3/3] Dang dong bo Data len GitHub... 
[main df873a3] Auto-update Fast Pipeline: Wed 07/15/2026 12:05:02.89
 4 files changed, 901 insertions(+), 506 deletions(-)
fatal: Unable to persist credentials with the 'wincredman' credential store.
See https://aka.ms/gcm/credstores for more information.
fatal: Unable to persist credentials with the 'wincredman' credential store.
See https://aka.ms/gcm/credstores for more information.
fatal: could not read Username for 'https://github.com': terminal prompts disabled
[Wed 07/15/2026 12:05:07.54] LOI: git push that bai. 
[Wed 07/15/2026 12:05:07.56] LUONG FAST BI DUNG DO LOI 
========================================= 
[Thu 07/16/2026 12:00:03.39] BAT DAU LUONG FAST (QUET BE MAT) 
[Thu 07/16/2026 12:00:03.41] [1/3] Dang cao du lieu be mat... 
Traceback (most recent call last):
  File "C:\Users\User\AppData\Local\Programs\Python\Python310\lib\runpy.py", line 196, in _run_module_as_main
    return _run_code(code, main_globals, None,
  File "C:\Users\User\AppData\Local\Programs\Python\Python310\lib\runpy.py", line 86, in _run_code
    exec(code, run_globals)
  File "D:\Python\realtime_estimate_tracker\src\data_loader\spider.py", line 193, in <module>
    data = run_crawler(pages=10)
  File "D:\Python\realtime_estimate_tracker\src\data_loader\spider.py", line 109, in run_crawler
    driver = init_driver()
  File "D:\Python\realtime_estimate_tracker\src\data_loader\browser.py", line 99, in init_driver
    raise e
  File "D:\Python\realtime_estimate_tracker\src\data_loader\browser.py", line 88, in init_driver
    driver = uc.Chrome(
  File "D:\Python\realtime_estimate_tracker\venv_bds\lib\site-packages\undetected_chromedriver\__init__.py", line 466, in __init__
    super(Chrome, self).__init__(
  File "D:\Python\realtime_estimate_tracker\venv_bds\lib\site-packages\selenium\webdriver\chrome\webdriver.py", line 45, in __init__
    super().__init__(
  File "D:\Python\realtime_estimate_tracker\venv_bds\lib\site-packages\selenium\webdriver\chromium\webdriver.py", line 66, in __init__
    super().__init__(command_executor=executor, options=self.options)
  File "D:\Python\realtime_estimate_tracker\venv_bds\lib\site-packages\selenium\webdriver\common\webdriver.py", line 25, in __init__
    super().__init__(*args, **kwargs)
  File "D:\Python\realtime_estimate_tracker\venv_bds\lib\site-packages\selenium\webdriver\remote\webdriver.py", line 257, in __init__
    self.start_session(capabilities)
  File "D:\Python\realtime_estimate_tracker\venv_bds\lib\site-packages\undetected_chromedriver\__init__.py", line 724, in start_session
    super(selenium.webdriver.chrome.webdriver.WebDriver, self).start_session(
  File "D:\Python\realtime_estimate_tracker\venv_bds\lib\site-packages\selenium\webdriver\remote\webdriver.py", line 352, in start_session
    response = self.execute(Command.NEW_SESSION, caps)["value"]
  File "D:\Python\realtime_estimate_tracker\venv_bds\lib\site-packages\selenium\webdriver\remote\webdriver.py", line 432, in execute
    self.error_handler.check_response(response)
  File "D:\Python\realtime_estimate_tracker\venv_bds\lib\site-packages\selenium\webdriver\remote\errorhandler.py", line 232, in check_response
    raise exception_class(message, screen, stacktrace)
selenium.common.exceptions.SessionNotCreatedException: Message: session not created: cannot connect to chrome at 127.0.0.1:50215
from chrome not reachable; For documentation on this error, please visit: https://www.selenium.dev/documentation/webdriver/troubleshooting/errors#sessionnotcreatedexception
Stacktrace:
	GetHandleVerifier [0x0xfba8a3+63283]
	GetHandleVerifier [0x0xfba8e4+63348]
	(No symbol) [0x0xdf3ca0]
	(No symbol) [0x0xde7b9a]
	(No symbol) [0x0xe2ce66]
	(No symbol) [0x0xe2330f]
	(No symbol) [0x0xe23146]
	(No symbol) [0x0xe6ce69]
	(No symbol) [0x0xe6c77a]
	(No symbol) [0x0xe61216]
	(No symbol) [0x0xe30855]
	(No symbol) [0x0xe316f4]
	GetHandleVerifier [0x0x122bb43+2623955]
	GetHandleVerifier [0x0x1226daa+2604090]
	GetHandleVerifier [0x0xfe069a+218410]
	GetHandleVerifier [0x0xfd0ed8+154984]
	GetHandleVerifier [0x0xfd742d+180925]
	GetHandleVerifier [0x0xfc22b8+94536]
	GetHandleVerifier [0x0xfc2442+94930]
	GetHandleVerifier [0x0xfad5ea+9338]
	BaseThreadInitThunk [0x0x7582fcc9+25]
	RtlGetAppContainerNamedObjectPath [0x0x76fb843e+286]
	RtlGetAppContainerNamedObjectPath [0x0x76fb840e+238]

[Browser] Đang khởi tạo trình duyệt...
[Browser] Phát hiện Chrome (Windows): Version 139
[Browser] Lỗi khởi tạo driver: Message: session not created: cannot connect to chrome at 127.0.0.1:50215
from chrome not reachable; For documentation on this error, please visit: https://www.selenium.dev/documentation/webdriver/troubleshooting/errors#sessionnotcreatedexception
Stacktrace:
	GetHandleVerifier [0x0xfba8a3+63283]
	GetHandleVerifier [0x0xfba8e4+63348]
	(No symbol) [0x0xdf3ca0]
	(No symbol) [0x0xde7b9a]
	(No symbol) [0x0xe2ce66]
	(No symbol) [0x0xe2330f]
	(No symbol) [0x0xe23146]
	(No symbol) [0x0xe6ce69]
	(No symbol) [0x0xe6c77a]
	(No symbol) [0x0xe61216]
	(No symbol) [0x0xe30855]
	(No symbol) [0x0xe316f4]
	GetHandleVerifier [0x0x122bb43+2623955]
	GetHandleVerifier [0x0x1226daa+2604090]
	GetHandleVerifier [0x0xfe069a+218410]
	GetHandleVerifier [0x0xfd0ed8+154984]
	GetHandleVerifier [0x0xfd742d+180925]
	GetHandleVerifier [0x0xfc22b8+94536]
	GetHandleVerifier [0x0xfc2442+94930]
	GetHandleVerifier [0x0xfad5ea+9338]
	BaseThreadInitThunk [0x0x7582fcc9+25]
	RtlGetAppContainerNamedObjectPath [0x0x76fb843e+286]
	RtlGetAppContainerNamedObjectPath [0x0x76fb840e+238]

[Thu 07/16/2026 12:01:41.26] LOI: Spider that bai. Dung pipeline. 
[Thu 07/16/2026 12:01:42.62] LUONG FAST BI DUNG DO LOI 
========================================= 
[Fri 07/17/2026 12:00:03.70] BAT DAU LUONG FAST (QUET BE MAT) 
[Fri 07/17/2026 12:00:03.75] [1/3] Dang cao du lieu be mat... 
Traceback (most recent call last):
  File "C:\Users\User\AppData\Local\Programs\Python\Python310\lib\urllib\request.py", line 1348, in do_open
    h.request(req.get_method(), req.selector, req.data, headers,
  File "C:\Users\User\AppData\Local\Programs\Python\Python310\lib\http\client.py", line 1276, in request
    self._send_request(method, url, body, headers, encode_chunked)
  File "C:\Users\User\AppData\Local\Programs\Python\Python310\lib\http\client.py", line 1322, in _send_request
    self.endheaders(body, encode_chunked=encode_chunked)
  File "C:\Users\User\AppData\Local\Programs\Python\Python310\lib\http\client.py", line 1271, in endheaders
    self._send_output(message_body, encode_chunked=encode_chunked)
  File "C:\Users\User\AppData\Local\Programs\Python\Python310\lib\http\client.py", line 1031, in _send_output
    self.send(msg)
  File "C:\Users\User\AppData\Local\Programs\Python\Python310\lib\http\client.py", line 969, in send
    self.connect()
  File "C:\Users\User\AppData\Local\Programs\Python\Python310\lib\http\client.py", line 1441, in connect
    super().connect()
  File "C:\Users\User\AppData\Local\Programs\Python\Python310\lib\http\client.py", line 940, in connect
    self.sock = self._create_connection(
  File "C:\Users\User\AppData\Local\Programs\Python\Python310\lib\socket.py", line 824, in create_connection
    for res in getaddrinfo(host, port, 0, SOCK_STREAM):
  File "C:\Users\User\AppData\Local\Programs\Python\Python310\lib\socket.py", line 955, in getaddrinfo
    for res in _socket.getaddrinfo(host, port, family, type, proto, flags):
socket.gaierror: [Errno 11001] getaddrinfo failed

During handling of the above exception, another exception occurred:

Traceback (most recent call last):
  File "C:\Users\User\AppData\Local\Programs\Python\Python310\lib\runpy.py", line 196, in _run_module_as_main
    return _run_code(code, main_globals, None,
  File "C:\Users\User\AppData\Local\Programs\Python\Python310\lib\runpy.py", line 86, in _run_code
    exec(code, run_globals)
  File "D:\Python\realtime_estimate_tracker\src\data_loader\spider.py", line 193, in <module>
    data = run_crawler(pages=10)
  File "D:\Python\realtime_estimate_tracker\src\data_loader\spider.py", line 109, in run_crawler
    driver = init_driver()
  File "D:\Python\realtime_estimate_tracker\src\data_loader\browser.py", line 99, in init_driver
    raise e
  File "D:\Python\realtime_estimate_tracker\src\data_loader\browser.py", line 88, in init_driver
    driver = uc.Chrome(
  File "D:\Python\realtime_estimate_tracker\venv_bds\lib\site-packages\undetected_chromedriver\__init__.py", line 258, in __init__
    self.patcher.auto()
  File "D:\Python\realtime_estimate_tracker\venv_bds\lib\site-packages\undetected_chromedriver\patcher.py", line 175, in auto
    release = self.fetch_release_number()
  File "D:\Python\realtime_estimate_tracker\venv_bds\lib\site-packages\undetected_chromedriver\patcher.py", line 259, in fetch_release_number
    with urlopen(self.url_repo + path) as conn:
  File "C:\Users\User\AppData\Local\Programs\Python\Python310\lib\urllib\request.py", line 216, in urlopen
    return opener.open(url, data, timeout)
  File "C:\Users\User\AppData\Local\Programs\Python\Python310\lib\urllib\request.py", line 519, in open
    response = self._open(req, data)
  File "C:\Users\User\AppData\Local\Programs\Python\Python310\lib\urllib\request.py", line 536, in _open
    result = self._call_chain(self.handle_open, protocol, protocol +
  File "C:\Users\User\AppData\Local\Programs\Python\Python310\lib\urllib\request.py", line 496, in _call_chain
    result = func(*args)
  File "C:\Users\User\AppData\Local\Programs\Python\Python310\lib\urllib\request.py", line 1391, in https_open
    return self.do_open(http.client.HTTPSConnection, req,
  File "C:\Users\User\AppData\Local\Programs\Python\Python310\lib\urllib\request.py", line 1351, in do_open
    raise URLError(err)
urllib.error.URLError: <urlopen error [Errno 11001] getaddrinfo failed>
[Browser] Đang khởi tạo trình duyệt...
[Browser] Phát hiện Chrome (Windows): Version 139
[Browser] Lỗi khởi tạo driver: <urlopen error [Errno 11001] getaddrinfo failed>
[Fri 07/17/2026 12:00:27.55] LOI: Spider that bai. Dung pipeline. 
[Fri 07/17/2026 12:00:27.60] LUONG FAST BI DUNG DO LOI 
========================================= 
[Sat 07/18/2026 12:00:04.16] BAT DAU LUONG FAST (QUET BE MAT) 
[Sat 07/18/2026 12:00:04.20] [1/3] Dang cao du lieu be mat... 
[Browser] Đang khởi tạo trình duyệt...
[Browser] Phát hiện Chrome (Windows): Version 139

[Spider] Đang cào trang 1/10: https://batdongsan.com.vn/nha-dat-ban-ha-dong
[Spider] ✅ Thành công: Tìm thấy 40 tin đăng ở trang 1.

[Spider] Đang cào trang 2/10: https://batdongsan.com.vn/nha-dat-ban-ha-dong/p2
[Spider] ✅ Thành công: Tìm thấy 40 tin đăng ở trang 2.

[Spider] Đang cào trang 3/10: https://batdongsan.com.vn/nha-dat-ban-ha-dong/p3
[Spider] ✅ Thành công: Tìm thấy 40 tin đăng ở trang 3.

[Spider] Đang cào trang 4/10: https://batdongsan.com.vn/nha-dat-ban-ha-dong/p4
[Spider] ✅ Thành công: Tìm thấy 40 tin đăng ở trang 4.

[Spider] Đang cào trang 5/10: https://batdongsan.com.vn/nha-dat-ban-ha-dong/p5
[Spider] ✅ Thành công: Tìm thấy 40 tin đăng ở trang 5.

[Spider] Đang cào trang 6/10: https://batdongsan.com.vn/nha-dat-ban-ha-dong/p6
[Spider] ✅ Thành công: Tìm thấy 40 tin đăng ở trang 6.

[Spider] Đang cào trang 7/10: https://batdongsan.com.vn/nha-dat-ban-ha-dong/p7
[Spider] ✅ Thành công: Tìm thấy 30 tin đăng ở trang 7.

[Spider] Đang cào trang 8/10: https://batdongsan.com.vn/nha-dat-ban-ha-dong/p8
[Spider] ✅ Thành công: Tìm thấy 40 tin đăng ở trang 8.

[Spider] Đang cào trang 9/10: https://batdongsan.com.vn/nha-dat-ban-ha-dong/p9
[Spider] ✅ Thành công: Tìm thấy 40 tin đăng ở trang 9.

[Spider] Đang cào trang 10/10: https://batdongsan.com.vn/nha-dat-ban-ha-dong/p10
[Spider] ✅ Thành công: Tìm thấy 40 tin đăng ở trang 10.
[Spider] Đang gộp dữ liệu mới vào file cũ (Khớp theo tên cột)...
[Spider] Đã lưu 277 dòng mới. Tổng: 59504 dòng.
[Sat 07/18/2026 12:04:01.06] [2/3] Dang lam sach va day vao PostgreSQL... 
🔍 Đang cấu hình Database với: postgres.kkwivuufxdewurmxtsto@aws-1-ap-southeast-1.pooler.supabase.com:5432/postgres
D:\Python\realtime_estimate_tracker\src\preprocessing\cleaner.py:138: UserWarning: Parsing dates in %d/%m/%Y format when dayfirst=False (the default) was specified. Pass `dayfirst=True` or specify a format to silence this warning.
  df['scraped_date'] = pd.to_datetime(df['scraped_date'], errors='coerce')
Đang đọc dữ liệu thô...
Tổng số dòng thô: 59504
🧠 Đang áp dụng NLP trích xuất Đặc trưng...
🧠 Đang áp dụng KNN Imputer...
✅ Giữ lại 7286/59504 tin hợp lệ.
✅ Đã kết nối thành công tới PostgreSQL.
✅ Bảng 'bds_hadong' đã có PRIMARY KEY. Bỏ qua.
Đang thực hiện Upsert dữ liệu vào PostgreSQL...
🔄 Upsert thành công 7286 bản ghi vào 'bds_hadong'.
✅ Hoàn tất Pipeline ETL.
[Sat 07/18/2026 12:04:50.60] [3/3] Dang dong bo Data len GitHub... 
[main 7e13b3a] Auto-update Fast Pipeline: Sat 07/18/2026 12:04:57.56
 4 files changed, 979 insertions(+), 583 deletions(-)
fatal: Unable to persist credentials with the 'wincredman' credential store.
See https://aka.ms/gcm/credstores for more information.
fatal: Unable to persist credentials with the 'wincredman' credential store.
See https://aka.ms/gcm/credstores for more information.
fatal: could not read Username for 'https://github.com': terminal prompts disabled
[Sat 07/18/2026 12:05:02.26] LOI: git push that bai. 
[Sat 07/18/2026 12:05:02.30] LUONG FAST BI DUNG DO LOI 
========================================= 
[Sun 07/19/2026 12:00:04.35] BAT DAU LUONG FAST (QUET BE MAT) 
[Sun 07/19/2026 12:00:04.39] [1/3] Dang cao du lieu be mat... 
[Browser] Đang khởi tạo trình duyệt...
[Browser] Phát hiện Chrome (Windows): Version 139

[Spider] Đang cào trang 1/10: https://batdongsan.com.vn/nha-dat-ban-ha-dong
[Spider] ✅ Thành công: Tìm thấy 40 tin đăng ở trang 1.

[Spider] Đang cào trang 2/10: https://batdongsan.com.vn/nha-dat-ban-ha-dong/p2
[Spider] ✅ Thành công: Tìm thấy 40 tin đăng ở trang 2.

[Spider] Đang cào trang 3/10: https://batdongsan.com.vn/nha-dat-ban-ha-dong/p3
[Spider] ✅ Thành công: Tìm thấy 40 tin đăng ở trang 3.

[Spider] Đang cào trang 4/10: https://batdongsan.com.vn/nha-dat-ban-ha-dong/p4
[Spider] ✅ Thành công: Tìm thấy 40 tin đăng ở trang 4.

[Spider] Đang cào trang 5/10: https://batdongsan.com.vn/nha-dat-ban-ha-dong/p5
[Spider] ✅ Thành công: Tìm thấy 40 tin đăng ở trang 5.

[Spider] Đang cào trang 6/10: https://batdongsan.com.vn/nha-dat-ban-ha-dong/p6
[Spider] ✅ Thành công: Tìm thấy 40 tin đăng ở trang 6.

[Spider] Đang cào trang 7/10: https://batdongsan.com.vn/nha-dat-ban-ha-dong/p7
[Spider] ✅ Thành công: Tìm thấy 30 tin đăng ở trang 7.

[Spider] Đang cào trang 8/10: https://batdongsan.com.vn/nha-dat-ban-ha-dong/p8
[Spider] ✅ Thành công: Tìm thấy 40 tin đăng ở trang 8.

[Spider] Đang cào trang 9/10: https://batdongsan.com.vn/nha-dat-ban-ha-dong/p9
[Spider] ✅ Thành công: Tìm thấy 40 tin đăng ở trang 9.

[Spider] Đang cào trang 10/10: https://batdongsan.com.vn/nha-dat-ban-ha-dong/p10
[Spider] ✅ Thành công: Tìm thấy 40 tin đăng ở trang 10.
[Spider] Đang gộp dữ liệu mới vào file cũ (Khớp theo tên cột)...
[Spider] Đã lưu 277 dòng mới. Tổng: 59781 dòng.
[Sun 07/19/2026 12:04:20.57] [2/3] Dang lam sach va day vao PostgreSQL... 
🔍 Đang cấu hình Database với: postgres.kkwivuufxdewurmxtsto@aws-1-ap-southeast-1.pooler.supabase.com:5432/postgres
D:\Python\realtime_estimate_tracker\src\preprocessing\cleaner.py:138: UserWarning: Parsing dates in %d/%m/%Y format when dayfirst=False (the default) was specified. Pass `dayfirst=True` or specify a format to silence this warning.
  df['scraped_date'] = pd.to_datetime(df['scraped_date'], errors='coerce')
Đang đọc dữ liệu thô...
Tổng số dòng thô: 59781
🧠 Đang áp dụng NLP trích xuất Đặc trưng...
🧠 Đang áp dụng KNN Imputer...
✅ Giữ lại 7328/59781 tin hợp lệ.
✅ Đã kết nối thành công tới PostgreSQL.
✅ Bảng 'bds_hadong' đã có PRIMARY KEY. Bỏ qua.
Đang thực hiện Upsert dữ liệu vào PostgreSQL...
🔄 Upsert thành công 7328 bản ghi vào 'bds_hadong'.
✅ Hoàn tất Pipeline ETL.
[Sun 07/19/2026 12:05:17.85] [3/3] Dang dong bo Data len GitHub... 
[main a0e7cc4] Auto-update Fast Pipeline: Sun 07/19/2026 12:05:24.80
 4 files changed, 1010 insertions(+), 631 deletions(-)
fatal: Unable to persist credentials with the 'wincredman' credential store.
See https://aka.ms/gcm/credstores for more information.
fatal: Unable to persist credentials with the 'wincredman' credential store.
See https://aka.ms/gcm/credstores for more information.
fatal: could not read Username for 'https://github.com': terminal prompts disabled
[Sun 07/19/2026 12:05:29.05] LOI: git push that bai. 
[Sun 07/19/2026 12:05:29.07] LUONG FAST BI DUNG DO LOI 
========================================= 
[Mon 07/20/2026 12:00:02.56] BAT DAU LUONG FAST (QUET BE MAT) 
[Mon 07/20/2026 12:00:02.58] [1/3] Dang cao du lieu be mat... 
[Browser] Đang khởi tạo trình duyệt...
[Browser] Phát hiện Chrome (Windows): Version 139

[Spider] Đang cào trang 1/10: https://batdongsan.com.vn/nha-dat-ban-ha-dong
[Spider] ✅ Thành công: Tìm thấy 40 tin đăng ở trang 1.

[Spider] Đang cào trang 2/10: https://batdongsan.com.vn/nha-dat-ban-ha-dong/p2
[Spider] ✅ Thành công: Tìm thấy 40 tin đăng ở trang 2.

[Spider] Đang cào trang 3/10: https://batdongsan.com.vn/nha-dat-ban-ha-dong/p3
[Spider] ✅ Thành công: Tìm thấy 40 tin đăng ở trang 3.

[Spider] Đang cào trang 4/10: https://batdongsan.com.vn/nha-dat-ban-ha-dong/p4
[Spider] ✅ Thành công: Tìm thấy 40 tin đăng ở trang 4.

[Spider] Đang cào trang 5/10: https://batdongsan.com.vn/nha-dat-ban-ha-dong/p5
[Spider] ✅ Thành công: Tìm thấy 40 tin đăng ở trang 5.

[Spider] Đang cào trang 6/10: https://batdongsan.com.vn/nha-dat-ban-ha-dong/p6
[Spider] ✅ Thành công: Tìm thấy 30 tin đăng ở trang 6.

[Spider] Đang cào trang 7/10: https://batdongsan.com.vn/nha-dat-ban-ha-dong/p7
[Spider] ⚠️ Không tìm thấy dữ liệu (Attempt 1). Có thể bị chặn.
[Spider] 🔄 Đang thử tải lại lần 2/3 cho trang 7...
[Spider] ✅ Thành công: Tìm thấy 30 tin đăng ở trang 7.

[Spider] Đang cào trang 8/10: https://batdongsan.com.vn/nha-dat-ban-ha-dong/p8
[Spider] ✅ Thành công: Tìm thấy 40 tin đăng ở trang 8.

[Spider] Đang cào trang 9/10: https://batdongsan.com.vn/nha-dat-ban-ha-dong/p9
[Spider] ✅ Thành công: Tìm thấy 40 tin đăng ở trang 9.

[Spider] Đang cào trang 10/10: https://batdongsan.com.vn/nha-dat-ban-ha-dong/p10
[Spider] ✅ Thành công: Tìm thấy 40 tin đăng ở trang 10.
[Spider] Đang gộp dữ liệu mới vào file cũ (Khớp theo tên cột)...
[Spider] Đã lưu 272 dòng mới. Tổng: 60053 dòng.
[Mon 07/20/2026 12:08:08.77] [2/3] Dang lam sach va day vao PostgreSQL... 
🔍 Đang cấu hình Database với: postgres.kkwivuufxdewurmxtsto@aws-1-ap-southeast-1.pooler.supabase.com:5432/postgres
D:\Python\realtime_estimate_tracker\src\preprocessing\cleaner.py:138: UserWarning: Parsing dates in %d/%m/%Y format when dayfirst=False (the default) was specified. Pass `dayfirst=True` or specify a format to silence this warning.
  df['scraped_date'] = pd.to_datetime(df['scraped_date'], errors='coerce')
Đang đọc dữ liệu thô...
Tổng số dòng thô: 60053
🧠 Đang áp dụng NLP trích xuất Đặc trưng...
🧠 Đang áp dụng KNN Imputer...
✅ Giữ lại 7365/60053 tin hợp lệ.
✅ Đã kết nối thành công tới PostgreSQL.
✅ Bảng 'bds_hadong' đã có PRIMARY KEY. Bỏ qua.
Đang thực hiện Upsert dữ liệu vào PostgreSQL...
🔄 Upsert thành công 7365 bản ghi vào 'bds_hadong'.
✅ Hoàn tất Pipeline ETL.
[Mon 07/20/2026 12:09:00.31] [3/3] Dang dong bo Data len GitHub... 
[main c0504cb] Auto-update Fast Pipeline: Mon 07/20/2026 12:09:08.80
 4 files changed, 898 insertions(+), 527 deletions(-)
fatal: Unable to persist credentials with the 'wincredman' credential store.
See https://aka.ms/gcm/credstores for more information.
fatal: Unable to persist credentials with the 'wincredman' credential store.
See https://aka.ms/gcm/credstores for more information.
fatal: could not read Username for 'https://github.com': terminal prompts disabled
[Mon 07/20/2026 12:09:13.53] LOI: git push that bai. 
[Mon 07/20/2026 12:09:13.55] LUONG FAST BI DUNG DO LOI 
========================================= 
[Tue 07/21/2026 12:36:39.52] BAT DAU LUONG FAST (QUET BE MAT) 
[Tue 07/21/2026 12:36:39.55] [1/3] Dang cao du lieu be mat... 
[Browser] Đang khởi tạo trình duyệt...
[Browser] Phát hiện Chrome (Windows): Version 139

[Spider] Đang cào trang 1/10: https://batdongsan.com.vn/nha-dat-ban-ha-dong
[Spider] ✅ Thành công: Tìm thấy 40 tin đăng ở trang 1.

[Spider] Đang cào trang 2/10: https://batdongsan.com.vn/nha-dat-ban-ha-dong/p2
[Spider] ✅ Thành công: Tìm thấy 40 tin đăng ở trang 2.

[Spider] Đang cào trang 3/10: https://batdongsan.com.vn/nha-dat-ban-ha-dong/p3
[Spider] ✅ Thành công: Tìm thấy 40 tin đăng ở trang 3.

[Spider] Đang cào trang 4/10: https://batdongsan.com.vn/nha-dat-ban-ha-dong/p4
[Spider] ✅ Thành công: Tìm thấy 40 tin đăng ở trang 4.

[Spider] Đang cào trang 5/10: https://batdongsan.com.vn/nha-dat-ban-ha-dong/p5
[Spider] ✅ Thành công: Tìm thấy 40 tin đăng ở trang 5.

[Spider] Đang cào trang 6/10: https://batdongsan.com.vn/nha-dat-ban-ha-dong/p6
[Spider] ✅ Thành công: Tìm thấy 30 tin đăng ở trang 6.

[Spider] Đang cào trang 7/10: https://batdongsan.com.vn/nha-dat-ban-ha-dong/p7
[Spider] ✅ Thành công: Tìm thấy 30 tin đăng ở trang 7.

[Spider] Đang cào trang 8/10: https://batdongsan.com.vn/nha-dat-ban-ha-dong/p8
[Spider] ✅ Thành công: Tìm thấy 40 tin đăng ở trang 8.

[Spider] Đang cào trang 9/10: https://batdongsan.com.vn/nha-dat-ban-ha-dong/p9
[Spider] ✅ Thành công: Tìm thấy 40 tin đăng ở trang 9.

[Spider] Đang cào trang 10/10: https://batdongsan.com.vn/nha-dat-ban-ha-dong/p10
[Spider] ✅ Thành công: Tìm thấy 30 tin đăng ở trang 10.
[Spider] Đang gộp dữ liệu mới vào file cũ (Khớp theo tên cột)...
[Spider] Đã lưu 267 dòng mới. Tổng: 60320 dòng.
[Tue 07/21/2026 12:40:35.05] [2/3] Dang lam sach va day vao PostgreSQL... 
🔍 Đang cấu hình Database với: postgres.kkwivuufxdewurmxtsto@aws-1-ap-southeast-1.pooler.supabase.com:5432/postgres
D:\Python\realtime_estimate_tracker\src\preprocessing\cleaner.py:138: UserWarning: Parsing dates in %d/%m/%Y format when dayfirst=False (the default) was specified. Pass `dayfirst=True` or specify a format to silence this warning.
  df['scraped_date'] = pd.to_datetime(df['scraped_date'], errors='coerce')
Đang đọc dữ liệu thô...
Tổng số dòng thô: 60320
🧠 Đang áp dụng NLP trích xuất Đặc trưng...
🧠 Đang áp dụng KNN Imputer...
✅ Giữ lại 7416/60320 tin hợp lệ.
✅ Đã kết nối thành công tới PostgreSQL.
✅ Bảng 'bds_hadong' đã có PRIMARY KEY. Bỏ qua.
Đang thực hiện Upsert dữ liệu vào PostgreSQL...
🔄 Upsert thành công 7416 bản ghi vào 'bds_hadong'.
✅ Hoàn tất Pipeline ETL.
[Tue 07/21/2026 12:41:22.62] [3/3] Dang dong bo Data len GitHub... 
[main dfb04bb] Auto-update Fast Pipeline: Tue 07/21/2026 12:41:31.31
 4 files changed, 913 insertions(+), 535 deletions(-)
fatal: Unable to persist credentials with the 'wincredman' credential store.
See https://aka.ms/gcm/credstores for more information.
fatal: Unable to persist credentials with the 'wincredman' credential store.
See https://aka.ms/gcm/credstores for more information.
fatal: could not read Username for 'https://github.com': terminal prompts disabled
[Tue 07/21/2026 12:41:35.72] LOI: git push that bai. 
[Tue 07/21/2026 12:41:35.73] LUONG FAST BI DUNG DO LOI 
========================================= 
[Wed 07/22/2026 12:00:02.70] BAT DAU LUONG FAST (QUET BE MAT) 
[Wed 07/22/2026 12:00:02.72] [1/3] Dang cao du lieu be mat... 
[Browser] Đang khởi tạo trình duyệt...
[Browser] Phát hiện Chrome (Windows): Version 139

[Spider] Đang cào trang 1/10: https://batdongsan.com.vn/nha-dat-ban-ha-dong
[Spider] ✅ Thành công: Tìm thấy 40 tin đăng ở trang 1.

[Spider] Đang cào trang 2/10: https://batdongsan.com.vn/nha-dat-ban-ha-dong/p2
[Spider] ✅ Thành công: Tìm thấy 40 tin đăng ở trang 2.

[Spider] Đang cào trang 3/10: https://batdongsan.com.vn/nha-dat-ban-ha-dong/p3
[Spider] ✅ Thành công: Tìm thấy 40 tin đăng ở trang 3.

[Spider] Đang cào trang 4/10: https://batdongsan.com.vn/nha-dat-ban-ha-dong/p4
[Spider] ✅ Thành công: Tìm thấy 40 tin đăng ở trang 4.

[Spider] Đang cào trang 5/10: https://batdongsan.com.vn/nha-dat-ban-ha-dong/p5
[Spider] ✅ Thành công: Tìm thấy 40 tin đăng ở trang 5.

[Spider] Đang cào trang 6/10: https://batdongsan.com.vn/nha-dat-ban-ha-dong/p6
[Spider] ✅ Thành công: Tìm thấy 30 tin đăng ở trang 6.

[Spider] Đang cào trang 7/10: https://batdongsan.com.vn/nha-dat-ban-ha-dong/p7
[Spider] ✅ Thành công: Tìm thấy 30 tin đăng ở trang 7.

[Spider] Đang cào trang 8/10: https://batdongsan.com.vn/nha-dat-ban-ha-dong/p8
[Spider] ✅ Thành công: Tìm thấy 40 tin đăng ở trang 8.

[Spider] Đang cào trang 9/10: https://batdongsan.com.vn/nha-dat-ban-ha-dong/p9
[Spider] ✅ Thành công: Tìm thấy 40 tin đăng ở trang 9.

[Spider] Đang cào trang 10/10: https://batdongsan.com.vn/nha-dat-ban-ha-dong/p10
[Spider] ✅ Thành công: Tìm thấy 40 tin đăng ở trang 10.
[Spider] Đang gộp dữ liệu mới vào file cũ (Khớp theo tên cột)...
[Spider] Đã lưu 272 dòng mới. Tổng: 60592 dòng.
[Wed 07/22/2026 12:03:59.98] [2/3] Dang lam sach va day vao PostgreSQL... 
🔍 Đang cấu hình Database với: postgres.kkwivuufxdewurmxtsto@aws-1-ap-southeast-1.pooler.supabase.com:5432/postgres
D:\Python\realtime_estimate_tracker\src\preprocessing\cleaner.py:138: UserWarning: Parsing dates in %d/%m/%Y format when dayfirst=False (the default) was specified. Pass `dayfirst=True` or specify a format to silence this warning.
  df['scraped_date'] = pd.to_datetime(df['scraped_date'], errors='coerce')
Đang đọc dữ liệu thô...
Tổng số dòng thô: 60592
🧠 Đang áp dụng NLP trích xuất Đặc trưng...
🧠 Đang áp dụng KNN Imputer...
✅ Giữ lại 7462/60592 tin hợp lệ.
✅ Đã kết nối thành công tới PostgreSQL.
✅ Bảng 'bds_hadong' đã có PRIMARY KEY. Bỏ qua.
Đang thực hiện Upsert dữ liệu vào PostgreSQL...
🔄 Upsert thành công 7462 bản ghi vào 'bds_hadong'.
✅ Hoàn tất Pipeline ETL.
[Wed 07/22/2026 12:04:48.94] [3/3] Dang dong bo Data len GitHub... 
[main da1f5f4] Auto-update Fast Pipeline: Wed 07/22/2026 12:04:58.57
 4 files changed, 918 insertions(+), 540 deletions(-)
fatal: Unable to persist credentials with the 'wincredman' credential store.
See https://aka.ms/gcm/credstores for more information.
fatal: Unable to persist credentials with the 'wincredman' credential store.
See https://aka.ms/gcm/credstores for more information.
fatal: could not read Username for 'https://github.com': terminal prompts disabled
[Wed 07/22/2026 12:05:03.67] LOI: git push that bai. 
[Wed 07/22/2026 12:05:03.69] LUONG FAST BI DUNG DO LOI 
========================================= 
[Thu 07/23/2026 19:40:54.82] BAT DAU LUONG FAST (QUET BE MAT) 
[Thu 07/23/2026 19:40:54.85] [1/3] Dang cao du lieu be mat... 
[Browser] Đang khởi tạo trình duyệt...
[Browser] Phát hiện Chrome (Windows): Version 139

[Spider] Đang cào trang 1/10: https://batdongsan.com.vn/nha-dat-ban-ha-dong
[Spider] ⚠️ Không tìm thấy dữ liệu (Attempt 1). Có thể bị chặn.
[Spider] 🔄 Đang thử tải lại lần 2/3 cho trang 1...
[Spider] ✅ Thành công: Tìm thấy 30 tin đăng ở trang 1.

[Spider] Đang cào trang 2/10: https://batdongsan.com.vn/nha-dat-ban-ha-dong/p2
[Spider] ✅ Thành công: Tìm thấy 30 tin đăng ở trang 2.

[Spider] Đang cào trang 3/10: https://batdongsan.com.vn/nha-dat-ban-ha-dong/p3
[Spider] ✅ Thành công: Tìm thấy 40 tin đăng ở trang 3.

[Spider] Đang cào trang 4/10: https://batdongsan.com.vn/nha-dat-ban-ha-dong/p4
[Spider] ✅ Thành công: Tìm thấy 40 tin đăng ở trang 4.

[Spider] Đang cào trang 5/10: https://batdongsan.com.vn/nha-dat-ban-ha-dong/p5
[Spider] ✅ Thành công: Tìm thấy 40 tin đăng ở trang 5.

[Spider] Đang cào trang 6/10: https://batdongsan.com.vn/nha-dat-ban-ha-dong/p6
[Spider] ✅ Thành công: Tìm thấy 30 tin đăng ở trang 6.

[Spider] Đang cào trang 7/10: https://batdongsan.com.vn/nha-dat-ban-ha-dong/p7
[Spider] ✅ Thành công: Tìm thấy 40 tin đăng ở trang 7.

[Spider] Đang cào trang 8/10: https://batdongsan.com.vn/nha-dat-ban-ha-dong/p8
[Spider] ✅ Thành công: Tìm thấy 30 tin đăng ở trang 8.

[Spider] Đang cào trang 9/10: https://batdongsan.com.vn/nha-dat-ban-ha-dong/p9
[Spider] ✅ Thành công: Tìm thấy 40 tin đăng ở trang 9.

[Spider] Đang cào trang 10/10: https://batdongsan.com.vn/nha-dat-ban-ha-dong/p10
[Spider] ✅ Thành công: Tìm thấy 40 tin đăng ở trang 10.
[Spider] Đang gộp dữ liệu mới vào file cũ (Khớp theo tên cột)...
[Spider] Đã lưu 262 dòng mới. Tổng: 60854 dòng.
[Thu 07/23/2026 19:45:47.08] [2/3] Dang lam sach va day vao PostgreSQL... 
🔍 Đang cấu hình Database với: postgres.kkwivuufxdewurmxtsto@aws-1-ap-southeast-1.pooler.supabase.com:5432/postgres
D:\Python\realtime_estimate_tracker\src\preprocessing\cleaner.py:138: UserWarning: Parsing dates in %d/%m/%Y format when dayfirst=False (the default) was specified. Pass `dayfirst=True` or specify a format to silence this warning.
  df['scraped_date'] = pd.to_datetime(df['scraped_date'], errors='coerce')
Đang đọc dữ liệu thô...
Tổng số dòng thô: 60854
🧠 Đang áp dụng NLP trích xuất Đặc trưng...
🧠 Đang áp dụng KNN Imputer...
✅ Giữ lại 7514/60854 tin hợp lệ.
✅ Đã kết nối thành công tới PostgreSQL.
✅ Bảng 'bds_hadong' đã có PRIMARY KEY. Bỏ qua.
Đang thực hiện Upsert dữ liệu vào PostgreSQL...
🔄 Upsert thành công 7514 bản ghi vào 'bds_hadong'.
✅ Hoàn tất Pipeline ETL.
[Thu 07/23/2026 19:46:40.94] [3/3] Dang dong bo Data len GitHub... 
[main 2eec464] Auto-update Fast Pipeline: Thu 07/23/2026 19:46:50.09
 4 files changed, 931 insertions(+), 555 deletions(-)
fatal: Unable to persist credentials with the 'wincredman' credential store.
See https://aka.ms/gcm/credstores for more information.
fatal: Unable to persist credentials with the 'wincredman' credential store.
See https://aka.ms/gcm/credstores for more information.
fatal: could not read Username for 'https://github.com': terminal prompts disabled
[Thu 07/23/2026 19:46:54.84] LOI: git push that bai. 
[Thu 07/23/2026 19:46:54.86] LUONG FAST BI DUNG DO LOI 
========================================= 
[Fri 07/24/2026 12:00:02.94] BAT DAU LUONG FAST (QUET BE MAT) 
[Fri 07/24/2026 12:00:02.96] [1/3] Dang cao du lieu be mat... 
[Browser] Đang khởi tạo trình duyệt...
[Browser] Phát hiện Chrome (Windows): Version 139

[Spider] Đang cào trang 1/10: https://batdongsan.com.vn/nha-dat-ban-ha-dong
[Spider] ⚠️ Không tìm thấy dữ liệu (Attempt 1). Có thể bị chặn.
[Spider] 🔄 Đang thử tải lại lần 2/3 cho trang 1...
[Spider] ✅ Thành công: Tìm thấy 30 tin đăng ở trang 1.

[Spider] Đang cào trang 2/10: https://batdongsan.com.vn/nha-dat-ban-ha-dong/p2
[Spider] ✅ Thành công: Tìm thấy 40 tin đăng ở trang 2.

[Spider] Đang cào trang 3/10: https://batdongsan.com.vn/nha-dat-ban-ha-dong/p3
[Spider] ✅ Thành công: Tìm thấy 40 tin đăng ở trang 3.

[Spider] Đang cào trang 4/10: https://batdongsan.com.vn/nha-dat-ban-ha-dong/p4
[Spider] ✅ Thành công: Tìm thấy 40 tin đăng ở trang 4.

[Spider] Đang cào trang 5/10: https://batdongsan.com.vn/nha-dat-ban-ha-dong/p5
[Spider] ✅ Thành công: Tìm thấy 40 tin đăng ở trang 5.

[Spider] Đang cào trang 6/10: https://batdongsan.com.vn/nha-dat-ban-ha-dong/p6
[Spider] ✅ Thành công: Tìm thấy 30 tin đăng ở trang 6.

[Spider] Đang cào trang 7/10: https://batdongsan.com.vn/nha-dat-ban-ha-dong/p7
[Spider] ✅ Thành công: Tìm thấy 40 tin đăng ở trang 7.

[Spider] Đang cào trang 8/10: https://batdongsan.com.vn/nha-dat-ban-ha-dong/p8
[Spider] ✅ Thành công: Tìm thấy 40 tin đăng ở trang 8.

[Spider] Đang cào trang 9/10: https://batdongsan.com.vn/nha-dat-ban-ha-dong/p9
[Spider] ✅ Thành công: Tìm thấy 40 tin đăng ở trang 9.

[Spider] Đang cào trang 10/10: https://batdongsan.com.vn/nha-dat-ban-ha-dong/p10
[Spider] ✅ Thành công: Tìm thấy 40 tin đăng ở trang 10.
[Spider] Đang gộp dữ liệu mới vào file cũ (Khớp theo tên cột)...
[Spider] Đã lưu 272 dòng mới. Tổng: 61126 dòng.
[Fri 07/24/2026 12:04:22.05] [2/3] Dang lam sach va day vao PostgreSQL... 
🔍 Đang cấu hình Database với: postgres.kkwivuufxdewurmxtsto@aws-1-ap-southeast-1.pooler.supabase.com:5432/postgres
D:\Python\realtime_estimate_tracker\src\preprocessing\cleaner.py:138: UserWarning: Parsing dates in %d/%m/%Y format when dayfirst=False (the default) was specified. Pass `dayfirst=True` or specify a format to silence this warning.
  df['scraped_date'] = pd.to_datetime(df['scraped_date'], errors='coerce')
Đang đọc dữ liệu thô...
Tổng số dòng thô: 61126
🧠 Đang áp dụng NLP trích xuất Đặc trưng...
🧠 Đang áp dụng KNN Imputer...
✅ Giữ lại 7560/61126 tin hợp lệ.
✅ Đã kết nối thành công tới PostgreSQL.
✅ Bảng 'bds_hadong' đã có PRIMARY KEY. Bỏ qua.
Đang thực hiện Upsert dữ liệu vào PostgreSQL...
🔄 Upsert thành công 7560 bản ghi vào 'bds_hadong'.
✅ Hoàn tất Pipeline ETL.
[Fri 07/24/2026 12:05:27.97] [3/3] Dang dong bo Data len GitHub... 
[main c4362a2] Auto-update Fast Pipeline: Fri 07/24/2026 12:05:37.57
 4 files changed, 920 insertions(+), 541 deletions(-)
fatal: Unable to persist credentials with the 'wincredman' credential store.
See https://aka.ms/gcm/credstores for more information.
fatal: Unable to persist credentials with the 'wincredman' credential store.
See https://aka.ms/gcm/credstores for more information.
fatal: could not read Username for 'https://github.com': terminal prompts disabled
[Fri 07/24/2026 12:05:42.26] LOI: git push that bai. 
[Fri 07/24/2026 12:05:42.27] LUONG FAST BI DUNG DO LOI 
========================================= 
[Sat 07/25/2026 12:00:02.68] BAT DAU LUONG FAST (QUET BE MAT) 
[Sat 07/25/2026 12:00:02.70] [1/3] Dang cao du lieu be mat... 
[Browser] Đang khởi tạo trình duyệt...
[Browser] Phát hiện Chrome (Windows): Version 139

[Spider] Đang cào trang 1/10: https://batdongsan.com.vn/nha-dat-ban-ha-dong
[Spider] ⚠️ Không tìm thấy dữ liệu (Attempt 1). Có thể bị chặn.
[Spider] 🔄 Đang thử tải lại lần 2/3 cho trang 1...
[Spider] ✅ Thành công: Tìm thấy 40 tin đăng ở trang 1.

[Spider] Đang cào trang 2/10: https://batdongsan.com.vn/nha-dat-ban-ha-dong/p2
[Spider] ✅ Thành công: Tìm thấy 40 tin đăng ở trang 2.

[Spider] Đang cào trang 3/10: https://batdongsan.com.vn/nha-dat-ban-ha-dong/p3
[Spider] ✅ Thành công: Tìm thấy 40 tin đăng ở trang 3.

[Spider] Đang cào trang 4/10: https://batdongsan.com.vn/nha-dat-ban-ha-dong/p4
[Spider] ✅ Thành công: Tìm thấy 40 tin đăng ở trang 4.

[Spider] Đang cào trang 5/10: https://batdongsan.com.vn/nha-dat-ban-ha-dong/p5
[Spider] ✅ Thành công: Tìm thấy 40 tin đăng ở trang 5.

[Spider] Đang cào trang 6/10: https://batdongsan.com.vn/nha-dat-ban-ha-dong/p6
[Spider] ✅ Thành công: Tìm thấy 30 tin đăng ở trang 6.

[Spider] Đang cào trang 7/10: https://batdongsan.com.vn/nha-dat-ban-ha-dong/p7
[Spider] ✅ Thành công: Tìm thấy 40 tin đăng ở trang 7.

[Spider] Đang cào trang 8/10: https://batdongsan.com.vn/nha-dat-ban-ha-dong/p8
[Spider] ✅ Thành công: Tìm thấy 40 tin đăng ở trang 8.

[Spider] Đang cào trang 9/10: https://batdongsan.com.vn/nha-dat-ban-ha-dong/p9
[Spider] ✅ Thành công: Tìm thấy 40 tin đăng ở trang 9.

[Spider] Đang cào trang 10/10: https://batdongsan.com.vn/nha-dat-ban-ha-dong/p10
[Spider] ✅ Thành công: Tìm thấy 40 tin đăng ở trang 10.
[Spider] Đang gộp dữ liệu mới vào file cũ (Khớp theo tên cột)...
[Spider] Đã lưu 277 dòng mới. Tổng: 61403 dòng.
[Sat 07/25/2026 12:04:09.51] [2/3] Dang lam sach va day vao PostgreSQL... 
🔍 Đang cấu hình Database với: postgres.kkwivuufxdewurmxtsto@aws-1-ap-southeast-1.pooler.supabase.com:5432/postgres
D:\Python\realtime_estimate_tracker\src\preprocessing\cleaner.py:138: UserWarning: Parsing dates in %d/%m/%Y format when dayfirst=False (the default) was specified. Pass `dayfirst=True` or specify a format to silence this warning.
  df['scraped_date'] = pd.to_datetime(df['scraped_date'], errors='coerce')
Đang đọc dữ liệu thô...
Tổng số dòng thô: 61403
🧠 Đang áp dụng NLP trích xuất Đặc trưng...
🧠 Đang áp dụng KNN Imputer...
✅ Giữ lại 7609/61403 tin hợp lệ.
✅ Đã kết nối thành công tới PostgreSQL.
✅ Bảng 'bds_hadong' đã có PRIMARY KEY. Bỏ qua.
Đang thực hiện Upsert dữ liệu vào PostgreSQL...
🔄 Upsert thành công 7609 bản ghi vào 'bds_hadong'.
✅ Hoàn tất Pipeline ETL.
[Sat 07/25/2026 12:04:53.74] [3/3] Dang dong bo Data len GitHub... 
[main 5cd2a36] Auto-update Fast Pipeline: Sat 07/25/2026 12:05:02.39
 4 files changed, 1045 insertions(+), 658 deletions(-)
remote: This repository moved. Please use the new location:        
remote:   https://github.com/HieuNT316/hanoi-house-price-prediction.git        
To https://github.com/Alexus143/hanoi-house-price-prediction.git
   ab35bad..5cd2a36  main -> main
[Sat 07/25/2026 12:05:18.24] HOAN THANH LUONG FAST 
========================================= 
[Sun 07/26/2026 12:00:04.85] BAT DAU LUONG FAST (QUET BE MAT) 
[Sun 07/26/2026 12:00:04.88] [1/3] Dang cao du lieu be mat... 
[Browser] Đang khởi tạo trình duyệt...
[Browser] Phát hiện Chrome (Windows): Version 139

[Spider] Đang cào trang 1/10: https://batdongsan.com.vn/nha-dat-ban-ha-dong
[Spider] ✅ Thành công: Tìm thấy 40 tin đăng ở trang 1.

[Spider] Đang cào trang 2/10: https://batdongsan.com.vn/nha-dat-ban-ha-dong/p2
[Spider] ✅ Thành công: Tìm thấy 40 tin đăng ở trang 2.

[Spider] Đang cào trang 3/10: https://batdongsan.com.vn/nha-dat-ban-ha-dong/p3
[Spider] ✅ Thành công: Tìm thấy 40 tin đăng ở trang 3.

[Spider] Đang cào trang 4/10: https://batdongsan.com.vn/nha-dat-ban-ha-dong/p4
[Spider] ✅ Thành công: Tìm thấy 40 tin đăng ở trang 4.

[Spider] Đang cào trang 5/10: https://batdongsan.com.vn/nha-dat-ban-ha-dong/p5
[Spider] ✅ Thành công: Tìm thấy 40 tin đăng ở trang 5.

[Spider] Đang cào trang 6/10: https://batdongsan.com.vn/nha-dat-ban-ha-dong/p6
[Spider] ✅ Thành công: Tìm thấy 30 tin đăng ở trang 6.

[Spider] Đang cào trang 7/10: https://batdongsan.com.vn/nha-dat-ban-ha-dong/p7
[Spider] ✅ Thành công: Tìm thấy 40 tin đăng ở trang 7.

[Spider] Đang cào trang 8/10: https://batdongsan.com.vn/nha-dat-ban-ha-dong/p8
[Spider] ✅ Thành công: Tìm thấy 40 tin đăng ở trang 8.

[Spider] Đang cào trang 9/10: https://batdongsan.com.vn/nha-dat-ban-ha-dong/p9
[Spider] ✅ Thành công: Tìm thấy 40 tin đăng ở trang 9.

[Spider] Đang cào trang 10/10: https://batdongsan.com.vn/nha-dat-ban-ha-dong/p10
[Spider] ✅ Thành công: Tìm thấy 40 tin đăng ở trang 10.
[Spider] Đang gộp dữ liệu mới vào file cũ (Khớp theo tên cột)...
[Spider] Đã lưu 277 dòng mới. Tổng: 61680 dòng.
[Sun 07/26/2026 12:04:09.96] [2/3] Dang lam sach va day vao PostgreSQL... 
🔍 Đang cấu hình Database với: postgres.kkwivuufxdewurmxtsto@aws-1-ap-southeast-1.pooler.supabase.com:5432/postgres
D:\Python\realtime_estimate_tracker\src\preprocessing\cleaner.py:138: UserWarning: Parsing dates in %d/%m/%Y format when dayfirst=False (the default) was specified. Pass `dayfirst=True` or specify a format to silence this warning.
  df['scraped_date'] = pd.to_datetime(df['scraped_date'], errors='coerce')
Đang đọc dữ liệu thô...
Tổng số dòng thô: 61680
🧠 Đang áp dụng NLP trích xuất Đặc trưng...
🧠 Đang áp dụng KNN Imputer...
✅ Giữ lại 7657/61680 tin hợp lệ.
✅ Đã kết nối thành công tới PostgreSQL.
✅ Bảng 'bds_hadong' đã có PRIMARY KEY. Bỏ qua.
Đang thực hiện Upsert dữ liệu vào PostgreSQL...
🔄 Upsert thành công 7657 bản ghi vào 'bds_hadong'.
✅ Hoàn tất Pipeline ETL.
[Sun 07/26/2026 12:05:02.87] [3/3] Dang dong bo Data len GitHub... 
[main 912ed97] Auto-update Fast Pipeline: Sun 07/26/2026 12:05:13.79
 4 files changed, 977 insertions(+), 593 deletions(-)
remote: This repository moved. Please use the new location:        
remote:   https://github.com/HieuNT316/hanoi-house-price-prediction.git        
To https://github.com/Alexus143/hanoi-house-price-prediction.git
   2169eb6..912ed97  main -> main
[Sun 07/26/2026 12:05:26.25] HOAN THANH LUONG FAST 
========================================= 
[Mon 07/27/2026 12:00:02.43] BAT DAU LUONG FAST (QUET BE MAT) 
[Mon 07/27/2026 12:00:02.45] [1/3] Dang cao du lieu be mat... 
[Browser] Đang khởi tạo trình duyệt...
[Browser] Phát hiện Chrome (Windows): Version 139

[Spider] Đang cào trang 1/10: https://batdongsan.com.vn/nha-dat-ban-ha-dong
[Spider] ✅ Thành công: Tìm thấy 40 tin đăng ở trang 1.

[Spider] Đang cào trang 2/10: https://batdongsan.com.vn/nha-dat-ban-ha-dong/p2
[Spider] ✅ Thành công: Tìm thấy 40 tin đăng ở trang 2.

[Spider] Đang cào trang 3/10: https://batdongsan.com.vn/nha-dat-ban-ha-dong/p3
[Spider] ✅ Thành công: Tìm thấy 40 tin đăng ở trang 3.

[Spider] Đang cào trang 4/10: https://batdongsan.com.vn/nha-dat-ban-ha-dong/p4
[Spider] ✅ Thành công: Tìm thấy 40 tin đăng ở trang 4.

[Spider] Đang cào trang 5/10: https://batdongsan.com.vn/nha-dat-ban-ha-dong/p5
[Spider] ✅ Thành công: Tìm thấy 40 tin đăng ở trang 5.

[Spider] Đang cào trang 6/10: https://batdongsan.com.vn/nha-dat-ban-ha-dong/p6
[Spider] ✅ Thành công: Tìm thấy 30 tin đăng ở trang 6.

[Spider] Đang cào trang 7/10: https://batdongsan.com.vn/nha-dat-ban-ha-dong/p7
[Spider] ✅ Thành công: Tìm thấy 20 tin đăng ở trang 7.

[Spider] Đang cào trang 8/10: https://batdongsan.com.vn/nha-dat-ban-ha-dong/p8
[Spider] ✅ Thành công: Tìm thấy 40 tin đăng ở trang 8.

[Spider] Đang cào trang 9/10: https://batdongsan.com.vn/nha-dat-ban-ha-dong/p9
[Spider] ✅ Thành công: Tìm thấy 40 tin đăng ở trang 9.

[Spider] Đang cào trang 10/10: https://batdongsan.com.vn/nha-dat-ban-ha-dong/p10
[Spider] ✅ Thành công: Tìm thấy 40 tin đăng ở trang 10.
[Spider] Đang gộp dữ liệu mới vào file cũ (Khớp theo tên cột)...
[Spider] Đã lưu 269 dòng mới. Tổng: 61949 dòng.
[Mon 07/27/2026 12:03:56.55] [2/3] Dang lam sach va day vao PostgreSQL... 
🔍 Đang cấu hình Database với: postgres.kkwivuufxdewurmxtsto@aws-1-ap-southeast-1.pooler.supabase.com:5432/postgres
D:\Python\realtime_estimate_tracker\src\preprocessing\cleaner.py:138: UserWarning: Parsing dates in %d/%m/%Y format when dayfirst=False (the default) was specified. Pass `dayfirst=True` or specify a format to silence this warning.
  df['scraped_date'] = pd.to_datetime(df['scraped_date'], errors='coerce')
Đang đọc dữ liệu thô...
Tổng số dòng thô: 61949
🧠 Đang áp dụng NLP trích xuất Đặc trưng...
🧠 Đang áp dụng KNN Imputer...
✅ Giữ lại 7686/61949 tin hợp lệ.
✅ Đã kết nối thành công tới PostgreSQL.
✅ Bảng 'bds_hadong' đã có PRIMARY KEY. Bỏ qua.
Đang thực hiện Upsert dữ liệu vào PostgreSQL...
🔄 Upsert thành công 7686 bản ghi vào 'bds_hadong'.
✅ Hoàn tất Pipeline ETL.
[Mon 07/27/2026 12:04:48.31] [3/3] Dang dong bo Data len GitHub... 
[main 9a79b41] Auto-update Fast Pipeline: Mon 07/27/2026 12:05:01.54
 4 files changed, 925 insertions(+), 568 deletions(-)
remote: This repository moved. Please use the new location:        
remote:   https://github.com/HieuNT316/hanoi-house-price-prediction.git        
To https://github.com/Alexus143/hanoi-house-price-prediction.git
   d5758c1..9a79b41  main -> main
[Mon 07/27/2026 12:05:19.87] HOAN THANH LUONG FAST 
========================================= 
[Tue 07/28/2026 12:00:02.32] BAT DAU LUONG FAST (QUET BE MAT) 
[Tue 07/28/2026 12:00:02.33] [1/3] Dang cao du lieu be mat... 
[Browser] Đang khởi tạo trình duyệt...
[Browser] Phát hiện Chrome (Windows): Version 139

[Spider] Đang cào trang 1/10: https://batdongsan.com.vn/nha-dat-ban-ha-dong
[Spider] ⚠️ Không tìm thấy dữ liệu (Attempt 1). Có thể bị chặn.
[Spider] 🔄 Đang thử tải lại lần 2/3 cho trang 1...
[Spider] ✅ Thành công: Tìm thấy 30 tin đăng ở trang 1.

[Spider] Đang cào trang 2/10: https://batdongsan.com.vn/nha-dat-ban-ha-dong/p2
[Spider] ✅ Thành công: Tìm thấy 40 tin đăng ở trang 2.

[Spider] Đang cào trang 3/10: https://batdongsan.com.vn/nha-dat-ban-ha-dong/p3
[Spider] ✅ Thành công: Tìm thấy 40 tin đăng ở trang 3.

[Spider] Đang cào trang 4/10: https://batdongsan.com.vn/nha-dat-ban-ha-dong/p4
[Spider] ✅ Thành công: Tìm thấy 40 tin đăng ở trang 4.

[Spider] Đang cào trang 5/10: https://batdongsan.com.vn/nha-dat-ban-ha-dong/p5
[Spider] ✅ Thành công: Tìm thấy 40 tin đăng ở trang 5.

[Spider] Đang cào trang 6/10: https://batdongsan.com.vn/nha-dat-ban-ha-dong/p6
[Spider] ✅ Thành công: Tìm thấy 40 tin đăng ở trang 6.

[Spider] Đang cào trang 7/10: https://batdongsan.com.vn/nha-dat-ban-ha-dong/p7
[Spider] ✅ Thành công: Tìm thấy 30 tin đăng ở trang 7.

[Spider] Đang cào trang 8/10: https://batdongsan.com.vn/nha-dat-ban-ha-dong/p8
[Spider] ✅ Thành công: Tìm thấy 40 tin đăng ở trang 8.

[Spider] Đang cào trang 9/10: https://batdongsan.com.vn/nha-dat-ban-ha-dong/p9
[Spider] ✅ Thành công: Tìm thấy 40 tin đăng ở trang 9.

[Spider] Đang cào trang 10/10: https://batdongsan.com.vn/nha-dat-ban-ha-dong/p10
[Spider] ✅ Thành công: Tìm thấy 40 tin đăng ở trang 10.
[Spider] Đang gộp dữ liệu mới vào file cũ (Khớp theo tên cột)...
[Spider] Đã lưu 272 dòng mới. Tổng: 62221 dòng.
[Tue 07/28/2026 12:04:30.87] [2/3] Dang lam sach va day vao PostgreSQL... 
🔍 Đang cấu hình Database với: postgres.kkwivuufxdewurmxtsto@aws-1-ap-southeast-1.pooler.supabase.com:5432/postgres
D:\Python\realtime_estimate_tracker\src\preprocessing\cleaner.py:138: UserWarning: Parsing dates in %d/%m/%Y format when dayfirst=False (the default) was specified. Pass `dayfirst=True` or specify a format to silence this warning.
  df['scraped_date'] = pd.to_datetime(df['scraped_date'], errors='coerce')
Đang đọc dữ liệu thô...
Tổng số dòng thô: 62221
🧠 Đang áp dụng NLP trích xuất Đặc trưng...
🧠 Đang áp dụng KNN Imputer...
✅ Giữ lại 7724/62221 tin hợp lệ.
✅ Đã kết nối thành công tới PostgreSQL.
✅ Bảng 'bds_hadong' đã có PRIMARY KEY. Bỏ qua.
Đang thực hiện Upsert dữ liệu vào PostgreSQL...
🔄 Upsert thành công 7724 bản ghi vào 'bds_hadong'.
✅ Hoàn tất Pipeline ETL.
[Tue 07/28/2026 12:05:26.79] [3/3] Dang dong bo Data len GitHub... 
[main fd454fb] Auto-update Fast Pipeline: Tue 07/28/2026 12:05:40.77
 4 files changed, 970 insertions(+), 599 deletions(-)
remote: This repository moved. Please use the new location:        
remote:   https://github.com/HieuNT316/hanoi-house-price-prediction.git        
To https://github.com/Alexus143/hanoi-house-price-prediction.git
   7e58507..fd454fb  main -> main
[Tue 07/28/2026 12:05:53.65] HOAN THANH LUONG FAST 
========================================= 
[Wed 07/29/2026 12:00:02.83] BAT DAU LUONG FAST (QUET BE MAT) 
[Wed 07/29/2026 12:00:02.85] [1/3] Dang cao du lieu be mat... 
[Browser] Đang khởi tạo trình duyệt...
[Browser] Phát hiện Chrome (Windows): Version 139

[Spider] Đang cào trang 1/10: https://batdongsan.com.vn/nha-dat-ban-ha-dong
[Spider] ✅ Thành công: Tìm thấy 30 tin đăng ở trang 1.

[Spider] Đang cào trang 2/10: https://batdongsan.com.vn/nha-dat-ban-ha-dong/p2
[Spider] ✅ Thành công: Tìm thấy 40 tin đăng ở trang 2.

[Spider] Đang cào trang 3/10: https://batdongsan.com.vn/nha-dat-ban-ha-dong/p3
[Spider] ✅ Thành công: Tìm thấy 40 tin đăng ở trang 3.

[Spider] Đang cào trang 4/10: https://batdongsan.com.vn/nha-dat-ban-ha-dong/p4
[Spider] ✅ Thành công: Tìm thấy 40 tin đăng ở trang 4.

[Spider] Đang cào trang 5/10: https://batdongsan.com.vn/nha-dat-ban-ha-dong/p5
[Spider] ✅ Thành công: Tìm thấy 30 tin đăng ở trang 5.

[Spider] Đang cào trang 6/10: https://batdongsan.com.vn/nha-dat-ban-ha-dong/p6
[Spider] ✅ Thành công: Tìm thấy 30 tin đăng ở trang 6.

[Spider] Đang cào trang 7/10: https://batdongsan.com.vn/nha-dat-ban-ha-dong/p7
[Spider] ✅ Thành công: Tìm thấy 40 tin đăng ở trang 7.

[Spider] Đang cào trang 8/10: https://batdongsan.com.vn/nha-dat-ban-ha-dong/p8
[Spider] ✅ Thành công: Tìm thấy 40 tin đăng ở trang 8.

[Spider] Đang cào trang 9/10: https://batdongsan.com.vn/nha-dat-ban-ha-dong/p9
[Spider] ✅ Thành công: Tìm thấy 30 tin đăng ở trang 9.

[Spider] Đang cào trang 10/10: https://batdongsan.com.vn/nha-dat-ban-ha-dong/p10
[Spider] ✅ Thành công: Tìm thấy 40 tin đăng ở trang 10.
[Spider] Đang gộp dữ liệu mới vào file cũ (Khớp theo tên cột)...
[Spider] Đã lưu 262 dòng mới. Tổng: 62483 dòng.
[Wed 07/29/2026 12:03:58.42] [2/3] Dang lam sach va day vao PostgreSQL... 
🔍 Đang cấu hình Database với: postgres.kkwivuufxdewurmxtsto@aws-1-ap-southeast-1.pooler.supabase.com:5432/postgres
D:\Python\realtime_estimate_tracker\src\preprocessing\cleaner.py:138: UserWarning: Parsing dates in %d/%m/%Y format when dayfirst=False (the default) was specified. Pass `dayfirst=True` or specify a format to silence this warning.
  df['scraped_date'] = pd.to_datetime(df['scraped_date'], errors='coerce')
Đang đọc dữ liệu thô...
Tổng số dòng thô: 62483
🧠 Đang áp dụng NLP trích xuất Đặc trưng...
🧠 Đang áp dụng KNN Imputer...
✅ Giữ lại 7764/62483 tin hợp lệ.
✅ Đã kết nối thành công tới PostgreSQL.
✅ Bảng 'bds_hadong' đã có PRIMARY KEY. Bỏ qua.
Đang thực hiện Upsert dữ liệu vào PostgreSQL...
🔄 Upsert thành công 7764 bản ghi vào 'bds_hadong'.
✅ Hoàn tất Pipeline ETL.
[Wed 07/29/2026 12:04:56.50] [3/3] Dang dong bo Data len GitHub... 
[main 0919b2e] Auto-update Fast Pipeline: Wed 07/29/2026 12:05:09.15
 4 files changed, 908 insertions(+), 547 deletions(-)
remote: This repository moved. Please use the new location:        
remote:   https://github.com/HieuNT316/hanoi-house-price-prediction.git        
To https://github.com/Alexus143/hanoi-house-price-prediction.git
   377cfd0..0919b2e  main -> main
[Wed 07/29/2026 12:05:21.48] HOAN THANH LUONG FAST 
========================================= 
[Thu 07/30/2026 12:00:02.95] BAT DAU LUONG FAST (QUET BE MAT) 
[Thu 07/30/2026 12:00:02.98] [1/3] Dang cao du lieu be mat... 
[Browser] Đang khởi tạo trình duyệt...
[Browser] Phát hiện Chrome (Windows): Version 139

[Spider] Đang cào trang 1/10: https://batdongsan.com.vn/nha-dat-ban-ha-dong
[Spider] ⚠️ Không tìm thấy dữ liệu (Attempt 1). Có thể bị chặn.
[Spider] 🔄 Đang thử tải lại lần 2/3 cho trang 1...
[Spider] ✅ Thành công: Tìm thấy 40 tin đăng ở trang 1.

[Spider] Đang cào trang 2/10: https://batdongsan.com.vn/nha-dat-ban-ha-dong/p2
[Spider] ✅ Thành công: Tìm thấy 40 tin đăng ở trang 2.

[Spider] Đang cào trang 3/10: https://batdongsan.com.vn/nha-dat-ban-ha-dong/p3
[Spider] ✅ Thành công: Tìm thấy 40 tin đăng ở trang 3.

[Spider] Đang cào trang 4/10: https://batdongsan.com.vn/nha-dat-ban-ha-dong/p4
[Spider] ✅ Thành công: Tìm thấy 40 tin đăng ở trang 4.

[Spider] Đang cào trang 5/10: https://batdongsan.com.vn/nha-dat-ban-ha-dong/p5
[Spider] ✅ Thành công: Tìm thấy 40 tin đăng ở trang 5.

[Spider] Đang cào trang 6/10: https://batdongsan.com.vn/nha-dat-ban-ha-dong/p6
[Spider] ✅ Thành công: Tìm thấy 30 tin đăng ở trang 6.

[Spider] Đang cào trang 7/10: https://batdongsan.com.vn/nha-dat-ban-ha-dong/p7
[Spider] ✅ Thành công: Tìm thấy 30 tin đăng ở trang 7.

[Spider] Đang cào trang 8/10: https://batdongsan.com.vn/nha-dat-ban-ha-dong/p8
[Spider] ✅ Thành công: Tìm thấy 40 tin đăng ở trang 8.

[Spider] Đang cào trang 9/10: https://batdongsan.com.vn/nha-dat-ban-ha-dong/p9
[Spider] ✅ Thành công: Tìm thấy 40 tin đăng ở trang 9.

[Spider] Đang cào trang 10/10: https://batdongsan.com.vn/nha-dat-ban-ha-dong/p10
[Spider] ✅ Thành công: Tìm thấy 40 tin đăng ở trang 10.
[Spider] Đang gộp dữ liệu mới vào file cũ (Khớp theo tên cột)...
[Spider] Đã lưu 274 dòng mới. Tổng: 62757 dòng.
[Thu 07/30/2026 12:04:16.64] [2/3] Dang lam sach va day vao PostgreSQL... 
🔍 Đang cấu hình Database với: postgres.kkwivuufxdewurmxtsto@aws-1-ap-southeast-1.pooler.supabase.com:5432/postgres
D:\Python\realtime_estimate_tracker\src\preprocessing\cleaner.py:138: UserWarning: Parsing dates in %d/%m/%Y format when dayfirst=False (the default) was specified. Pass `dayfirst=True` or specify a format to silence this warning.
  df['scraped_date'] = pd.to_datetime(df['scraped_date'], errors='coerce')
Đang đọc dữ liệu thô...
Tổng số dòng thô: 62757
🧠 Đang áp dụng NLP trích xuất Đặc trưng...
🧠 Đang áp dụng KNN Imputer...
✅ Giữ lại 7801/62757 tin hợp lệ.
✅ Đã kết nối thành công tới PostgreSQL.
✅ Bảng 'bds_hadong' đã có PRIMARY KEY. Bỏ qua.
Đang thực hiện Upsert dữ liệu vào PostgreSQL...
🔄 Upsert thành công 7801 bản ghi vào 'bds_hadong'.
✅ Hoàn tất Pipeline ETL.
[Thu 07/30/2026 12:05:12.56] [3/3] Dang dong bo Data len GitHub... 
[main 12f44bc] Auto-update Fast Pipeline: Thu 07/30/2026 12:05:23.29
 4 files changed, 875 insertions(+), 503 deletions(-)
remote: This repository moved. Please use the new location:        
remote:   https://github.com/HieuNT316/hanoi-house-price-prediction.git        
To https://github.com/Alexus143/hanoi-house-price-prediction.git
   3c280ea..12f44bc  main -> main
[Thu 07/30/2026 12:05:35.49] HOAN THANH LUONG FAST 
========================================= 
[Fri 07/31/2026 12:00:02.79] BAT DAU LUONG FAST (QUET BE MAT) 
[Fri 07/31/2026 12:00:02.82] [1/3] Dang cao du lieu be mat... 
[Browser] Đang khởi tạo trình duyệt...
[Browser] Phát hiện Chrome (Windows): Version 139

[Spider] Đang cào trang 1/10: https://batdongsan.com.vn/nha-dat-ban-ha-dong
[Spider] ✅ Thành công: Tìm thấy 40 tin đăng ở trang 1.

[Spider] Đang cào trang 2/10: https://batdongsan.com.vn/nha-dat-ban-ha-dong/p2
[Spider] ✅ Thành công: Tìm thấy 30 tin đăng ở trang 2.

[Spider] Đang cào trang 3/10: https://batdongsan.com.vn/nha-dat-ban-ha-dong/p3
[Spider] ✅ Thành công: Tìm thấy 40 tin đăng ở trang 3.

[Spider] Đang cào trang 4/10: https://batdongsan.com.vn/nha-dat-ban-ha-dong/p4
[Spider] ✅ Thành công: Tìm thấy 40 tin đăng ở trang 4.

[Spider] Đang cào trang 5/10: https://batdongsan.com.vn/nha-dat-ban-ha-dong/p5
[Spider] ✅ Thành công: Tìm thấy 30 tin đăng ở trang 5.

[Spider] Đang cào trang 6/10: https://batdongsan.com.vn/nha-dat-ban-ha-dong/p6
[Spider] ✅ Thành công: Tìm thấy 30 tin đăng ở trang 6.

[Spider] Đang cào trang 7/10: https://batdongsan.com.vn/nha-dat-ban-ha-dong/p7
[Spider] ✅ Thành công: Tìm thấy 40 tin đăng ở trang 7.

[Spider] Đang cào trang 8/10: https://batdongsan.com.vn/nha-dat-ban-ha-dong/p8
[Spider] ✅ Thành công: Tìm thấy 40 tin đăng ở trang 8.

[Spider] Đang cào trang 9/10: https://batdongsan.com.vn/nha-dat-ban-ha-dong/p9
[Spider] ✅ Thành công: Tìm thấy 40 tin đăng ở trang 9.

[Spider] Đang cào trang 10/10: https://batdongsan.com.vn/nha-dat-ban-ha-dong/p10
[Spider] ✅ Thành công: Tìm thấy 40 tin đăng ở trang 10.
[Spider] Đang gộp dữ liệu mới vào file cũ (Khớp theo tên cột)...
[Spider] Đã lưu 267 dòng mới. Tổng: 63024 dòng.
[Fri 07/31/2026 12:03:55.14] [2/3] Dang lam sach va day vao PostgreSQL... 
🔍 Đang cấu hình Database với: postgres.kkwivuufxdewurmxtsto@aws-1-ap-southeast-1.pooler.supabase.com:5432/postgres
D:\Python\realtime_estimate_tracker\src\preprocessing\cleaner.py:138: UserWarning: Parsing dates in %d/%m/%Y format when dayfirst=False (the default) was specified. Pass `dayfirst=True` or specify a format to silence this warning.
  df['scraped_date'] = pd.to_datetime(df['scraped_date'], errors='coerce')
Đang đọc dữ liệu thô...
Tổng số dòng thô: 63024
🧠 Đang áp dụng NLP trích xuất Đặc trưng...
🧠 Đang áp dụng KNN Imputer...
✅ Giữ lại 7842/63024 tin hợp lệ.
✅ Đã kết nối thành công tới PostgreSQL.
✅ Bảng 'bds_hadong' đã có PRIMARY KEY. Bỏ qua.
Đang thực hiện Upsert dữ liệu vào PostgreSQL...
🔄 Upsert thành công 7842 bản ghi vào 'bds_hadong'.
✅ Hoàn tất Pipeline ETL.
[Fri 07/31/2026 12:04:54.85] [3/3] Dang dong bo Data len GitHub... 
[main eaea52a] Auto-update Fast Pipeline: Fri 07/31/2026 12:05:04.76
 4 files changed, 917 insertions(+), 549 deletions(-)
remote: This repository moved. Please use the new location:        
remote:   https://github.com/HieuNT316/hanoi-house-price-prediction.git        
To https://github.com/Alexus143/hanoi-house-price-prediction.git
   12e432d..eaea52a  main -> main
[Fri 07/31/2026 12:05:18.86] HOAN THANH LUONG FAST 
========================================= 
[Sat 08/01/2026 12:00:02.86] BAT DAU LUONG FAST (QUET BE MAT) 
[Sat 08/01/2026 12:00:02.88] [1/3] Dang cao du lieu be mat... 
[Browser] Đang khởi tạo trình duyệt...
[Browser] Phát hiện Chrome (Windows): Version 139

[Spider] Đang cào trang 1/10: https://batdongsan.com.vn/nha-dat-ban-ha-dong
[Spider] ✅ Thành công: Tìm thấy 40 tin đăng ở trang 1.

[Spider] Đang cào trang 2/10: https://batdongsan.com.vn/nha-dat-ban-ha-dong/p2
[Spider] ✅ Thành công: Tìm thấy 40 tin đăng ở trang 2.

[Spider] Đang cào trang 3/10: https://batdongsan.com.vn/nha-dat-ban-ha-dong/p3
[Spider] ✅ Thành công: Tìm thấy 40 tin đăng ở trang 3.

[Spider] Đang cào trang 4/10: https://batdongsan.com.vn/nha-dat-ban-ha-dong/p4
[Spider] ✅ Thành công: Tìm thấy 40 tin đăng ở trang 4.

[Spider] Đang cào trang 5/10: https://batdongsan.com.vn/nha-dat-ban-ha-dong/p5
[Spider] ✅ Thành công: Tìm thấy 40 tin đăng ở trang 5.

[Spider] Đang cào trang 6/10: https://batdongsan.com.vn/nha-dat-ban-ha-dong/p6
[Spider] ✅ Thành công: Tìm thấy 30 tin đăng ở trang 6.

[Spider] Đang cào trang 7/10: https://batdongsan.com.vn/nha-dat-ban-ha-dong/p7
[Spider] ✅ Thành công: Tìm thấy 40 tin đăng ở trang 7.

[Spider] Đang cào trang 8/10: https://batdongsan.com.vn/nha-dat-ban-ha-dong/p8
[Spider] ✅ Thành công: Tìm thấy 40 tin đăng ở trang 8.

[Spider] Đang cào trang 9/10: https://batdongsan.com.vn/nha-dat-ban-ha-dong/p9
[Spider] ✅ Thành công: Tìm thấy 40 tin đăng ở trang 9.

[Spider] Đang cào trang 10/10: https://batdongsan.com.vn/nha-dat-ban-ha-dong/p10
[Spider] ✅ Thành công: Tìm thấy 40 tin đăng ở trang 10.
[Spider] Đang gộp dữ liệu mới vào file cũ (Khớp theo tên cột)...
[Spider] Đã lưu 277 dòng mới. Tổng: 63301 dòng.
[Sat 08/01/2026 12:04:02.26] [2/3] Dang lam sach va day vao PostgreSQL... 
🔍 Đang cấu hình Database với: postgres.kkwivuufxdewurmxtsto@aws-1-ap-southeast-1.pooler.supabase.com:5432/postgres
D:\Python\realtime_estimate_tracker\src\preprocessing\cleaner.py:138: UserWarning: Parsing dates in %d/%m/%Y format when dayfirst=False (the default) was specified. Pass `dayfirst=True` or specify a format to silence this warning.
  df['scraped_date'] = pd.to_datetime(df['scraped_date'], errors='coerce')
Đang đọc dữ liệu thô...
Tổng số dòng thô: 63301
🧠 Đang áp dụng NLP trích xuất Đặc trưng...
🧠 Đang áp dụng KNN Imputer...
✅ Giữ lại 7888/63301 tin hợp lệ.
✅ Đã kết nối thành công tới PostgreSQL.
✅ Bảng 'bds_hadong' đã có PRIMARY KEY. Bỏ qua.
Đang thực hiện Upsert dữ liệu vào PostgreSQL...
🔄 Upsert thành công 7888 bản ghi vào 'bds_hadong'.
✅ Hoàn tất Pipeline ETL.
[Sat 08/01/2026 12:04:52.26] [3/3] Dang dong bo Data len GitHub... 
[main efcff9a] Auto-update Fast Pipeline: Sat 08/01/2026 12:05:01.82
 4 files changed, 896 insertions(+), 513 deletions(-)
remote: This repository moved. Please use the new location:        
remote:   https://github.com/HieuNT316/hanoi-house-price-prediction.git        
To https://github.com/Alexus143/hanoi-house-price-prediction.git
   b1ac2e6..efcff9a  main -> main
[Sat 08/01/2026 12:05:20.33] HOAN THANH LUONG FAST 
========================================= 
[Sun 08/02/2026 12:00:02.82] BAT DAU LUONG FAST (QUET BE MAT) 
[Sun 08/02/2026 12:00:02.84] [1/3] Dang cao du lieu be mat... 
[Browser] Đang khởi tạo trình duyệt...
[Browser] Phát hiện Chrome (Windows): Version 139

[Spider] Đang cào trang 1/10: https://batdongsan.com.vn/nha-dat-ban-ha-dong
[Spider] ✅ Thành công: Tìm thấy 40 tin đăng ở trang 1.

[Spider] Đang cào trang 2/10: https://batdongsan.com.vn/nha-dat-ban-ha-dong/p2
[Spider] ✅ Thành công: Tìm thấy 40 tin đăng ở trang 2.

[Spider] Đang cào trang 3/10: https://batdongsan.com.vn/nha-dat-ban-ha-dong/p3
[Spider] ✅ Thành công: Tìm thấy 40 tin đăng ở trang 3.

[Spider] Đang cào trang 4/10: https://batdongsan.com.vn/nha-dat-ban-ha-dong/p4
[Spider] ✅ Thành công: Tìm thấy 40 tin đăng ở trang 4.

[Spider] Đang cào trang 5/10: https://batdongsan.com.vn/nha-dat-ban-ha-dong/p5
[Spider] ✅ Thành công: Tìm thấy 40 tin đăng ở trang 5.

[Spider] Đang cào trang 6/10: https://batdongsan.com.vn/nha-dat-ban-ha-dong/p6
[Spider] ✅ Thành công: Tìm thấy 30 tin đăng ở trang 6.

[Spider] Đang cào trang 7/10: https://batdongsan.com.vn/nha-dat-ban-ha-dong/p7
[Spider] ✅ Thành công: Tìm thấy 40 tin đăng ở trang 7.

[Spider] Đang cào trang 8/10: https://batdongsan.com.vn/nha-dat-ban-ha-dong/p8
[Spider] ✅ Thành công: Tìm thấy 40 tin đăng ở trang 8.

[Spider] Đang cào trang 9/10: https://batdongsan.com.vn/nha-dat-ban-ha-dong/p9
[Spider] ✅ Thành công: Tìm thấy 40 tin đăng ở trang 9.

[Spider] Đang cào trang 10/10: https://batdongsan.com.vn/nha-dat-ban-ha-dong/p10
[Spider] ✅ Thành công: Tìm thấy 40 tin đăng ở trang 10.
[Spider] Đang gộp dữ liệu mới vào file cũ (Khớp theo tên cột)...
[Spider] Đã lưu 277 dòng mới. Tổng: 63578 dòng.
[Sun 08/02/2026 12:04:30.05] [2/3] Dang lam sach va day vao PostgreSQL... 
🔍 Đang cấu hình Database với: postgres.kkwivuufxdewurmxtsto@aws-1-ap-southeast-1.pooler.supabase.com:5432/postgres
D:\Python\realtime_estimate_tracker\src\preprocessing\cleaner.py:138: UserWarning: Parsing dates in %d/%m/%Y format when dayfirst=False (the default) was specified. Pass `dayfirst=True` or specify a format to silence this warning.
  df['scraped_date'] = pd.to_datetime(df['scraped_date'], errors='coerce')
Đang đọc dữ liệu thô...
Tổng số dòng thô: 63578
🧠 Đang áp dụng NLP trích xuất Đặc trưng...
🧠 Đang áp dụng KNN Imputer...
✅ Giữ lại 7925/63578 tin hợp lệ.
✅ Đã kết nối thành công tới PostgreSQL.
✅ Bảng 'bds_hadong' đã có PRIMARY KEY. Bỏ qua.
Đang thực hiện Upsert dữ liệu vào PostgreSQL...
🔄 Upsert thành công 7925 bản ghi vào 'bds_hadong'.
✅ Hoàn tất Pipeline ETL.
[Sun 08/02/2026 12:05:24.45] [3/3] Dang dong bo Data len GitHub... 
[main fbf60d6] Auto-update Fast Pipeline: Sun 08/02/2026 12:05:34.25
 4 files changed, 918 insertions(+), 544 deletions(-)
remote: This repository moved. Please use the new location:        
remote:   https://github.com/HieuNT316/hanoi-house-price-prediction.git        
To https://github.com/Alexus143/hanoi-house-price-prediction.git
   c959e4e..fbf60d6  main -> main
[Sun 08/02/2026 12:05:52.64] HOAN THANH LUONG FAST 
========================================= 
[Mon 08/03/2026 12:00:02.70] BAT DAU LUONG FAST (QUET BE MAT) 
[Mon 08/03/2026 12:00:02.72] [1/3] Dang cao du lieu be mat... 
[Browser] Đang khởi tạo trình duyệt...
[Browser] Phát hiện Chrome (Windows): Version 139

[Spider] Đang cào trang 1/10: https://batdongsan.com.vn/nha-dat-ban-ha-dong
[Spider] ✅ Thành công: Tìm thấy 41 tin đăng ở trang 1.

[Spider] Đang cào trang 2/10: https://batdongsan.com.vn/nha-dat-ban-ha-dong/p2
[Spider] ✅ Thành công: Tìm thấy 41 tin đăng ở trang 2.

[Spider] Đang cào trang 3/10: https://batdongsan.com.vn/nha-dat-ban-ha-dong/p3
[Spider] ✅ Thành công: Tìm thấy 41 tin đăng ở trang 3.

[Spider] Đang cào trang 4/10: https://batdongsan.com.vn/nha-dat-ban-ha-dong/p4
[Spider] ✅ Thành công: Tìm thấy 41 tin đăng ở trang 4.

[Spider] Đang cào trang 5/10: https://batdongsan.com.vn/nha-dat-ban-ha-dong/p5
[Spider] ✅ Thành công: Tìm thấy 41 tin đăng ở trang 5.

[Spider] Đang cào trang 6/10: https://batdongsan.com.vn/nha-dat-ban-ha-dong/p6
[Spider] ✅ Thành công: Tìm thấy 31 tin đăng ở trang 6.

[Spider] Đang cào trang 7/10: https://batdongsan.com.vn/nha-dat-ban-ha-dong/p7
[Spider] ✅ Thành công: Tìm thấy 41 tin đăng ở trang 7.

[Spider] Đang cào trang 8/10: https://batdongsan.com.vn/nha-dat-ban-ha-dong/p8
[Spider] ✅ Thành công: Tìm thấy 41 tin đăng ở trang 8.

[Spider] Đang cào trang 9/10: https://batdongsan.com.vn/nha-dat-ban-ha-dong/p9
[Spider] ✅ Thành công: Tìm thấy 41 tin đăng ở trang 9.

[Spider] Đang cào trang 10/10: https://batdongsan.com.vn/nha-dat-ban-ha-dong/p10
[Spider] ✅ Thành công: Tìm thấy 41 tin đăng ở trang 10.
[Spider] Đang gộp dữ liệu mới vào file cũ (Khớp theo tên cột)...
[Spider] Đã lưu 287 dòng mới. Tổng: 63865 dòng.
[Mon 08/03/2026 12:04:25.38] [2/3] Dang lam sach va day vao PostgreSQL... 
🔍 Đang cấu hình Database với: postgres.kkwivuufxdewurmxtsto@aws-1-ap-southeast-1.pooler.supabase.com:5432/postgres
D:\Python\realtime_estimate_tracker\src\preprocessing\cleaner.py:138: UserWarning: Parsing dates in %d/%m/%Y format when dayfirst=False (the default) was specified. Pass `dayfirst=True` or specify a format to silence this warning.
  df['scraped_date'] = pd.to_datetime(df['scraped_date'], errors='coerce')
Đang đọc dữ liệu thô...
Tổng số dòng thô: 63865
🧠 Đang áp dụng NLP trích xuất Đặc trưng...
🧠 Đang áp dụng KNN Imputer...
✅ Giữ lại 7964/63865 tin hợp lệ.
✅ Đã kết nối thành công tới PostgreSQL.
✅ Bảng 'bds_hadong' đã có PRIMARY KEY. Bỏ qua.
Đang thực hiện Upsert dữ liệu vào PostgreSQL...
🔄 Upsert thành công 7964 bản ghi vào 'bds_hadong'.
✅ Hoàn tất Pipeline ETL.
[Mon 08/03/2026 12:05:32.53] [3/3] Dang dong bo Data len GitHub... 
[main 3a3327e] Auto-update Fast Pipeline: Mon 08/03/2026 12:05:42.39
 4 files changed, 952 insertions(+), 566 deletions(-)
remote: This repository moved. Please use the new location:        
remote:   https://github.com/HieuNT316/hanoi-house-price-prediction.git        
To https://github.com/Alexus143/hanoi-house-price-prediction.git
   cfa4340..3a3327e  main -> main
[Mon 08/03/2026 12:06:06.03] HOAN THANH LUONG FAST 
========================================= 
[Tue 08/04/2026 12:00:02.27] BAT DAU LUONG FAST (QUET BE MAT) 
[Tue 08/04/2026 12:00:02.29] [1/3] Dang cao du lieu be mat... 
[Browser] Đang khởi tạo trình duyệt...
[Browser] Phát hiện Chrome (Windows): Version 139

[Spider] Đang cào trang 1/10: https://batdongsan.com.vn/nha-dat-ban-ha-dong
[Spider] ✅ Thành công: Tìm thấy 41 tin đăng ở trang 1.

[Spider] Đang cào trang 2/10: https://batdongsan.com.vn/nha-dat-ban-ha-dong/p2
[Spider] ✅ Thành công: Tìm thấy 41 tin đăng ở trang 2.

[Spider] Đang cào trang 3/10: https://batdongsan.com.vn/nha-dat-ban-ha-dong/p3
[Spider] ✅ Thành công: Tìm thấy 41 tin đăng ở trang 3.

[Spider] Đang cào trang 4/10: https://batdongsan.com.vn/nha-dat-ban-ha-dong/p4
[Spider] ✅ Thành công: Tìm thấy 41 tin đăng ở trang 4.

[Spider] Đang cào trang 5/10: https://batdongsan.com.vn/nha-dat-ban-ha-dong/p5
[Spider] ✅ Thành công: Tìm thấy 31 tin đăng ở trang 5.

[Spider] Đang cào trang 6/10: https://batdongsan.com.vn/nha-dat-ban-ha-dong/p6
[Spider] ✅ Thành công: Tìm thấy 20 tin đăng ở trang 6.

[Spider] Đang cào trang 7/10: https://batdongsan.com.vn/nha-dat-ban-ha-dong/p7
[Spider] ✅ Thành công: Tìm thấy 41 tin đăng ở trang 7.

[Spider] Đang cào trang 8/10: https://batdongsan.com.vn/nha-dat-ban-ha-dong/p8
[Spider] ✅ Thành công: Tìm thấy 41 tin đăng ở trang 8.

[Spider] Đang cào trang 9/10: https://batdongsan.com.vn/nha-dat-ban-ha-dong/p9
[Spider] ✅ Thành công: Tìm thấy 31 tin đăng ở trang 9.

[Spider] Đang cào trang 10/10: https://batdongsan.com.vn/nha-dat-ban-ha-dong/p10
[Spider] ✅ Thành công: Tìm thấy 31 tin đăng ở trang 10.
[Spider] Đang gộp dữ liệu mới vào file cũ (Khớp theo tên cột)...
[Spider] Đã lưu 266 dòng mới. Tổng: 64131 dòng.
[Tue 08/04/2026 12:04:42.40] [2/3] Dang lam sach va day vao PostgreSQL... 
🔍 Đang cấu hình Database với: postgres.kkwivuufxdewurmxtsto@aws-1-ap-southeast-1.pooler.supabase.com:5432/postgres
D:\Python\realtime_estimate_tracker\src\preprocessing\cleaner.py:138: UserWarning: Parsing dates in %d/%m/%Y format when dayfirst=False (the default) was specified. Pass `dayfirst=True` or specify a format to silence this warning.
  df['scraped_date'] = pd.to_datetime(df['scraped_date'], errors='coerce')
Đang đọc dữ liệu thô...
Tổng số dòng thô: 64131
🧠 Đang áp dụng NLP trích xuất Đặc trưng...
🧠 Đang áp dụng KNN Imputer...
✅ Giữ lại 8005/64131 tin hợp lệ.
✅ Đã kết nối thành công tới PostgreSQL.
✅ Bảng 'bds_hadong' đã có PRIMARY KEY. Bỏ qua.
Đang thực hiện Upsert dữ liệu vào PostgreSQL...
🔄 Upsert thành công 8005 bản ghi vào 'bds_hadong'.
✅ Hoàn tất Pipeline ETL.
[Tue 08/04/2026 12:05:44.46] [3/3] Dang dong bo Data len GitHub... 
[main a7ba119] Auto-update Fast Pipeline: Tue 08/04/2026 12:05:55.22
 4 files changed, 948 insertions(+), 581 deletions(-)
remote: This repository moved. Please use the new location:        
remote:   https://github.com/HieuNT316/hanoi-house-price-prediction.git        
To https://github.com/Alexus143/hanoi-house-price-prediction.git
   120377c..a7ba119  main -> main
[Tue 08/04/2026 12:06:09.33] HOAN THANH LUONG FAST 
========================================= 
[Wed 08/05/2026 12:00:03.11] BAT DAU LUONG FAST (QUET BE MAT) 
[Wed 08/05/2026 12:00:03.14] [1/3] Dang cao du lieu be mat... 
[Browser] Đang khởi tạo trình duyệt...
[Browser] Phát hiện Chrome (Windows): Version 139

[Spider] Đang cào trang 1/10: https://batdongsan.com.vn/nha-dat-ban-ha-dong
[Spider] ✅ Thành công: Tìm thấy 40 tin đăng ở trang 1.

[Spider] Đang cào trang 2/10: https://batdongsan.com.vn/nha-dat-ban-ha-dong/p2
[Spider] ✅ Thành công: Tìm thấy 41 tin đăng ở trang 2.

[Spider] Đang cào trang 3/10: https://batdongsan.com.vn/nha-dat-ban-ha-dong/p3
[Spider] ✅ Thành công: Tìm thấy 41 tin đăng ở trang 3.

[Spider] Đang cào trang 4/10: https://batdongsan.com.vn/nha-dat-ban-ha-dong/p4
[Spider] ✅ Thành công: Tìm thấy 41 tin đăng ở trang 4.

[Spider] Đang cào trang 5/10: https://batdongsan.com.vn/nha-dat-ban-ha-dong/p5
[Spider] ✅ Thành công: Tìm thấy 41 tin đăng ở trang 5.

[Spider] Đang cào trang 6/10: https://batdongsan.com.vn/nha-dat-ban-ha-dong/p6
[Spider] ✅ Thành công: Tìm thấy 31 tin đăng ở trang 6.

[Spider] Đang cào trang 7/10: https://batdongsan.com.vn/nha-dat-ban-ha-dong/p7
[Spider] ✅ Thành công: Tìm thấy 21 tin đăng ở trang 7.

[Spider] Đang cào trang 8/10: https://batdongsan.com.vn/nha-dat-ban-ha-dong/p8
[Spider] ✅ Thành công: Tìm thấy 41 tin đăng ở trang 8.

[Spider] Đang cào trang 9/10: https://batdongsan.com.vn/nha-dat-ban-ha-dong/p9
[Spider] ✅ Thành công: Tìm thấy 31 tin đăng ở trang 9.

[Spider] Đang cào trang 10/10: https://batdongsan.com.vn/nha-dat-ban-ha-dong/p10
[Spider] ✅ Thành công: Tìm thấy 41 tin đăng ở trang 10.
[Spider] Đang gộp dữ liệu mới vào file cũ (Khớp theo tên cột)...
[Spider] Đã lưu 266 dòng mới. Tổng: 64397 dòng.
[Wed 08/05/2026 12:04:48.34] [2/3] Dang lam sach va day vao PostgreSQL... 
🔍 Đang cấu hình Database với: postgres.kkwivuufxdewurmxtsto@aws-1-ap-southeast-1.pooler.supabase.com:5432/postgres
D:\Python\realtime_estimate_tracker\src\preprocessing\cleaner.py:138: UserWarning: Parsing dates in %d/%m/%Y format when dayfirst=False (the default) was specified. Pass `dayfirst=True` or specify a format to silence this warning.
  df['scraped_date'] = pd.to_datetime(df['scraped_date'], errors='coerce')
Đang đọc dữ liệu thô...
Tổng số dòng thô: 64397
🧠 Đang áp dụng NLP trích xuất Đặc trưng...
🧠 Đang áp dụng KNN Imputer...
✅ Giữ lại 8036/64397 tin hợp lệ.
✅ Đã kết nối thành công tới PostgreSQL.
✅ Bảng 'bds_hadong' đã có PRIMARY KEY. Bỏ qua.
Đang thực hiện Upsert dữ liệu vào PostgreSQL...
🔄 Upsert thành công 8036 bản ghi vào 'bds_hadong'.
✅ Hoàn tất Pipeline ETL.
[Wed 08/05/2026 12:05:56.37] [3/3] Dang dong bo Data len GitHub... 
[main 5021bbd] Auto-update Fast Pipeline: Wed 08/05/2026 12:06:11.51
 4 files changed, 972 insertions(+), 615 deletions(-)
remote: This repository moved. Please use the new location:        
remote:   https://github.com/HieuNT316/hanoi-house-price-prediction.git        
To https://github.com/Alexus143/hanoi-house-price-prediction.git
   97391ad..5021bbd  main -> main
[Wed 08/05/2026 12:06:25.28] HOAN THANH LUONG FAST 
========================================= 
[Thu 08/06/2026 12:00:02.94] BAT DAU LUONG FAST (QUET BE MAT) 
[Thu 08/06/2026 12:00:02.97] [1/3] Dang cao du lieu be mat... 
[Browser] Đang khởi tạo trình duyệt...
[Browser] Phát hiện Chrome (Windows): Version 139

[Spider] Đang cào trang 1/10: https://batdongsan.com.vn/nha-dat-ban-ha-dong
[Spider] ⚠️ Không tìm thấy dữ liệu (Attempt 1). Có thể bị chặn.
[Spider] 🔄 Đang thử tải lại lần 2/3 cho trang 1...
[Spider] ✅ Thành công: Tìm thấy 30 tin đăng ở trang 1.

[Spider] Đang cào trang 2/10: https://batdongsan.com.vn/nha-dat-ban-ha-dong/p2
[Spider] ⚠️ Không tìm thấy dữ liệu (Attempt 1). Có thể bị chặn.
[Spider] 🔄 Đang thử tải lại lần 2/3 cho trang 2...
[Spider] ⚠️ Không tìm thấy dữ liệu (Attempt 2). Có thể bị chặn.
[Spider] 🔄 Đang thử tải lại lần 3/3 cho trang 2...
[Spider] ⚠️ Không tìm thấy dữ liệu (Attempt 3). Có thể bị chặn.
[Spider] 📸 Đã lưu ảnh debug: D:\Python\realtime_estimate_tracker\src\data_loader\debug_page_2.png

[Spider] Đang cào trang 3/10: https://batdongsan.com.vn/nha-dat-ban-ha-dong/p3
[Spider] ✅ Thành công: Tìm thấy 30 tin đăng ở trang 3.

[Spider] Đang cào trang 4/10: https://batdongsan.com.vn/nha-dat-ban-ha-dong/p4
[Spider] ✅ Thành công: Tìm thấy 40 tin đăng ở trang 4.

[Spider] Đang cào trang 5/10: https://batdongsan.com.vn/nha-dat-ban-ha-dong/p5
[Spider] ✅ Thành công: Tìm thấy 40 tin đăng ở trang 5.

[Spider] Đang cào trang 6/10: https://batdongsan.com.vn/nha-dat-ban-ha-dong/p6
[Spider] ✅ Thành công: Tìm thấy 40 tin đăng ở trang 6.

[Spider] Đang cào trang 7/10: https://batdongsan.com.vn/nha-dat-ban-ha-dong/p7
[Spider] ✅ Thành công: Tìm thấy 30 tin đăng ở trang 7.

[Spider] Đang cào trang 8/10: https://batdongsan.com.vn/nha-dat-ban-ha-dong/p8
[Spider] ✅ Thành công: Tìm thấy 30 tin đăng ở trang 8.

[Spider] Đang cào trang 9/10: https://batdongsan.com.vn/nha-dat-ban-ha-dong/p9
[Spider] ✅ Thành công: Tìm thấy 30 tin đăng ở trang 9.

[Spider] Đang cào trang 10/10: https://batdongsan.com.vn/nha-dat-ban-ha-dong/p10
[Spider] ✅ Thành công: Tìm thấy 40 tin đăng ở trang 10.
[Spider] Đang gộp dữ liệu mới vào file cũ (Khớp theo tên cột)...
[Spider] Đã lưu 229 dòng mới. Tổng: 64626 dòng.
[Thu 08/06/2026 12:06:03.65] [2/3] Dang lam sach va day vao PostgreSQL... 
🔍 Đang cấu hình Database với: postgres.kkwivuufxdewurmxtsto@aws-1-ap-southeast-1.pooler.supabase.com:5432/postgres
D:\Python\realtime_estimate_tracker\src\preprocessing\cleaner.py:138: UserWarning: Parsing dates in %d/%m/%Y format when dayfirst=False (the default) was specified. Pass `dayfirst=True` or specify a format to silence this warning.
  df['scraped_date'] = pd.to_datetime(df['scraped_date'], errors='coerce')
Đang đọc dữ liệu thô...
Tổng số dòng thô: 64626
🧠 Đang áp dụng NLP trích xuất Đặc trưng...
🧠 Đang áp dụng KNN Imputer...
✅ Giữ lại 8067/64626 tin hợp lệ.
✅ Đã kết nối thành công tới PostgreSQL.
✅ Bảng 'bds_hadong' đã có PRIMARY KEY. Bỏ qua.
Đang thực hiện Upsert dữ liệu vào PostgreSQL...
🔄 Upsert thành công 8067 bản ghi vào 'bds_hadong'.
✅ Hoàn tất Pipeline ETL.
[Thu 08/06/2026 12:08:01.35] [3/3] Dang dong bo Data len GitHub... 
[main d186515] Auto-update Fast Pipeline: Thu 08/06/2026 12:08:16.00
 4 files changed, 994 insertions(+), 518 deletions(-)
fatal: Unable to persist credentials with the 'wincredman' credential store.
See https://aka.ms/gcm/credstores for more information.
fatal: Unable to persist credentials with the 'wincredman' credential store.
See https://aka.ms/gcm/credstores for more information.
fatal: could not read Username for 'https://github.com': terminal prompts disabled
[Thu 08/06/2026 12:08:20.13] LOI: git push that bai. 
[Thu 08/06/2026 12:08:20.14] LUONG FAST BI DUNG DO LOI 
========================================= 
[Fri 08/07/2026 12:36:37.34] BAT DAU LUONG FAST (QUET BE MAT) 
[Fri 08/07/2026 12:36:37.37] [1/3] Dang cao du lieu be mat... 
Traceback (most recent call last):
  File "C:\Users\User\AppData\Local\Programs\Python\Python310\lib\runpy.py", line 196, in _run_module_as_main
    return _run_code(code, main_globals, None,
  File "C:\Users\User\AppData\Local\Programs\Python\Python310\lib\runpy.py", line 86, in _run_code
    exec(code, run_globals)
  File "D:\Python\realtime_estimate_tracker\src\data_loader\spider.py", line 193, in <module>
    data = run_crawler(pages=10)
  File "D:\Python\realtime_estimate_tracker\src\data_loader\spider.py", line 109, in run_crawler
    driver = init_driver()
  File "D:\Python\realtime_estimate_tracker\src\data_loader\browser.py", line 99, in init_driver
    raise e
  File "D:\Python\realtime_estimate_tracker\src\data_loader\browser.py", line 88, in init_driver
    driver = uc.Chrome(
  File "D:\Python\realtime_estimate_tracker\venv_bds\lib\site-packages\undetected_chromedriver\__init__.py", line 466, in __init__
    super(Chrome, self).__init__(
  File "D:\Python\realtime_estimate_tracker\venv_bds\lib\site-packages\selenium\webdriver\chrome\webdriver.py", line 45, in __init__
    super().__init__(
  File "D:\Python\realtime_estimate_tracker\venv_bds\lib\site-packages\selenium\webdriver\chromium\webdriver.py", line 66, in __init__
    super().__init__(command_executor=executor, options=self.options)
  File "D:\Python\realtime_estimate_tracker\venv_bds\lib\site-packages\selenium\webdriver\common\webdriver.py", line 25, in __init__
    super().__init__(*args, **kwargs)
  File "D:\Python\realtime_estimate_tracker\venv_bds\lib\site-packages\selenium\webdriver\remote\webdriver.py", line 257, in __init__
    self.start_session(capabilities)
  File "D:\Python\realtime_estimate_tracker\venv_bds\lib\site-packages\undetected_chromedriver\__init__.py", line 724, in start_session
    super(selenium.webdriver.chrome.webdriver.WebDriver, self).start_session(
  File "D:\Python\realtime_estimate_tracker\venv_bds\lib\site-packages\selenium\webdriver\remote\webdriver.py", line 352, in start_session
    response = self.execute(Command.NEW_SESSION, caps)["value"]
  File "D:\Python\realtime_estimate_tracker\venv_bds\lib\site-packages\selenium\webdriver\remote\webdriver.py", line 432, in execute
    self.error_handler.check_response(response)
  File "D:\Python\realtime_estimate_tracker\venv_bds\lib\site-packages\selenium\webdriver\remote\errorhandler.py", line 232, in check_response
    raise exception_class(message, screen, stacktrace)
selenium.common.exceptions.SessionNotCreatedException: Message: session not created: cannot connect to chrome at 127.0.0.1:62545
from chrome not reachable; For documentation on this error, please visit: https://www.selenium.dev/documentation/webdriver/troubleshooting/errors#sessionnotcreatedexception
Stacktrace:
	GetHandleVerifier [0x0xfba8a3+63283]
	GetHandleVerifier [0x0xfba8e4+63348]
	(No symbol) [0x0xdf3ca0]
	(No symbol) [0x0xde7b9a]
	(No symbol) [0x0xe2ce66]
	(No symbol) [0x0xe2330f]
	(No symbol) [0x0xe23146]
	(No symbol) [0x0xe6ce69]
	(No symbol) [0x0xe6c77a]
	(No symbol) [0x0xe61216]
	(No symbol) [0x0xe30855]
	(No symbol) [0x0xe316f4]
	GetHandleVerifier [0x0x122bb43+2623955]
	GetHandleVerifier [0x0x1226daa+2604090]
	GetHandleVerifier [0x0xfe069a+218410]
	GetHandleVerifier [0x0xfd0ed8+154984]
	GetHandleVerifier [0x0xfd742d+180925]
	GetHandleVerifier [0x0xfc22b8+94536]
	GetHandleVerifier [0x0xfc2442+94930]
	GetHandleVerifier [0x0xfad5ea+9338]
	BaseThreadInitThunk [0x0x75b1fcc9+25]
	RtlGetAppContainerNamedObjectPath [0x0x77a0843e+286]
	RtlGetAppContainerNamedObjectPath [0x0x77a0840e+238]

[Browser] Đang khởi tạo trình duyệt...
[Browser] Phát hiện Chrome (Windows): Version 139
[Browser] Lỗi khởi tạo driver: Message: session not created: cannot connect to chrome at 127.0.0.1:62545
from chrome not reachable; For documentation on this error, please visit: https://www.selenium.dev/documentation/webdriver/troubleshooting/errors#sessionnotcreatedexception
Stacktrace:
	GetHandleVerifier [0x0xfba8a3+63283]
	GetHandleVerifier [0x0xfba8e4+63348]
	(No symbol) [0x0xdf3ca0]
	(No symbol) [0x0xde7b9a]
	(No symbol) [0x0xe2ce66]
	(No symbol) [0x0xe2330f]
	(No symbol) [0x0xe23146]
	(No symbol) [0x0xe6ce69]
	(No symbol) [0x0xe6c77a]
	(No symbol) [0x0xe61216]
	(No symbol) [0x0xe30855]
	(No symbol) [0x0xe316f4]
	GetHandleVerifier [0x0x122bb43+2623955]
	GetHandleVerifier [0x0x1226daa+2604090]
	GetHandleVerifier [0x0xfe069a+218410]
	GetHandleVerifier [0x0xfd0ed8+154984]
	GetHandleVerifier [0x0xfd742d+180925]
	GetHandleVerifier [0x0xfc22b8+94536]
	GetHandleVerifier [0x0xfc2442+94930]
	GetHandleVerifier [0x0xfad5ea+9338]
	BaseThreadInitThunk [0x0x75b1fcc9+25]
	RtlGetAppContainerNamedObjectPath [0x0x77a0843e+286]
	RtlGetAppContainerNamedObjectPath [0x0x77a0840e+238]

[Fri 08/07/2026 12:38:12.90] LOI: Spider that bai. Dung pipeline. 
[Fri 08/07/2026 12:38:14.60] LUONG FAST BI DUNG DO LOI 
========================================= 
[Sat 08/08/2026 12:00:04.91] BAT DAU LUONG FAST (QUET BE MAT) 
[Sat 08/08/2026 12:00:04.95] [1/3] Dang cao du lieu be mat... 
[Browser] Đang khởi tạo trình duyệt...
[Browser] Phát hiện Chrome (Windows): Version 139

[Spider] Đang cào trang 1/10: https://batdongsan.com.vn/nha-dat-ban-ha-dong
[Spider] ⚠️ Không tìm thấy dữ liệu (Attempt 1). Có thể bị chặn.
[Spider] 🔄 Đang thử tải lại lần 2/3 cho trang 1...
[Spider] ✅ Thành công: Tìm thấy 40 tin đăng ở trang 1.

[Spider] Đang cào trang 2/10: https://batdongsan.com.vn/nha-dat-ban-ha-dong/p2
[Spider] ✅ Thành công: Tìm thấy 40 tin đăng ở trang 2.

[Spider] Đang cào trang 3/10: https://batdongsan.com.vn/nha-dat-ban-ha-dong/p3
[Spider] ✅ Thành công: Tìm thấy 40 tin đăng ở trang 3.

[Spider] Đang cào trang 4/10: https://batdongsan.com.vn/nha-dat-ban-ha-dong/p4
[Spider] ✅ Thành công: Tìm thấy 40 tin đăng ở trang 4.

[Spider] Đang cào trang 5/10: https://batdongsan.com.vn/nha-dat-ban-ha-dong/p5
[Spider] ✅ Thành công: Tìm thấy 40 tin đăng ở trang 5.

[Spider] Đang cào trang 6/10: https://batdongsan.com.vn/nha-dat-ban-ha-dong/p6
[Spider] ✅ Thành công: Tìm thấy 40 tin đăng ở trang 6.

[Spider] Đang cào trang 7/10: https://batdongsan.com.vn/nha-dat-ban-ha-dong/p7
[Spider] ✅ Thành công: Tìm thấy 30 tin đăng ở trang 7.

[Spider] Đang cào trang 8/10: https://batdongsan.com.vn/nha-dat-ban-ha-dong/p8
[Spider] ✅ Thành công: Tìm thấy 40 tin đăng ở trang 8.

[Spider] Đang cào trang 9/10: https://batdongsan.com.vn/nha-dat-ban-ha-dong/p9
[Spider] ✅ Thành công: Tìm thấy 40 tin đăng ở trang 9.

[Spider] Đang cào trang 10/10: https://batdongsan.com.vn/nha-dat-ban-ha-dong/p10
[Spider] ✅ Thành công: Tìm thấy 40 tin đăng ở trang 10.
[Spider] Đang gộp dữ liệu mới vào file cũ (Khớp theo tên cột)...
[Spider] Đã lưu 277 dòng mới. Tổng: 64903 dòng.
[Sat 08/08/2026 12:04:37.27] [2/3] Dang lam sach va day vao PostgreSQL... 
🔍 Đang cấu hình Database với: postgres.kkwivuufxdewurmxtsto@aws-1-ap-southeast-1.pooler.supabase.com:5432/postgres
D:\Python\realtime_estimate_tracker\src\preprocessing\cleaner.py:138: UserWarning: Parsing dates in %d/%m/%Y format when dayfirst=False (the default) was specified. Pass `dayfirst=True` or specify a format to silence this warning.
  df['scraped_date'] = pd.to_datetime(df['scraped_date'], errors='coerce')
Đang đọc dữ liệu thô...
Tổng số dòng thô: 64903
🧠 Đang áp dụng NLP trích xuất Đặc trưng...
🧠 Đang áp dụng KNN Imputer...
✅ Giữ lại 8127/64903 tin hợp lệ.
✅ Đã kết nối thành công tới PostgreSQL.
✅ Bảng 'bds_hadong' đã có PRIMARY KEY. Bỏ qua.
Đang thực hiện Upsert dữ liệu vào PostgreSQL...
🔄 Upsert thành công 8127 bản ghi vào 'bds_hadong'.
✅ Hoàn tất Pipeline ETL.
[Sat 08/08/2026 12:05:39.32] [3/3] Dang dong bo Data len GitHub... 
[main 5a936dc] Auto-update Fast Pipeline: Sat 08/08/2026 12:05:51.47
 4 files changed, 944 insertions(+), 546 deletions(-)
fatal: Unable to persist credentials with the 'wincredman' credential store.
See https://aka.ms/gcm/credstores for more information.
fatal: Unable to persist credentials with the 'wincredman' credential store.
See https://aka.ms/gcm/credstores for more information.
fatal: could not read Username for 'https://github.com': terminal prompts disabled
[Sat 08/08/2026 12:05:55.67] LOI: git push that bai. 
[Sat 08/08/2026 12:05:55.69] LUONG FAST BI DUNG DO LOI 
========================================= 
[Sun 08/09/2026 12:00:02.86] BAT DAU LUONG FAST (QUET BE MAT) 
[Sun 08/09/2026 12:00:02.88] [1/3] Dang cao du lieu be mat... 
[Browser] Đang khởi tạo trình duyệt...
[Browser] Phát hiện Chrome (Windows): Version 139

[Spider] Đang cào trang 1/10: https://batdongsan.com.vn/nha-dat-ban-ha-dong
[Spider] ⚠️ Không tìm thấy dữ liệu (Attempt 1). Có thể bị chặn.
[Spider] 🔄 Đang thử tải lại lần 2/3 cho trang 1...
[Spider] ✅ Thành công: Tìm thấy 40 tin đăng ở trang 1.

[Spider] Đang cào trang 2/10: https://batdongsan.com.vn/nha-dat-ban-ha-dong/p2
[Spider] ✅ Thành công: Tìm thấy 40 tin đăng ở trang 2.

[Spider] Đang cào trang 3/10: https://batdongsan.com.vn/nha-dat-ban-ha-dong/p3
[Spider] ✅ Thành công: Tìm thấy 40 tin đăng ở trang 3.

[Spider] Đang cào trang 4/10: https://batdongsan.com.vn/nha-dat-ban-ha-dong/p4
[Spider] ✅ Thành công: Tìm thấy 40 tin đăng ở trang 4.

[Spider] Đang cào trang 5/10: https://batdongsan.com.vn/nha-dat-ban-ha-dong/p5
[Spider] ✅ Thành công: Tìm thấy 40 tin đăng ở trang 5.

[Spider] Đang cào trang 6/10: https://batdongsan.com.vn/nha-dat-ban-ha-dong/p6
[Spider] ✅ Thành công: Tìm thấy 40 tin đăng ở trang 6.

[Spider] Đang cào trang 7/10: https://batdongsan.com.vn/nha-dat-ban-ha-dong/p7
[Spider] ✅ Thành công: Tìm thấy 30 tin đăng ở trang 7.

[Spider] Đang cào trang 8/10: https://batdongsan.com.vn/nha-dat-ban-ha-dong/p8
[Spider] ✅ Thành công: Tìm thấy 40 tin đăng ở trang 8.

[Spider] Đang cào trang 9/10: https://batdongsan.com.vn/nha-dat-ban-ha-dong/p9
[Spider] ✅ Thành công: Tìm thấy 40 tin đăng ở trang 9.

[Spider] Đang cào trang 10/10: https://batdongsan.com.vn/nha-dat-ban-ha-dong/p10
[Spider] ✅ Thành công: Tìm thấy 40 tin đăng ở trang 10.
[Spider] Đang gộp dữ liệu mới vào file cũ (Khớp theo tên cột)...
[Spider] Đã lưu 277 dòng mới. Tổng: 65180 dòng.
[Sun 08/09/2026 12:04:10.49] [2/3] Dang lam sach va day vao PostgreSQL... 
🔍 Đang cấu hình Database với: postgres.kkwivuufxdewurmxtsto@aws-1-ap-southeast-1.pooler.supabase.com:5432/postgres
D:\Python\realtime_estimate_tracker\src\preprocessing\cleaner.py:138: UserWarning: Parsing dates in %d/%m/%Y format when dayfirst=False (the default) was specified. Pass `dayfirst=True` or specify a format to silence this warning.
  df['scraped_date'] = pd.to_datetime(df['scraped_date'], errors='coerce')
Đang đọc dữ liệu thô...
Tổng số dòng thô: 65180
🧠 Đang áp dụng NLP trích xuất Đặc trưng...
🧠 Đang áp dụng KNN Imputer...
✅ Giữ lại 8156/65180 tin hợp lệ.
✅ Đã kết nối thành công tới PostgreSQL.
✅ Bảng 'bds_hadong' đã có PRIMARY KEY. Bỏ qua.
Đang thực hiện Upsert dữ liệu vào PostgreSQL...
🔄 Upsert thành công 8156 bản ghi vào 'bds_hadong'.
✅ Hoàn tất Pipeline ETL.
[Sun 08/09/2026 12:05:00.53] [3/3] Dang dong bo Data len GitHub... 
[main e305874] Auto-update Fast Pipeline: Sun 08/09/2026 12:05:11.42
 4 files changed, 908 insertions(+), 541 deletions(-)
remote: This repository moved. Please use the new location:        
remote:   https://github.com/HieuNT316/hanoi-house-price-prediction.git        
To https://github.com/Alexus143/hanoi-house-price-prediction.git
   d17b60e..e305874  main -> main
[Sun 08/09/2026 12:05:24.82] HOAN THANH LUONG FAST 
========================================= 
[Mon 08/10/2026 12:00:07.12] BAT DAU LUONG FAST (QUET BE MAT) 
[Mon 08/10/2026 12:00:07.12] [1/3] Dang cao du lieu be mat... 
[Browser] Đang khởi tạo trình duyệt...
[Browser] Phát hiện Chrome (Windows): Version 139

[Spider] Đang cào trang 1/10: https://batdongsan.com.vn/nha-dat-ban-ha-dong
[Spider] ✅ Thành công: Tìm thấy 40 tin đăng ở trang 1.

[Spider] Đang cào trang 2/10: https://batdongsan.com.vn/nha-dat-ban-ha-dong/p2
[Spider] ✅ Thành công: Tìm thấy 40 tin đăng ở trang 2.

[Spider] Đang cào trang 3/10: https://batdongsan.com.vn/nha-dat-ban-ha-dong/p3
[Spider] ✅ Thành công: Tìm thấy 30 tin đăng ở trang 3.

[Spider] Đang cào trang 4/10: https://batdongsan.com.vn/nha-dat-ban-ha-dong/p4
[Spider] ✅ Thành công: Tìm thấy 40 tin đăng ở trang 4.

[Spider] Đang cào trang 5/10: https://batdongsan.com.vn/nha-dat-ban-ha-dong/p5
[Spider] ✅ Thành công: Tìm thấy 40 tin đăng ở trang 5.

[Spider] Đang cào trang 6/10: https://batdongsan.com.vn/nha-dat-ban-ha-dong/p6
[Spider] ✅ Thành công: Tìm thấy 40 tin đăng ở trang 6.

[Spider] Đang cào trang 7/10: https://batdongsan.com.vn/nha-dat-ban-ha-dong/p7
[Spider] ✅ Thành công: Tìm thấy 30 tin đăng ở trang 7.

[Spider] Đang cào trang 8/10: https://batdongsan.com.vn/nha-dat-ban-ha-dong/p8
[Spider] ✅ Thành công: Tìm thấy 40 tin đăng ở trang 8.

[Spider] Đang cào trang 9/10: https://batdongsan.com.vn/nha-dat-ban-ha-dong/p9
[Spider] ✅ Thành công: Tìm thấy 40 tin đăng ở trang 9.

[Spider] Đang cào trang 10/10: https://batdongsan.com.vn/nha-dat-ban-ha-dong/p10
[Spider] ✅ Thành công: Tìm thấy 40 tin đăng ở trang 10.
[Spider] Đang gộp dữ liệu mới vào file cũ (Khớp theo tên cột)...
[Spider] Đã lưu 272 dòng mới. Tổng: 65452 dòng.
[Mon 08/10/2026 12:08:56.66] [2/3] Dang lam sach va day vao PostgreSQL... 
🔍 Đang cấu hình Database với: postgres.kkwivuufxdewurmxtsto@aws-1-ap-southeast-1.pooler.supabase.com:5432/postgres
D:\Python\realtime_estimate_tracker\src\preprocessing\cleaner.py:138: UserWarning: Parsing dates in %d/%m/%Y format when dayfirst=False (the default) was specified. Pass `dayfirst=True` or specify a format to silence this warning.
  df['scraped_date'] = pd.to_datetime(df['scraped_date'], errors='coerce')
Đang đọc dữ liệu thô...
Tổng số dòng thô: 65452
🧠 Đang áp dụng NLP trích xuất Đặc trưng...
🧠 Đang áp dụng KNN Imputer...
✅ Giữ lại 8185/65452 tin hợp lệ.
✅ Đã kết nối thành công tới PostgreSQL.
✅ Bảng 'bds_hadong' đã có PRIMARY KEY. Bỏ qua.
Đang thực hiện Upsert dữ liệu vào PostgreSQL...
🔄 Upsert thành công 8185 bản ghi vào 'bds_hadong'.
✅ Hoàn tất Pipeline ETL.
[Mon 08/10/2026 12:14:21.28] [3/3] Dang dong bo Data len GitHub... 
[main 29bc5e9] Auto-update Fast Pipeline: Mon 08/10/2026 12:14:48.03
 4 files changed, 888 insertions(+), 528 deletions(-)
remote: This repository moved. Please use the new location:        
remote:   https://github.com/HieuNT316/hanoi-house-price-prediction.git        
To https://github.com/Alexus143/hanoi-house-price-prediction.git
   c41d785..29bc5e9  main -> main
[Mon 08/10/2026 12:15:20.82] HOAN THANH LUONG FAST 
========================================= 
[Tue 08/11/2026 12:00:02.36] BAT DAU LUONG FAST (QUET BE MAT) 
[Tue 08/11/2026 12:00:02.38] [1/3] Dang cao du lieu be mat... 
[Browser] Đang khởi tạo trình duyệt...
[Browser] Phát hiện Chrome (Windows): Version 139

[Spider] Đang cào trang 1/10: https://batdongsan.com.vn/nha-dat-ban-ha-dong
[Spider] ✅ Thành công: Tìm thấy 40 tin đăng ở trang 1.

[Spider] Đang cào trang 2/10: https://batdongsan.com.vn/nha-dat-ban-ha-dong/p2
[Spider] ✅ Thành công: Tìm thấy 40 tin đăng ở trang 2.

[Spider] Đang cào trang 3/10: https://batdongsan.com.vn/nha-dat-ban-ha-dong/p3
[Spider] ✅ Thành công: Tìm thấy 40 tin đăng ở trang 3.

[Spider] Đang cào trang 4/10: https://batdongsan.com.vn/nha-dat-ban-ha-dong/p4
[Spider] ✅ Thành công: Tìm thấy 40 tin đăng ở trang 4.

[Spider] Đang cào trang 5/10: https://batdongsan.com.vn/nha-dat-ban-ha-dong/p5
[Spider] ✅ Thành công: Tìm thấy 30 tin đăng ở trang 5.

[Spider] Đang cào trang 6/10: https://batdongsan.com.vn/nha-dat-ban-ha-dong/p6
[Spider] ✅ Thành công: Tìm thấy 40 tin đăng ở trang 6.

[Spider] Đang cào trang 7/10: https://batdongsan.com.vn/nha-dat-ban-ha-dong/p7
[Spider] ✅ Thành công: Tìm thấy 20 tin đăng ở trang 7.

[Spider] Đang cào trang 8/10: https://batdongsan.com.vn/nha-dat-ban-ha-dong/p8
[Spider] ✅ Thành công: Tìm thấy 40 tin đăng ở trang 8.

[Spider] Đang cào trang 9/10: https://batdongsan.com.vn/nha-dat-ban-ha-dong/p9
[Spider] ✅ Thành công: Tìm thấy 40 tin đăng ở trang 9.

[Spider] Đang cào trang 10/10: https://batdongsan.com.vn/nha-dat-ban-ha-dong/p10
[Spider] ✅ Thành công: Tìm thấy 40 tin đăng ở trang 10.
[Spider] Đang gộp dữ liệu mới vào file cũ (Khớp theo tên cột)...
[Spider] Đã lưu 247 dòng mới. Tổng: 65699 dòng.
[Tue 08/11/2026 12:06:15.56] [2/3] Dang lam sach va day vao PostgreSQL... 
🔍 Đang cấu hình Database với: postgres.kkwivuufxdewurmxtsto@aws-1-ap-southeast-1.pooler.supabase.com:5432/postgres
D:\Python\realtime_estimate_tracker\src\preprocessing\cleaner.py:138: UserWarning: Parsing dates in %d/%m/%Y format when dayfirst=False (the default) was specified. Pass `dayfirst=True` or specify a format to silence this warning.
  df['scraped_date'] = pd.to_datetime(df['scraped_date'], errors='coerce')
Đang đọc dữ liệu thô...
Tổng số dòng thô: 65699
🧠 Đang áp dụng NLP trích xuất Đặc trưng...
🧠 Đang áp dụng KNN Imputer...
✅ Giữ lại 8218/65699 tin hợp lệ.
✅ Đã kết nối thành công tới PostgreSQL.
✅ Bảng 'bds_hadong' đã có PRIMARY KEY. Bỏ qua.
Đang thực hiện Upsert dữ liệu vào PostgreSQL...
🔄 Upsert thành công 8218 bản ghi vào 'bds_hadong'.
✅ Hoàn tất Pipeline ETL.
[Tue 08/11/2026 12:07:24.78] [3/3] Dang dong bo Data len GitHub... 
[main 3dc9339] Auto-update Fast Pipeline: Tue 08/11/2026 12:07:38.24
 4 files changed, 920 insertions(+), 580 deletions(-)
remote: This repository moved. Please use the new location:        
remote:   https://github.com/HieuNT316/hanoi-house-price-prediction.git        
To https://github.com/Alexus143/hanoi-house-price-prediction.git
   ec1208c..3dc9339  main -> main
[Tue 08/11/2026 12:07:54.83] HOAN THANH LUONG FAST 
========================================= 
[Wed 08/12/2026 12:00:02.48] BAT DAU LUONG FAST (QUET BE MAT) 
[Wed 08/12/2026 12:00:02.50] [1/3] Dang cao du lieu be mat... 
[Browser] Đang khởi tạo trình duyệt...
[Browser] Phát hiện Chrome (Windows): Version 139

[Spider] Đang cào trang 1/10: https://batdongsan.com.vn/nha-dat-ban-ha-dong
[Spider] ✅ Thành công: Tìm thấy 30 tin đăng ở trang 1.

[Spider] Đang cào trang 2/10: https://batdongsan.com.vn/nha-dat-ban-ha-dong/p2
[Spider] ✅ Thành công: Tìm thấy 30 tin đăng ở trang 2.

[Spider] Đang cào trang 3/10: https://batdongsan.com.vn/nha-dat-ban-ha-dong/p3
[Spider] ✅ Thành công: Tìm thấy 30 tin đăng ở trang 3.

[Spider] Đang cào trang 4/10: https://batdongsan.com.vn/nha-dat-ban-ha-dong/p4
[Spider] ✅ Thành công: Tìm thấy 30 tin đăng ở trang 4.

[Spider] Đang cào trang 5/10: https://batdongsan.com.vn/nha-dat-ban-ha-dong/p5
[Spider] ✅ Thành công: Tìm thấy 30 tin đăng ở trang 5.

[Spider] Đang cào trang 6/10: https://batdongsan.com.vn/nha-dat-ban-ha-dong/p6
[Spider] ✅ Thành công: Tìm thấy 30 tin đăng ở trang 6.

[Spider] Đang cào trang 7/10: https://batdongsan.com.vn/nha-dat-ban-ha-dong/p7
[Spider] ✅ Thành công: Tìm thấy 30 tin đăng ở trang 7.

[Spider] Đang cào trang 8/10: https://batdongsan.com.vn/nha-dat-ban-ha-dong/p8
[Spider] ✅ Thành công: Tìm thấy 40 tin đăng ở trang 8.

[Spider] Đang cào trang 9/10: https://batdongsan.com.vn/nha-dat-ban-ha-dong/p9
[Spider] ✅ Thành công: Tìm thấy 30 tin đăng ở trang 9.

[Spider] Đang cào trang 10/10: https://batdongsan.com.vn/nha-dat-ban-ha-dong/p10
[Spider] ✅ Thành công: Tìm thấy 40 tin đăng ở trang 10.
[Spider] Đang gộp dữ liệu mới vào file cũ (Khớp theo tên cột)...
[Spider] Đã lưu 242 dòng mới. Tổng: 65941 dòng.
[Wed 08/12/2026 12:07:41.97] [2/3] Dang lam sach va day vao PostgreSQL... 
🔍 Đang cấu hình Database với: postgres.kkwivuufxdewurmxtsto@aws-1-ap-southeast-1.pooler.supabase.com:5432/postgres
D:\Python\realtime_estimate_tracker\src\preprocessing\cleaner.py:138: UserWarning: Parsing dates in %d/%m/%Y format when dayfirst=False (the default) was specified. Pass `dayfirst=True` or specify a format to silence this warning.
  df['scraped_date'] = pd.to_datetime(df['scraped_date'], errors='coerce')
Đang đọc dữ liệu thô...
Tổng số dòng thô: 65941
🧠 Đang áp dụng NLP trích xuất Đặc trưng...
🧠 Đang áp dụng KNN Imputer...
✅ Giữ lại 8244/65941 tin hợp lệ.
✅ Đã kết nối thành công tới PostgreSQL.
✅ Bảng 'bds_hadong' đã có PRIMARY KEY. Bỏ qua.
Đang thực hiện Upsert dữ liệu vào PostgreSQL...
🔄 Upsert thành công 8244 bản ghi vào 'bds_hadong'.
✅ Hoàn tất Pipeline ETL.
[Wed 08/12/2026 12:09:59.44] [3/3] Dang dong bo Data len GitHub... 
[main f949bb4] Auto-update Fast Pipeline: Wed 08/12/2026 12:10:11.56
 4 files changed, 837 insertions(+), 509 deletions(-)
fatal: Unable to persist credentials with the 'wincredman' credential store.
See https://aka.ms/gcm/credstores for more information.
fatal: Unable to persist credentials with the 'wincredman' credential store.
See https://aka.ms/gcm/credstores for more information.
fatal: could not read Username for 'https://github.com': terminal prompts disabled
[Wed 08/12/2026 12:10:16.04] LOI: git push that bai. 
[Wed 08/12/2026 12:10:16.06] LUONG FAST BI DUNG DO LOI 
========================================= 
[Thu 08/13/2026 12:00:03.39] BAT DAU LUONG FAST (QUET BE MAT) 
[Thu 08/13/2026 12:00:03.41] [1/3] Dang cao du lieu be mat... 
[Browser] Đang khởi tạo trình duyệt...
[Browser] Phát hiện Chrome (Windows): Version 139

[Spider] Đang cào trang 1/10: https://batdongsan.com.vn/nha-dat-ban-ha-dong
[Spider] ✅ Thành công: Tìm thấy 40 tin đăng ở trang 1.

[Spider] Đang cào trang 2/10: https://batdongsan.com.vn/nha-dat-ban-ha-dong/p2
[Spider] ✅ Thành công: Tìm thấy 30 tin đăng ở trang 2.

[Spider] Đang cào trang 3/10: https://batdongsan.com.vn/nha-dat-ban-ha-dong/p3
[Spider] ✅ Thành công: Tìm thấy 40 tin đăng ở trang 3.

[Spider] Đang cào trang 4/10: https://batdongsan.com.vn/nha-dat-ban-ha-dong/p4
[Spider] ✅ Thành công: Tìm thấy 30 tin đăng ở trang 4.

[Spider] Đang cào trang 5/10: https://batdongsan.com.vn/nha-dat-ban-ha-dong/p5
[Spider] ✅ Thành công: Tìm thấy 40 tin đăng ở trang 5.

[Spider] Đang cào trang 6/10: https://batdongsan.com.vn/nha-dat-ban-ha-dong/p6
[Spider] ✅ Thành công: Tìm thấy 40 tin đăng ở trang 6.

[Spider] Đang cào trang 7/10: https://batdongsan.com.vn/nha-dat-ban-ha-dong/p7
[Spider] ✅ Thành công: Tìm thấy 30 tin đăng ở trang 7.

[Spider] Đang cào trang 8/10: https://batdongsan.com.vn/nha-dat-ban-ha-dong/p8
[Spider] ✅ Thành công: Tìm thấy 40 tin đăng ở trang 8.

[Spider] Đang cào trang 9/10: https://batdongsan.com.vn/nha-dat-ban-ha-dong/p9
[Spider] ✅ Thành công: Tìm thấy 30 tin đăng ở trang 9.

[Spider] Đang cào trang 10/10: https://batdongsan.com.vn/nha-dat-ban-ha-dong/p10
[Spider] ✅ Thành công: Tìm thấy 40 tin đăng ở trang 10.
[Spider] Đang gộp dữ liệu mới vào file cũ (Khớp theo tên cột)...
[Spider] Đã lưu 262 dòng mới. Tổng: 66203 dòng.
[Thu 08/13/2026 12:04:06.89] [2/3] Dang lam sach va day vao PostgreSQL... 
🔍 Đang cấu hình Database với: postgres.kkwivuufxdewurmxtsto@aws-1-ap-southeast-1.pooler.supabase.com:5432/postgres
D:\Python\realtime_estimate_tracker\src\preprocessing\cleaner.py:138: UserWarning: Parsing dates in %d/%m/%Y format when dayfirst=False (the default) was specified. Pass `dayfirst=True` or specify a format to silence this warning.
  df['scraped_date'] = pd.to_datetime(df['scraped_date'], errors='coerce')
Đang đọc dữ liệu thô...
Tổng số dòng thô: 66203
🧠 Đang áp dụng NLP trích xuất Đặc trưng...
🧠 Đang áp dụng KNN Imputer...
✅ Giữ lại 8263/66203 tin hợp lệ.
✅ Đã kết nối thành công tới PostgreSQL.
✅ Bảng 'bds_hadong' đã có PRIMARY KEY. Bỏ qua.
Đang thực hiện Upsert dữ liệu vào PostgreSQL...
🔄 Upsert thành công 8263 bản ghi vào 'bds_hadong'.
✅ Hoàn tất Pipeline ETL.
[Thu 08/13/2026 12:04:57.47] [3/3] Dang dong bo Data len GitHub... 
[main c981142] Auto-update Fast Pipeline: Thu 08/13/2026 12:05:08.77
 4 files changed, 908 insertions(+), 567 deletions(-)
remote: This repository moved. Please use the new location:        
remote:   https://github.com/HieuNT316/hanoi-house-price-prediction.git        
To https://github.com/Alexus143/hanoi-house-price-prediction.git
   7a0960b..c981142  main -> main
[Thu 08/13/2026 12:05:23.08] HOAN THANH LUONG FAST 
========================================= 
[Fri 08/14/2026 12:00:02.98] BAT DAU LUONG FAST (QUET BE MAT) 
[Fri 08/14/2026 12:00:03.02] [1/3] Dang cao du lieu be mat... 
[Browser] Đang khởi tạo trình duyệt...
[Browser] Phát hiện Chrome (Windows): Version 139

[Spider] Đang cào trang 1/10: https://batdongsan.com.vn/nha-dat-ban-ha-dong
[Spider] Lỗi tại trang 1 (Attempt 1): Message: unknown error: net::ERR_CONNECTION_RESET
  (Session info: chrome=139.0.7258.139)
Stacktrace:
	GetHandleVerifier [0x0xf6a8a3+63283]
	GetHandleVerifier [0x0xf6a8e4+63348]
	(No symbol) [0x0xda3e43]
	(No symbol) [0x0xda156b]
	(No symbol) [0x0xd94d32]
	(No symbol) [0x0xd96768]
	(No symbol) [0x0xd94fc8]
	(No symbol) [0x0xd94b03]
	(No symbol) [0x0xd94811]
	(No symbol) [0x0xd927b4]
	(No symbol) [0x0xd9315b]
	(No symbol) [0x0xda785e]
	(No symbol) [0x0xe332e7]
	(No symbol) [0x0xe1141c]
	(No symbol) [0x0xe3271a]
	(No symbol) [0x0xe11216]
	(No symbol) [0x0xde0855]
	(No symbol) [0x0xde16f4]
	GetHandleVerifier [0x0x11dbb43+2623955]
	GetHandleVerifier [0x0x11d6daa+2604090]
	GetHandleVerifier [0x0xf9069a+218410]
	GetHandleVerifier [0x0xf80ed8+154984]
	GetHandleVerifier [0x0xf8742d+180925]
	GetHandleVerifier [0x0xf722b8+94536]
	GetHandleVerifier [0x0xf72442+94930]
	GetHandleVerifier [0x0xf5d5ea+9338]
	BaseThreadInitThunk [0x0x759bfcc9+25]
	RtlGetAppContainerNamedObjectPath [0x0x77b3843e+286]
	RtlGetAppContainerNamedObjectPath [0x0x77b3840e+238]

[Spider] 🔄 Đang thử tải lại lần 2/3 cho trang 1...
[Spider] ✅ Thành công: Tìm thấy 40 tin đăng ở trang 1.

[Spider] Đang cào trang 2/10: https://batdongsan.com.vn/nha-dat-ban-ha-dong/p2
[Spider] ✅ Thành công: Tìm thấy 40 tin đăng ở trang 2.

[Spider] Đang cào trang 3/10: https://batdongsan.com.vn/nha-dat-ban-ha-dong/p3
[Spider] ✅ Thành công: Tìm thấy 30 tin đăng ở trang 3.

[Spider] Đang cào trang 4/10: https://batdongsan.com.vn/nha-dat-ban-ha-dong/p4
[Spider] ✅ Thành công: Tìm thấy 30 tin đăng ở trang 4.

[Spider] Đang cào trang 5/10: https://batdongsan.com.vn/nha-dat-ban-ha-dong/p5
[Spider] ✅ Thành công: Tìm thấy 40 tin đăng ở trang 5.

[Spider] Đang cào trang 6/10: https://batdongsan.com.vn/nha-dat-ban-ha-dong/p6
[Spider] ✅ Thành công: Tìm thấy 30 tin đăng ở trang 6.

[Spider] Đang cào trang 7/10: https://batdongsan.com.vn/nha-dat-ban-ha-dong/p7
[Spider] ✅ Thành công: Tìm thấy 30 tin đăng ở trang 7.

[Spider] Đang cào trang 8/10: https://batdongsan.com.vn/nha-dat-ban-ha-dong/p8
[Spider] ✅ Thành công: Tìm thấy 30 tin đăng ở trang 8.

[Spider] Đang cào trang 9/10: https://batdongsan.com.vn/nha-dat-ban-ha-dong/p9
[Spider] ✅ Thành công: Tìm thấy 40 tin đăng ở trang 9.

[Spider] Đang cào trang 10/10: https://batdongsan.com.vn/nha-dat-ban-ha-dong/p10
[Spider] ✅ Thành công: Tìm thấy 40 tin đăng ở trang 10.
[Spider] Đang gộp dữ liệu mới vào file cũ (Khớp theo tên cột)...
[Spider] Đã lưu 257 dòng mới. Tổng: 66460 dòng.
[Fri 08/14/2026 12:04:43.32] [2/3] Dang lam sach va day vao PostgreSQL... 
🔍 Đang cấu hình Database với: postgres.kkwivuufxdewurmxtsto@aws-1-ap-southeast-1.pooler.supabase.com:5432/postgres
D:\Python\realtime_estimate_tracker\src\preprocessing\cleaner.py:138: UserWarning: Parsing dates in %d/%m/%Y format when dayfirst=False (the default) was specified. Pass `dayfirst=True` or specify a format to silence this warning.
  df['scraped_date'] = pd.to_datetime(df['scraped_date'], errors='coerce')
Đang đọc dữ liệu thô...
Tổng số dòng thô: 66460
🧠 Đang áp dụng NLP trích xuất Đặc trưng...
🧠 Đang áp dụng KNN Imputer...
✅ Giữ lại 8291/66460 tin hợp lệ.
✅ Đã kết nối thành công tới PostgreSQL.
✅ Bảng 'bds_hadong' đã có PRIMARY KEY. Bỏ qua.
Đang thực hiện Upsert dữ liệu vào PostgreSQL...
🔄 Upsert thành công 8291 bản ghi vào 'bds_hadong'.
✅ Hoàn tất Pipeline ETL.
[Fri 08/14/2026 12:05:34.60] [3/3] Dang dong bo Data len GitHub... 
[main fb5cf3f] Auto-update Fast Pipeline: Fri 08/14/2026 12:05:46.35
 4 files changed, 884 insertions(+), 505 deletions(-)
remote: This repository moved. Please use the new location:        
remote:   https://github.com/HieuNT316/hanoi-house-price-prediction.git        
To https://github.com/Alexus143/hanoi-house-price-prediction.git
   06dd058..fb5cf3f  main -> main
[Fri 08/14/2026 12:06:06.47] HOAN THANH LUONG FAST 
========================================= 
[Sat 08/15/2026 12:00:03.51] BAT DAU LUONG FAST (QUET BE MAT) 
[Sat 08/15/2026 12:00:03.54] [1/3] Dang cao du lieu be mat... 
[Browser] Đang khởi tạo trình duyệt...
[Browser] Phát hiện Chrome (Windows): Version 151

[Spider] Đang cào trang 1/10: https://batdongsan.com.vn/nha-dat-ban-ha-dong
[Spider] ✅ Thành công: Tìm thấy 40 tin đăng ở trang 1.

[Spider] Đang cào trang 2/10: https://batdongsan.com.vn/nha-dat-ban-ha-dong/p2
[Spider] ✅ Thành công: Tìm thấy 40 tin đăng ở trang 2.

[Spider] Đang cào trang 3/10: https://batdongsan.com.vn/nha-dat-ban-ha-dong/p3
[Spider] ✅ Thành công: Tìm thấy 40 tin đăng ở trang 3.

[Spider] Đang cào trang 4/10: https://batdongsan.com.vn/nha-dat-ban-ha-dong/p4
[Spider] ✅ Thành công: Tìm thấy 40 tin đăng ở trang 4.

[Spider] Đang cào trang 5/10: https://batdongsan.com.vn/nha-dat-ban-ha-dong/p5
[Spider] ✅ Thành công: Tìm thấy 40 tin đăng ở trang 5.

[Spider] Đang cào trang 6/10: https://batdongsan.com.vn/nha-dat-ban-ha-dong/p6
[Spider] ✅ Thành công: Tìm thấy 40 tin đăng ở trang 6.

[Spider] Đang cào trang 7/10: https://batdongsan.com.vn/nha-dat-ban-ha-dong/p7
[Spider] ✅ Thành công: Tìm thấy 30 tin đăng ở trang 7.

[Spider] Đang cào trang 8/10: https://batdongsan.com.vn/nha-dat-ban-ha-dong/p8
[Spider] ✅ Thành công: Tìm thấy 40 tin đăng ở trang 8.

[Spider] Đang cào trang 9/10: https://batdongsan.com.vn/nha-dat-ban-ha-dong/p9
[Spider] ✅ Thành công: Tìm thấy 40 tin đăng ở trang 9.

[Spider] Đang cào trang 10/10: https://batdongsan.com.vn/nha-dat-ban-ha-dong/p10
[Spider] ✅ Thành công: Tìm thấy 40 tin đăng ở trang 10.
[Spider] Đang gộp dữ liệu mới vào file cũ (Khớp theo tên cột)...
[Spider] Đã lưu 277 dòng mới. Tổng: 66737 dòng.
[Sat 08/15/2026 12:04:18.69] [2/3] Dang lam sach va day vao PostgreSQL... 
🔍 Đang cấu hình Database với: postgres.kkwivuufxdewurmxtsto@aws-1-ap-southeast-1.pooler.supabase.com:5432/postgres
D:\Python\realtime_estimate_tracker\src\preprocessing\cleaner.py:138: UserWarning: Parsing dates in %d/%m/%Y format when dayfirst=False (the default) was specified. Pass `dayfirst=True` or specify a format to silence this warning.
  df['scraped_date'] = pd.to_datetime(df['scraped_date'], errors='coerce')
Đang đọc dữ liệu thô...
Tổng số dòng thô: 66737
🧠 Đang áp dụng NLP trích xuất Đặc trưng...
🧠 Đang áp dụng KNN Imputer...
✅ Giữ lại 8326/66737 tin hợp lệ.
✅ Đã kết nối thành công tới PostgreSQL.
✅ Bảng 'bds_hadong' đã có PRIMARY KEY. Bỏ qua.
Đang thực hiện Upsert dữ liệu vào PostgreSQL...
🔄 Upsert thành công 8326 bản ghi vào 'bds_hadong'.
✅ Hoàn tất Pipeline ETL.
[Sat 08/15/2026 12:05:29.38] [3/3] Dang dong bo Data len GitHub... 
[main 29ec00c] Auto-update Fast Pipeline: Sat 08/15/2026 12:05:43.66
 4 files changed, 878 insertions(+), 506 deletions(-)
fatal: Unable to persist credentials with the 'wincredman' credential store.
See https://aka.ms/gcm/credstores for more information.
fatal: Unable to persist credentials with the 'wincredman' credential store.
See https://aka.ms/gcm/credstores for more information.
fatal: could not read Username for 'https://github.com': terminal prompts disabled
[Sat 08/15/2026 12:14:38.52] LOI: git push that bai. 
[Sat 08/15/2026 12:14:38.54] LUONG FAST BI DUNG DO LOI 
========================================= 
[Sun 08/16/2026 12:00:02.45] BAT DAU LUONG FAST (QUET BE MAT) 
[Sun 08/16/2026 12:00:02.47] [1/3] Dang cao du lieu be mat... 
[Browser] Đang khởi tạo trình duyệt...
[Browser] Phát hiện Chrome (Windows): Version 151

[Spider] Đang cào trang 1/10: https://batdongsan.com.vn/nha-dat-ban-ha-dong
[Spider] ✅ Thành công: Tìm thấy 40 tin đăng ở trang 1.

[Spider] Đang cào trang 2/10: https://batdongsan.com.vn/nha-dat-ban-ha-dong/p2
[Spider] ✅ Thành công: Tìm thấy 40 tin đăng ở trang 2.

[Spider] Đang cào trang 3/10: https://batdongsan.com.vn/nha-dat-ban-ha-dong/p3
[Spider] ✅ Thành công: Tìm thấy 40 tin đăng ở trang 3.

[Spider] Đang cào trang 4/10: https://batdongsan.com.vn/nha-dat-ban-ha-dong/p4
[Spider] ✅ Thành công: Tìm thấy 40 tin đăng ở trang 4.

[Spider] Đang cào trang 5/10: https://batdongsan.com.vn/nha-dat-ban-ha-dong/p5
[Spider] ✅ Thành công: Tìm thấy 40 tin đăng ở trang 5.

[Spider] Đang cào trang 6/10: https://batdongsan.com.vn/nha-dat-ban-ha-dong/p6
[Spider] ✅ Thành công: Tìm thấy 40 tin đăng ở trang 6.

[Spider] Đang cào trang 7/10: https://batdongsan.com.vn/nha-dat-ban-ha-dong/p7
[Spider] ✅ Thành công: Tìm thấy 30 tin đăng ở trang 7.

[Spider] Đang cào trang 8/10: https://batdongsan.com.vn/nha-dat-ban-ha-dong/p8
[Spider] ✅ Thành công: Tìm thấy 40 tin đăng ở trang 8.

[Spider] Đang cào trang 9/10: https://batdongsan.com.vn/nha-dat-ban-ha-dong/p9
[Spider] ✅ Thành công: Tìm thấy 40 tin đăng ở trang 9.

[Spider] Đang cào trang 10/10: https://batdongsan.com.vn/nha-dat-ban-ha-dong/p10
[Spider] ✅ Thành công: Tìm thấy 40 tin đăng ở trang 10.
[Spider] Đang gộp dữ liệu mới vào file cũ (Khớp theo tên cột)...
[Spider] Đã lưu 277 dòng mới. Tổng: 67014 dòng.
[Sun 08/16/2026 12:03:49.55] [2/3] Dang lam sach va day vao PostgreSQL... 
🔍 Đang cấu hình Database với: postgres.kkwivuufxdewurmxtsto@aws-1-ap-southeast-1.pooler.supabase.com:5432/postgres
D:\Python\realtime_estimate_tracker\src\preprocessing\cleaner.py:138: UserWarning: Parsing dates in %d/%m/%Y format when dayfirst=False (the default) was specified. Pass `dayfirst=True` or specify a format to silence this warning.
  df['scraped_date'] = pd.to_datetime(df['scraped_date'], errors='coerce')
Đang đọc dữ liệu thô...
Tổng số dòng thô: 67014
🧠 Đang áp dụng NLP trích xuất Đặc trưng...
🧠 Đang áp dụng KNN Imputer...
✅ Giữ lại 8349/67014 tin hợp lệ.
✅ Đã kết nối thành công tới PostgreSQL.
✅ Bảng 'bds_hadong' đã có PRIMARY KEY. Bỏ qua.
Đang thực hiện Upsert dữ liệu vào PostgreSQL...
🔄 Upsert thành công 8349 bản ghi vào 'bds_hadong'.
✅ Hoàn tất Pipeline ETL.
[Sun 08/16/2026 12:04:42.84] [3/3] Dang dong bo Data len GitHub... 
[main 9ea4415] Auto-update Fast Pipeline: Sun 08/16/2026 12:04:55.31
 4 files changed, 872 insertions(+), 512 deletions(-)
remote: This repository moved. Please use the new location:        
remote:   https://github.com/HieuNT316/hanoi-house-price-prediction.git        
To https://github.com/Alexus143/hanoi-house-price-prediction.git
   03a9050..9ea4415  main -> main
[Sun 08/16/2026 12:05:29.87] HOAN THANH LUONG FAST 
========================================= 
[Mon 08/17/2026 12:00:02.30] BAT DAU LUONG FAST (QUET BE MAT) 
[Mon 08/17/2026 12:00:02.33] [1/3] Dang cao du lieu be mat... 
[Browser] Đang khởi tạo trình duyệt...
[Browser] Phát hiện Chrome (Windows): Version 151

[Spider] Đang cào trang 1/10: https://batdongsan.com.vn/nha-dat-ban-ha-dong
[Spider] ✅ Thành công: Tìm thấy 40 tin đăng ở trang 1.

[Spider] Đang cào trang 2/10: https://batdongsan.com.vn/nha-dat-ban-ha-dong/p2
[Spider] ✅ Thành công: Tìm thấy 30 tin đăng ở trang 2.

[Spider] Đang cào trang 3/10: https://batdongsan.com.vn/nha-dat-ban-ha-dong/p3
[Spider] ✅ Thành công: Tìm thấy 40 tin đăng ở trang 3.

[Spider] Đang cào trang 4/10: https://batdongsan.com.vn/nha-dat-ban-ha-dong/p4
[Spider] ✅ Thành công: Tìm thấy 40 tin đăng ở trang 4.

[Spider] Đang cào trang 5/10: https://batdongsan.com.vn/nha-dat-ban-ha-dong/p5
[Spider] ✅ Thành công: Tìm thấy 40 tin đăng ở trang 5.

[Spider] Đang cào trang 6/10: https://batdongsan.com.vn/nha-dat-ban-ha-dong/p6
[Spider] ✅ Thành công: Tìm thấy 40 tin đăng ở trang 6.

[Spider] Đang cào trang 7/10: https://batdongsan.com.vn/nha-dat-ban-ha-dong/p7
[Spider] ✅ Thành công: Tìm thấy 40 tin đăng ở trang 7.

[Spider] Đang cào trang 8/10: https://batdongsan.com.vn/nha-dat-ban-ha-dong/p8
[Spider] ✅ Thành công: Tìm thấy 30 tin đăng ở trang 8.

[Spider] Đang cào trang 9/10: https://batdongsan.com.vn/nha-dat-ban-ha-dong/p9
[Spider] ✅ Thành công: Tìm thấy 40 tin đăng ở trang 9.

[Spider] Đang cào trang 10/10: https://batdongsan.com.vn/nha-dat-ban-ha-dong/p10
[Spider] ✅ Thành công: Tìm thấy 40 tin đăng ở trang 10.
[Spider] Đang gộp dữ liệu mới vào file cũ (Khớp theo tên cột)...
[Spider] Đã lưu 249 dòng mới. Tổng: 67263 dòng.
[Mon 08/17/2026 12:05:25.79] [2/3] Dang lam sach va day vao PostgreSQL... 
🔍 Đang cấu hình Database với: postgres.kkwivuufxdewurmxtsto@aws-1-ap-southeast-1.pooler.supabase.com:5432/postgres
D:\Python\realtime_estimate_tracker\src\preprocessing\cleaner.py:138: UserWarning: Parsing dates in %d/%m/%Y format when dayfirst=False (the default) was specified. Pass `dayfirst=True` or specify a format to silence this warning.
  df['scraped_date'] = pd.to_datetime(df['scraped_date'], errors='coerce')
Đang đọc dữ liệu thô...
Tổng số dòng thô: 67263
🧠 Đang áp dụng NLP trích xuất Đặc trưng...
🧠 Đang áp dụng KNN Imputer...
✅ Giữ lại 8386/67263 tin hợp lệ.
✅ Đã kết nối thành công tới PostgreSQL.
✅ Bảng 'bds_hadong' đã có PRIMARY KEY. Bỏ qua.
Đang thực hiện Upsert dữ liệu vào PostgreSQL...
🔄 Upsert thành công 8386 bản ghi vào 'bds_hadong'.
✅ Hoàn tất Pipeline ETL.
[Mon 08/17/2026 12:08:07.05] [3/3] Dang dong bo Data len GitHub... 
[main 612b8ef] Auto-update Fast Pipeline: Mon 08/17/2026 12:08:25.91
 4 files changed, 877 insertions(+), 531 deletions(-)
fatal: Unable to persist credentials with the 'wincredman' credential store.
See https://aka.ms/gcm/credstores for more information.
fatal: Unable to persist credentials with the 'wincredman' credential store.
See https://aka.ms/gcm/credstores for more information.
fatal: could not read Username for 'https://github.com': terminal prompts disabled
[Mon 08/17/2026 12:08:30.66] LOI: git push that bai. 
[Mon 08/17/2026 12:08:30.68] LUONG FAST BI DUNG DO LOI 
========================================= 
[Tue 08/18/2026 12:00:02.82] BAT DAU LUONG FAST (QUET BE MAT) 
[Tue 08/18/2026 12:00:02.86] [1/3] Dang cao du lieu be mat... 
[Browser] Đang khởi tạo trình duyệt...
[Browser] Phát hiện Chrome (Windows): Version 151

[Spider] Đang cào trang 1/10: https://batdongsan.com.vn/nha-dat-ban-ha-dong
[Spider] ✅ Thành công: Tìm thấy 30 tin đăng ở trang 1.

[Spider] Đang cào trang 2/10: https://batdongsan.com.vn/nha-dat-ban-ha-dong/p2
[Spider] ✅ Thành công: Tìm thấy 40 tin đăng ở trang 2.

[Spider] Đang cào trang 3/10: https://batdongsan.com.vn/nha-dat-ban-ha-dong/p3
[Spider] ✅ Thành công: Tìm thấy 40 tin đăng ở trang 3.

[Spider] Đang cào trang 4/10: https://batdongsan.com.vn/nha-dat-ban-ha-dong/p4
[Spider] ✅ Thành công: Tìm thấy 40 tin đăng ở trang 4.

[Spider] Đang cào trang 5/10: https://batdongsan.com.vn/nha-dat-ban-ha-dong/p5
[Spider] ✅ Thành công: Tìm thấy 40 tin đăng ở trang 5.

[Spider] Đang cào trang 6/10: https://batdongsan.com.vn/nha-dat-ban-ha-dong/p6
[Spider] ✅ Thành công: Tìm thấy 40 tin đăng ở trang 6.

[Spider] Đang cào trang 7/10: https://batdongsan.com.vn/nha-dat-ban-ha-dong/p7
[Spider] ✅ Thành công: Tìm thấy 30 tin đăng ở trang 7.

[Spider] Đang cào trang 8/10: https://batdongsan.com.vn/nha-dat-ban-ha-dong/p8
[Spider] ✅ Thành công: Tìm thấy 40 tin đăng ở trang 8.

[Spider] Đang cào trang 9/10: https://batdongsan.com.vn/nha-dat-ban-ha-dong/p9
[Spider] ✅ Thành công: Tìm thấy 40 tin đăng ở trang 9.

[Spider] Đang cào trang 10/10: https://batdongsan.com.vn/nha-dat-ban-ha-dong/p10
[Spider] ✅ Thành công: Tìm thấy 40 tin đăng ở trang 10.
[Spider] Đang gộp dữ liệu mới vào file cũ (Khớp theo tên cột)...
[Spider] Đã lưu 272 dòng mới. Tổng: 67535 dòng.
[Tue 08/18/2026 12:04:55.66] [2/3] Dang lam sach va day vao PostgreSQL... 
🔍 Đang cấu hình Database với: postgres.kkwivuufxdewurmxtsto@aws-1-ap-southeast-1.pooler.supabase.com:5432/postgres
D:\Python\realtime_estimate_tracker\src\preprocessing\cleaner.py:138: UserWarning: Parsing dates in %d/%m/%Y format when dayfirst=False (the default) was specified. Pass `dayfirst=True` or specify a format to silence this warning.
  df['scraped_date'] = pd.to_datetime(df['scraped_date'], errors='coerce')
Đang đọc dữ liệu thô...
Tổng số dòng thô: 67535
🧠 Đang áp dụng NLP trích xuất Đặc trưng...
🧠 Đang áp dụng KNN Imputer...
✅ Giữ lại 8402/67535 tin hợp lệ.
✅ Đã kết nối thành công tới PostgreSQL.
✅ Bảng 'bds_hadong' đã có PRIMARY KEY. Bỏ qua.
Đang thực hiện Upsert dữ liệu vào PostgreSQL...
🔄 Upsert thành công 8402 bản ghi vào 'bds_hadong'.
✅ Hoàn tất Pipeline ETL.
[Tue 08/18/2026 12:05:54.61] [3/3] Dang dong bo Data len GitHub... 
[main 03756dd] Auto-update Fast Pipeline: Tue 08/18/2026 12:06:11.24
 4 files changed, 872 insertions(+), 525 deletions(-)
remote: This repository moved. Please use the new location:        
remote:   https://github.com/HieuNT316/hanoi-house-price-prediction.git        
To https://github.com/Alexus143/hanoi-house-price-prediction.git
   88f119f..03756dd  main -> main
[Tue 08/18/2026 12:06:25.34] HOAN THANH LUONG FAST 
========================================= 
[Wed 08/19/2026 12:00:03.52] BAT DAU LUONG FAST (QUET BE MAT) 
[Wed 08/19/2026 12:00:03.61] [1/3] Dang cao du lieu be mat... 
Traceback (most recent call last):
  File "C:\Users\User\AppData\Local\Programs\Python\Python310\lib\runpy.py", line 196, in _run_module_as_main
    return _run_code(code, main_globals, None,
  File "C:\Users\User\AppData\Local\Programs\Python\Python310\lib\runpy.py", line 86, in _run_code
    exec(code, run_globals)
  File "D:\Python\realtime_estimate_tracker\src\data_loader\spider.py", line 193, in <module>
    data = run_crawler(pages=10)
  File "D:\Python\realtime_estimate_tracker\src\data_loader\spider.py", line 109, in run_crawler
    driver = init_driver()
  File "D:\Python\realtime_estimate_tracker\src\data_loader\browser.py", line 99, in init_driver
    raise e
  File "D:\Python\realtime_estimate_tracker\src\data_loader\browser.py", line 95, in init_driver
    driver.execute_script("Object.defineProperty(navigator, 'webdriver', {get: () => undefined})")
  File "D:\Python\realtime_estimate_tracker\venv_bds\lib\site-packages\selenium\webdriver\remote\webdriver.py", line 518, in execute_script
    return self.execute(command, {"script": script, "args": converted_args})["value"]
  File "D:\Python\realtime_estimate_tracker\venv_bds\lib\site-packages\selenium\webdriver\remote\webdriver.py", line 432, in execute
    self.error_handler.check_response(response)
  File "D:\Python\realtime_estimate_tracker\venv_bds\lib\site-packages\selenium\webdriver\remote\errorhandler.py", line 232, in check_response
    raise exception_class(message, screen, stacktrace)
selenium.common.exceptions.NoSuchWindowException: Message: no such window: target window already closed
from unknown error: web view not found
  (Session info: chrome=151.0.7922.138)
Stacktrace:
	undetected_chromedriver!GetHandleVerifier [0xc13353+fd93]
	undetected_chromedriver!GetHandleVerifier [0xc13394+fdd4]
	undetected_chromedriver!(No symbol) [0xa09220]
	undetected_chromedriver!(No symbol) [0x9e81d3]
	undetected_chromedriver!(No symbol) [0xa7bf8b]
	undetected_chromedriver!(No symbol) [0xa92e29]
	undetected_chromedriver!(No symbol) [0xa75616]
	undetected_chromedriver!(No symbol) [0xa487e9]
	undetected_chromedriver!(No symbol) [0xa495b4]
	undetected_chromedriver!GetHandleVerifier [0xeaf51a+2abf5a]
	undetected_chromedriver!GetHandleVerifier [0xeaaa21+2a7461]
	undetected_chromedriver!GetHandleVerifier [0xc3f374+3bdb4]
	undetected_chromedriver!GetHandleVerifier [0xc2e036+2aa76]
	undetected_chromedriver!GetHandleVerifier [0xc34efd+3193d]
	undetected_chromedriver!GetHandleVerifier [0xc1c8a8+192e8]
	undetected_chromedriver!GetHandleVerifier [0xc1ca55+19495]
	undetected_chromedriver!GetHandleVerifier [0xc053ff+1e3f]
	KERNEL32!BaseThreadInitThunk [0x771cfcc9+19]
	ntdll!RtlGetAppContainerNamedObjectPath [0x77a0843e+11e]
	ntdll!RtlGetAppContainerNamedObjectPath [0x77a0840e+ee]

[Browser] Đang khởi tạo trình duyệt...
[Browser] Phát hiện Chrome (Windows): Version 151
[Browser] Lỗi khởi tạo driver: Message: no such window: target window already closed
from unknown error: web view not found
  (Session info: chrome=151.0.7922.138)
Stacktrace:
	undetected_chromedriver!GetHandleVerifier [0xc13353+fd93]
	undetected_chromedriver!GetHandleVerifier [0xc13394+fdd4]
	undetected_chromedriver!(No symbol) [0xa09220]
	undetected_chromedriver!(No symbol) [0x9e81d3]
	undetected_chromedriver!(No symbol) [0xa7bf8b]
	undetected_chromedriver!(No symbol) [0xa92e29]
	undetected_chromedriver!(No symbol) [0xa75616]
	undetected_chromedriver!(No symbol) [0xa487e9]
	undetected_chromedriver!(No symbol) [0xa495b4]
	undetected_chromedriver!GetHandleVerifier [0xeaf51a+2abf5a]
	undetected_chromedriver!GetHandleVerifier [0xeaaa21+2a7461]
	undetected_chromedriver!GetHandleVerifier [0xc3f374+3bdb4]
	undetected_chromedriver!GetHandleVerifier [0xc2e036+2aa76]
	undetected_chromedriver!GetHandleVerifier [0xc34efd+3193d]
	undetected_chromedriver!GetHandleVerifier [0xc1c8a8+192e8]
	undetected_chromedriver!GetHandleVerifier [0xc1ca55+19495]
	undetected_chromedriver!GetHandleVerifier [0xc053ff+1e3f]
	KERNEL32!BaseThreadInitThunk [0x771cfcc9+19]
	ntdll!RtlGetAppContainerNamedObjectPath [0x77a0843e+11e]
	ntdll!RtlGetAppContainerNamedObjectPath [0x77a0840e+ee]

[Wed 08/19/2026 12:00:49.57] LOI: Spider that bai. Dung pipeline. 
[Wed 08/19/2026 12:00:51.47] LUONG FAST BI DUNG DO LOI 
========================================= 
[Thu 08/20/2026 12:00:13.94] BAT DAU LUONG FAST (QUET BE MAT) 
[Thu 08/20/2026 12:00:13.94] [1/3] Dang cao du lieu be mat... 
[Browser] Đang khởi tạo trình duyệt...
[Browser] Phát hiện Chrome (Windows): Version 151

[Spider] Đang cào trang 1/10: https://batdongsan.com.vn/nha-dat-ban-ha-dong
[Spider] ✅ Thành công: Tìm thấy 40 tin đăng ở trang 1.

[Spider] Đang cào trang 2/10: https://batdongsan.com.vn/nha-dat-ban-ha-dong/p2
[Spider] ✅ Thành công: Tìm thấy 40 tin đăng ở trang 2.

[Spider] Đang cào trang 3/10: https://batdongsan.com.vn/nha-dat-ban-ha-dong/p3
[Spider] ✅ Thành công: Tìm thấy 40 tin đăng ở trang 3.

[Spider] Đang cào trang 4/10: https://batdongsan.com.vn/nha-dat-ban-ha-dong/p4
[Spider] ✅ Thành công: Tìm thấy 40 tin đăng ở trang 4.

[Spider] Đang cào trang 5/10: https://batdongsan.com.vn/nha-dat-ban-ha-dong/p5
[Spider] ✅ Thành công: Tìm thấy 40 tin đăng ở trang 5.

[Spider] Đang cào trang 6/10: https://batdongsan.com.vn/nha-dat-ban-ha-dong/p6
[Spider] ✅ Thành công: Tìm thấy 40 tin đăng ở trang 6.

[Spider] Đang cào trang 7/10: https://batdongsan.com.vn/nha-dat-ban-ha-dong/p7
[Spider] ✅ Thành công: Tìm thấy 40 tin đăng ở trang 7.

[Spider] Đang cào trang 8/10: https://batdongsan.com.vn/nha-dat-ban-ha-dong/p8
[Spider] ✅ Thành công: Tìm thấy 40 tin đăng ở trang 8.

[Spider] Đang cào trang 9/10: https://batdongsan.com.vn/nha-dat-ban-ha-dong/p9
[Spider] ✅ Thành công: Tìm thấy 40 tin đăng ở trang 9.

[Spider] Đang cào trang 10/10: https://batdongsan.com.vn/nha-dat-ban-ha-dong/p10
[Spider] ✅ Thành công: Tìm thấy 40 tin đăng ở trang 10.
[Spider] Đang gộp dữ liệu mới vào file cũ (Khớp theo tên cột)...
[Spider] Đã lưu 280 dòng mới. Tổng: 67815 dòng.
[Thu 08/20/2026 12:05:08.72] [2/3] Dang lam sach va day vao PostgreSQL... 
🔍 Đang cấu hình Database với: postgres.kkwivuufxdewurmxtsto@aws-1-ap-southeast-1.pooler.supabase.com:5432/postgres
D:\Python\realtime_estimate_tracker\src\preprocessing\cleaner.py:138: UserWarning: Parsing dates in %d/%m/%Y format when dayfirst=False (the default) was specified. Pass `dayfirst=True` or specify a format to silence this warning.
  df['scraped_date'] = pd.to_datetime(df['scraped_date'], errors='coerce')
Đang đọc dữ liệu thô...
Tổng số dòng thô: 67815
🧠 Đang áp dụng NLP trích xuất Đặc trưng...
🧠 Đang áp dụng KNN Imputer...
✅ Giữ lại 8446/67815 tin hợp lệ.
✅ Đã kết nối thành công tới PostgreSQL.
✅ Bảng 'bds_hadong' đã có PRIMARY KEY. Bỏ qua.
Đang thực hiện Upsert dữ liệu vào PostgreSQL...
🔄 Upsert thành công 8446 bản ghi vào 'bds_hadong'.
✅ Hoàn tất Pipeline ETL.
[Thu 08/20/2026 12:06:18.94] [3/3] Dang dong bo Data len GitHub... 
[main fa3010b] Auto-update Fast Pipeline: Thu 08/20/2026 12:06:32.97
 4 files changed, 929 insertions(+), 545 deletions(-)
remote: This repository moved. Please use the new location:        
remote:   https://github.com/HieuNT316/hanoi-house-price-prediction.git        
To https://github.com/Alexus143/hanoi-house-price-prediction.git
   8c81d55..fa3010b  main -> main
[Thu 08/20/2026 12:06:47.53] HOAN THANH LUONG FAST 
========================================= 
[Fri 08/21/2026 12:00:04.98] BAT DAU LUONG FAST (QUET BE MAT) 
[Fri 08/21/2026 12:00:05.00] [1/3] Dang cao du lieu be mat... 
[Browser] Đang khởi tạo trình duyệt...
[Browser] Phát hiện Chrome (Windows): Version 151

[Spider] Đang cào trang 1/10: https://batdongsan.com.vn/nha-dat-ban-ha-dong
[Spider] ✅ Thành công: Tìm thấy 40 tin đăng ở trang 1.

[Spider] Đang cào trang 2/10: https://batdongsan.com.vn/nha-dat-ban-ha-dong/p2
[Spider] ✅ Thành công: Tìm thấy 40 tin đăng ở trang 2.

[Spider] Đang cào trang 3/10: https://batdongsan.com.vn/nha-dat-ban-ha-dong/p3
[Spider] ✅ Thành công: Tìm thấy 40 tin đăng ở trang 3.

[Spider] Đang cào trang 4/10: https://batdongsan.com.vn/nha-dat-ban-ha-dong/p4
[Spider] ✅ Thành công: Tìm thấy 40 tin đăng ở trang 4.

[Spider] Đang cào trang 5/10: https://batdongsan.com.vn/nha-dat-ban-ha-dong/p5
[Spider] ✅ Thành công: Tìm thấy 40 tin đăng ở trang 5.

[Spider] Đang cào trang 6/10: https://batdongsan.com.vn/nha-dat-ban-ha-dong/p6
[Spider] ✅ Thành công: Tìm thấy 40 tin đăng ở trang 6.

[Spider] Đang cào trang 7/10: https://batdongsan.com.vn/nha-dat-ban-ha-dong/p7
[Spider] ✅ Thành công: Tìm thấy 30 tin đăng ở trang 7.

[Spider] Đang cào trang 8/10: https://batdongsan.com.vn/nha-dat-ban-ha-dong/p8
[Spider] ✅ Thành công: Tìm thấy 40 tin đăng ở trang 8.

[Spider] Đang cào trang 9/10: https://batdongsan.com.vn/nha-dat-ban-ha-dong/p9
[Spider] ✅ Thành công: Tìm thấy 40 tin đăng ở trang 9.

[Spider] Đang cào trang 10/10: https://batdongsan.com.vn/nha-dat-ban-ha-dong/p10
[Spider] ✅ Thành công: Tìm thấy 40 tin đăng ở trang 10.
[Spider] Đang gộp dữ liệu mới vào file cũ (Khớp theo tên cột)...
[Spider] Đã lưu 277 dòng mới. Tổng: 68092 dòng.
[Fri 08/21/2026 12:04:08.55] [2/3] Dang lam sach va day vao PostgreSQL... 
🔍 Đang cấu hình Database với: postgres.kkwivuufxdewurmxtsto@aws-1-ap-southeast-1.pooler.supabase.com:5432/postgres
D:\Python\realtime_estimate_tracker\src\preprocessing\cleaner.py:138: UserWarning: Parsing dates in %d/%m/%Y format when dayfirst=False (the default) was specified. Pass `dayfirst=True` or specify a format to silence this warning.
  df['scraped_date'] = pd.to_datetime(df['scraped_date'], errors='coerce')
Đang đọc dữ liệu thô...
Tổng số dòng thô: 68092
🧠 Đang áp dụng NLP trích xuất Đặc trưng...
🧠 Đang áp dụng KNN Imputer...
✅ Giữ lại 8484/68092 tin hợp lệ.
✅ Đã kết nối thành công tới PostgreSQL.
✅ Bảng 'bds_hadong' đã có PRIMARY KEY. Bỏ qua.
Đang thực hiện Upsert dữ liệu vào PostgreSQL...
🔄 Upsert thành công 8484 bản ghi vào 'bds_hadong'.
✅ Hoàn tất Pipeline ETL.
[Fri 08/21/2026 12:05:07.31] [3/3] Dang dong bo Data len GitHub... 
[main 32292b1] Auto-update Fast Pipeline: Fri 08/21/2026 12:05:20.02
 4 files changed, 937 insertions(+), 561 deletions(-)
fatal: Unable to persist credentials with the 'wincredman' credential store.
See https://aka.ms/gcm/credstores for more information.
fatal: Unable to persist credentials with the 'wincredman' credential store.
See https://aka.ms/gcm/credstores for more information.
fatal: could not read Username for 'https://github.com': terminal prompts disabled
[Fri 08/21/2026 12:05:24.01] LOI: git push that bai. 
[Fri 08/21/2026 12:05:24.04] LUONG FAST BI DUNG DO LOI 
========================================= 
[Sat 08/22/2026 12:00:02.94] BAT DAU LUONG FAST (QUET BE MAT) 
[Sat 08/22/2026 12:00:02.95] [1/3] Dang cao du lieu be mat... 
[Browser] Đang khởi tạo trình duyệt...
[Browser] Phát hiện Chrome (Windows): Version 151

[Spider] Đang cào trang 1/10: https://batdongsan.com.vn/nha-dat-ban-ha-dong
[Spider] ✅ Thành công: Tìm thấy 40 tin đăng ở trang 1.

[Spider] Đang cào trang 2/10: https://batdongsan.com.vn/nha-dat-ban-ha-dong/p2
[Spider] ✅ Thành công: Tìm thấy 40 tin đăng ở trang 2.

[Spider] Đang cào trang 3/10: https://batdongsan.com.vn/nha-dat-ban-ha-dong/p3
[Spider] ✅ Thành công: Tìm thấy 40 tin đăng ở trang 3.

[Spider] Đang cào trang 4/10: https://batdongsan.com.vn/nha-dat-ban-ha-dong/p4
[Spider] ✅ Thành công: Tìm thấy 40 tin đăng ở trang 4.

[Spider] Đang cào trang 5/10: https://batdongsan.com.vn/nha-dat-ban-ha-dong/p5
[Spider] ✅ Thành công: Tìm thấy 40 tin đăng ở trang 5.

[Spider] Đang cào trang 6/10: https://batdongsan.com.vn/nha-dat-ban-ha-dong/p6
[Spider] ✅ Thành công: Tìm thấy 40 tin đăng ở trang 6.

[Spider] Đang cào trang 7/10: https://batdongsan.com.vn/nha-dat-ban-ha-dong/p7
[Spider] ✅ Thành công: Tìm thấy 30 tin đăng ở trang 7.

[Spider] Đang cào trang 8/10: https://batdongsan.com.vn/nha-dat-ban-ha-dong/p8
[Spider] ✅ Thành công: Tìm thấy 40 tin đăng ở trang 8.

[Spider] Đang cào trang 9/10: https://batdongsan.com.vn/nha-dat-ban-ha-dong/p9
[Spider] ✅ Thành công: Tìm thấy 40 tin đăng ở trang 9.

[Spider] Đang cào trang 10/10: https://batdongsan.com.vn/nha-dat-ban-ha-dong/p10
[Spider] ✅ Thành công: Tìm thấy 40 tin đăng ở trang 10.
[Spider] Đang gộp dữ liệu mới vào file cũ (Khớp theo tên cột)...
[Spider] Đã lưu 277 dòng mới. Tổng: 68369 dòng.
[Sat 08/22/2026 12:04:01.00] [2/3] Dang lam sach va day vao PostgreSQL... 
🔍 Đang cấu hình Database với: postgres.kkwivuufxdewurmxtsto@aws-1-ap-southeast-1.pooler.supabase.com:5432/postgres
D:\Python\realtime_estimate_tracker\src\preprocessing\cleaner.py:138: UserWarning: Parsing dates in %d/%m/%Y format when dayfirst=False (the default) was specified. Pass `dayfirst=True` or specify a format to silence this warning.
  df['scraped_date'] = pd.to_datetime(df['scraped_date'], errors='coerce')
Đang đọc dữ liệu thô...
Tổng số dòng thô: 68369
🧠 Đang áp dụng NLP trích xuất Đặc trưng...
🧠 Đang áp dụng KNN Imputer...
✅ Giữ lại 8511/68369 tin hợp lệ.
✅ Đã kết nối thành công tới PostgreSQL.
✅ Bảng 'bds_hadong' đã có PRIMARY KEY. Bỏ qua.
Đang thực hiện Upsert dữ liệu vào PostgreSQL...
🔄 Upsert thành công 8511 bản ghi vào 'bds_hadong'.
✅ Hoàn tất Pipeline ETL.
[Sat 08/22/2026 12:04:55.77] [3/3] Dang dong bo Data len GitHub... 
[main 5a91d69] Auto-update Fast Pipeline: Sat 08/22/2026 12:05:08.14
 4 files changed, 941 insertions(+), 576 deletions(-)
fatal: Unable to persist credentials with the 'wincredman' credential store.
See https://aka.ms/gcm/credstores for more information.
fatal: Unable to persist credentials with the 'wincredman' credential store.
See https://aka.ms/gcm/credstores for more information.
fatal: could not read Username for 'https://github.com': terminal prompts disabled
[Sat 08/22/2026 12:05:26.64] LOI: git push that bai. 
[Sat 08/22/2026 12:05:26.66] LUONG FAST BI DUNG DO LOI 
========================================= 
[Sun 08/23/2026 15:45:01.43] BAT DAU LUONG FAST (QUET BE MAT) 
[Sun 08/23/2026 15:45:01.52] [1/3] Dang cao du lieu be mat... 
[Browser] Đang khởi tạo trình duyệt...
[Browser] Phát hiện Chrome (Windows): Version 151

[Spider] Đang cào trang 1/10: https://batdongsan.com.vn/nha-dat-ban-ha-dong
[Spider] ✅ Thành công: Tìm thấy 40 tin đăng ở trang 1.

[Spider] Đang cào trang 2/10: https://batdongsan.com.vn/nha-dat-ban-ha-dong/p2
[Spider] ✅ Thành công: Tìm thấy 40 tin đăng ở trang 2.

[Spider] Đang cào trang 3/10: https://batdongsan.com.vn/nha-dat-ban-ha-dong/p3
[Spider] ✅ Thành công: Tìm thấy 40 tin đăng ở trang 3.

[Spider] Đang cào trang 4/10: https://batdongsan.com.vn/nha-dat-ban-ha-dong/p4
[Spider] ✅ Thành công: Tìm thấy 40 tin đăng ở trang 4.

[Spider] Đang cào trang 5/10: https://batdongsan.com.vn/nha-dat-ban-ha-dong/p5
[Spider] ✅ Thành công: Tìm thấy 40 tin đăng ở trang 5.

[Spider] Đang cào trang 6/10: https://batdongsan.com.vn/nha-dat-ban-ha-dong/p6
[Spider] ✅ Thành công: Tìm thấy 40 tin đăng ở trang 6.

[Spider] Đang cào trang 7/10: https://batdongsan.com.vn/nha-dat-ban-ha-dong/p7
[Spider] ✅ Thành công: Tìm thấy 40 tin đăng ở trang 7.

[Spider] Đang cào trang 8/10: https://batdongsan.com.vn/nha-dat-ban-ha-dong/p8
[Spider] ✅ Thành công: Tìm thấy 40 tin đăng ở trang 8.

[Spider] Đang cào trang 9/10: https://batdongsan.com.vn/nha-dat-ban-ha-dong/p9
[Spider] ✅ Thành công: Tìm thấy 40 tin đăng ở trang 9.

[Spider] Đang cào trang 10/10: https://batdongsan.com.vn/nha-dat-ban-ha-dong/p10
[Spider] ✅ Thành công: Tìm thấy 40 tin đăng ở trang 10.
[Spider] Đang gộp dữ liệu mới vào file cũ (Khớp theo tên cột)...
[Spider] Đã lưu 280 dòng mới. Tổng: 68649 dòng.
[Sun 08/23/2026 15:49:03.88] [2/3] Dang lam sach va day vao PostgreSQL... 
🔍 Đang cấu hình Database với: postgres.kkwivuufxdewurmxtsto@aws-1-ap-southeast-1.pooler.supabase.com:5432/postgres
D:\Python\realtime_estimate_tracker\src\preprocessing\cleaner.py:138: UserWarning: Parsing dates in %d/%m/%Y format when dayfirst=False (the default) was specified. Pass `dayfirst=True` or specify a format to silence this warning.
  df['scraped_date'] = pd.to_datetime(df['scraped_date'], errors='coerce')
Đang đọc dữ liệu thô...
Tổng số dòng thô: 68649
🧠 Đang áp dụng NLP trích xuất Đặc trưng...
🧠 Đang áp dụng KNN Imputer...
✅ Giữ lại 8543/68649 tin hợp lệ.
✅ Đã kết nối thành công tới PostgreSQL.
✅ Bảng 'bds_hadong' đã có PRIMARY KEY. Bỏ qua.
Đang thực hiện Upsert dữ liệu vào PostgreSQL...
🔄 Upsert thành công 8543 bản ghi vào 'bds_hadong'.
✅ Hoàn tất Pipeline ETL.
[Sun 08/23/2026 15:50:08.06] [3/3] Dang dong bo Data len GitHub... 
[main 30686b5] Auto-update Fast Pipeline: Sun 08/23/2026 15:50:32.75
 4 files changed, 906 insertions(+), 533 deletions(-)
remote: This repository moved. Please use the new location:        
remote:   https://github.com/HieuNT316/hanoi-house-price-prediction.git        
To https://github.com/Alexus143/hanoi-house-price-prediction.git
   576b441..30686b5  main -> main
[Sun 08/23/2026 15:51:00.97] HOAN THANH LUONG FAST 
========================================= 
[Mon 08/24/2026 12:00:02.77] BAT DAU LUONG FAST (QUET BE MAT) 
[Mon 08/24/2026 12:00:02.79] [1/3] Dang cao du lieu be mat... 
[Browser] Đang khởi tạo trình duyệt...
[Browser] Phát hiện Chrome (Windows): Version 151

[Spider] Đang cào trang 1/10: https://batdongsan.com.vn/nha-dat-ban-ha-dong
[Spider] ✅ Thành công: Tìm thấy 40 tin đăng ở trang 1.

[Spider] Đang cào trang 2/10: https://batdongsan.com.vn/nha-dat-ban-ha-dong/p2
[Spider] ✅ Thành công: Tìm thấy 30 tin đăng ở trang 2.

[Spider] Đang cào trang 3/10: https://batdongsan.com.vn/nha-dat-ban-ha-dong/p3
[Spider] ✅ Thành công: Tìm thấy 40 tin đăng ở trang 3.

[Spider] Đang cào trang 4/10: https://batdongsan.com.vn/nha-dat-ban-ha-dong/p4
[Spider] ✅ Thành công: Tìm thấy 40 tin đăng ở trang 4.

[Spider] Đang cào trang 5/10: https://batdongsan.com.vn/nha-dat-ban-ha-dong/p5
[Spider] ✅ Thành công: Tìm thấy 40 tin đăng ở trang 5.

[Spider] Đang cào trang 6/10: https://batdongsan.com.vn/nha-dat-ban-ha-dong/p6
[Spider] ✅ Thành công: Tìm thấy 40 tin đăng ở trang 6.

[Spider] Đang cào trang 7/10: https://batdongsan.com.vn/nha-dat-ban-ha-dong/p7
[Spider] ✅ Thành công: Tìm thấy 30 tin đăng ở trang 7.

[Spider] Đang cào trang 8/10: https://batdongsan.com.vn/nha-dat-ban-ha-dong/p8
[Spider] ✅ Thành công: Tìm thấy 40 tin đăng ở trang 8.

[Spider] Đang cào trang 9/10: https://batdongsan.com.vn/nha-dat-ban-ha-dong/p9
[Spider] ✅ Thành công: Tìm thấy 40 tin đăng ở trang 9.

[Spider] Đang cào trang 10/10: https://batdongsan.com.vn/nha-dat-ban-ha-dong/p10
[Spider] ✅ Thành công: Tìm thấy 40 tin đăng ở trang 10.
[Spider] Đang gộp dữ liệu mới vào file cũ (Khớp theo tên cột)...
[Spider] Đã lưu 272 dòng mới. Tổng: 68921 dòng.
[Mon 08/24/2026 12:05:26.83] [2/3] Dang lam sach va day vao PostgreSQL... 
🔍 Đang cấu hình Database với: postgres.kkwivuufxdewurmxtsto@aws-1-ap-southeast-1.pooler.supabase.com:5432/postgres
D:\Python\realtime_estimate_tracker\src\preprocessing\cleaner.py:138: UserWarning: Parsing dates in %d/%m/%Y format when dayfirst=False (the default) was specified. Pass `dayfirst=True` or specify a format to silence this warning.
  df['scraped_date'] = pd.to_datetime(df['scraped_date'], errors='coerce')
Đang đọc dữ liệu thô...
Tổng số dòng thô: 68921
🧠 Đang áp dụng NLP trích xuất Đặc trưng...
🧠 Đang áp dụng KNN Imputer...
✅ Giữ lại 8584/68921 tin hợp lệ.
✅ Đã kết nối thành công tới PostgreSQL.
✅ Bảng 'bds_hadong' đã có PRIMARY KEY. Bỏ qua.
Đang thực hiện Upsert dữ liệu vào PostgreSQL...
🔄 Upsert thành công 8584 bản ghi vào 'bds_hadong'.
✅ Hoàn tất Pipeline ETL.
[Mon 08/24/2026 12:06:24.39] [3/3] Dang dong bo Data len GitHub... 
[main 12b592b] Auto-update Fast Pipeline: Mon 08/24/2026 12:06:38.77
 4 files changed, 913 insertions(+), 539 deletions(-)
fatal: Unable to persist credentials with the 'wincredman' credential store.
See https://aka.ms/gcm/credstores for more information.
fatal: Unable to persist credentials with the 'wincredman' credential store.
See https://aka.ms/gcm/credstores for more information.
fatal: could not read Username for 'https://github.com': terminal prompts disabled
[Mon 08/24/2026 12:06:44.19] LOI: git push that bai. 
[Mon 08/24/2026 12:06:44.22] LUONG FAST BI DUNG DO LOI 
========================================= 
[Tue 08/25/2026 12:00:03.24] BAT DAU LUONG FAST (QUET BE MAT) 
[Tue 08/25/2026 12:00:03.26] [1/3] Dang cao du lieu be mat... 
[Browser] Đang khởi tạo trình duyệt...
[Browser] Phát hiện Chrome (Windows): Version 151

[Spider] Đang cào trang 1/10: https://batdongsan.com.vn/nha-dat-ban-ha-dong
[Spider] ✅ Thành công: Tìm thấy 40 tin đăng ở trang 1.

[Spider] Đang cào trang 2/10: https://batdongsan.com.vn/nha-dat-ban-ha-dong/p2
[Spider] ✅ Thành công: Tìm thấy 40 tin đăng ở trang 2.

[Spider] Đang cào trang 3/10: https://batdongsan.com.vn/nha-dat-ban-ha-dong/p3
[Spider] ✅ Thành công: Tìm thấy 40 tin đăng ở trang 3.

[Spider] Đang cào trang 4/10: https://batdongsan.com.vn/nha-dat-ban-ha-dong/p4
[Spider] ✅ Thành công: Tìm thấy 40 tin đăng ở trang 4.

[Spider] Đang cào trang 5/10: https://batdongsan.com.vn/nha-dat-ban-ha-dong/p5
[Spider] ✅ Thành công: Tìm thấy 40 tin đăng ở trang 5.

[Spider] Đang cào trang 6/10: https://batdongsan.com.vn/nha-dat-ban-ha-dong/p6
[Spider] ✅ Thành công: Tìm thấy 40 tin đăng ở trang 6.

[Spider] Đang cào trang 7/10: https://batdongsan.com.vn/nha-dat-ban-ha-dong/p7
[Spider] ✅ Thành công: Tìm thấy 30 tin đăng ở trang 7.

[Spider] Đang cào trang 8/10: https://batdongsan.com.vn/nha-dat-ban-ha-dong/p8
[Spider] ✅ Thành công: Tìm thấy 40 tin đăng ở trang 8.

[Spider] Đang cào trang 9/10: https://batdongsan.com.vn/nha-dat-ban-ha-dong/p9
[Spider] ✅ Thành công: Tìm thấy 40 tin đăng ở trang 9.

[Spider] Đang cào trang 10/10: https://batdongsan.com.vn/nha-dat-ban-ha-dong/p10
[Spider] ✅ Thành công: Tìm thấy 40 tin đăng ở trang 10.
[Spider] Đang gộp dữ liệu mới vào file cũ (Khớp theo tên cột)...
[Spider] Đã lưu 277 dòng mới. Tổng: 69198 dòng.
[Tue 08/25/2026 12:05:17.88] [2/3] Dang lam sach va day vao PostgreSQL... 
🔍 Đang cấu hình Database với: postgres.kkwivuufxdewurmxtsto@aws-1-ap-southeast-1.pooler.supabase.com:5432/postgres
D:\Python\realtime_estimate_tracker\src\preprocessing\cleaner.py:138: UserWarning: Parsing dates in %d/%m/%Y format when dayfirst=False (the default) was specified. Pass `dayfirst=True` or specify a format to silence this warning.
  df['scraped_date'] = pd.to_datetime(df['scraped_date'], errors='coerce')
Đang đọc dữ liệu thô...
Tổng số dòng thô: 69198
🧠 Đang áp dụng NLP trích xuất Đặc trưng...
🧠 Đang áp dụng KNN Imputer...
✅ Giữ lại 8618/69198 tin hợp lệ.
✅ Đã kết nối thành công tới PostgreSQL.
✅ Bảng 'bds_hadong' đã có PRIMARY KEY. Bỏ qua.
Đang thực hiện Upsert dữ liệu vào PostgreSQL...
🔄 Upsert thành công 8618 bản ghi vào 'bds_hadong'.
✅ Hoàn tất Pipeline ETL.
[Tue 08/25/2026 12:06:33.27] [3/3] Dang dong bo Data len GitHub... 
[main 6bb4cbc] Auto-update Fast Pipeline: Tue 08/25/2026 12:06:49.06
 4 files changed, 1113 insertions(+), 599 deletions(-)
fatal: Unable to persist credentials with the 'wincredman' credential store.
See https://aka.ms/gcm/credstores for more information.
fatal: Unable to persist credentials with the 'wincredman' credential store.
See https://aka.ms/gcm/credstores for more information.
fatal: could not read Username for 'https://github.com': terminal prompts disabled
[Tue 08/25/2026 12:07:00.29] LOI: git push that bai. 
[Tue 08/25/2026 12:07:00.31] LUONG FAST BI DUNG DO LOI 
========================================= 
[Wed 08/26/2026 12:00:03.57] BAT DAU LUONG FAST (QUET BE MAT) 
[Wed 08/26/2026 12:00:03.59] [1/3] Dang cao du lieu be mat... 
[Browser] Đang khởi tạo trình duyệt...
[Browser] Phát hiện Chrome (Windows): Version 151

[Spider] Đang cào trang 1/10: https://batdongsan.com.vn/nha-dat-ban-ha-dong
[Spider] ✅ Thành công: Tìm thấy 30 tin đăng ở trang 1.

[Spider] Đang cào trang 2/10: https://batdongsan.com.vn/nha-dat-ban-ha-dong/p2
[Spider] ✅ Thành công: Tìm thấy 30 tin đăng ở trang 2.

[Spider] Đang cào trang 3/10: https://batdongsan.com.vn/nha-dat-ban-ha-dong/p3
[Spider] ✅ Thành công: Tìm thấy 30 tin đăng ở trang 3.

[Spider] Đang cào trang 4/10: https://batdongsan.com.vn/nha-dat-ban-ha-dong/p4
[Spider] ✅ Thành công: Tìm thấy 40 tin đăng ở trang 4.

[Spider] Đang cào trang 5/10: https://batdongsan.com.vn/nha-dat-ban-ha-dong/p5
[Spider] ✅ Thành công: Tìm thấy 40 tin đăng ở trang 5.

[Spider] Đang cào trang 6/10: https://batdongsan.com.vn/nha-dat-ban-ha-dong/p6
[Spider] ✅ Thành công: Tìm thấy 40 tin đăng ở trang 6.

[Spider] Đang cào trang 7/10: https://batdongsan.com.vn/nha-dat-ban-ha-dong/p7
[Spider] ✅ Thành công: Tìm thấy 30 tin đăng ở trang 7.

[Spider] Đang cào trang 8/10: https://batdongsan.com.vn/nha-dat-ban-ha-dong/p8
[Spider] ✅ Thành công: Tìm thấy 40 tin đăng ở trang 8.

[Spider] Đang cào trang 9/10: https://batdongsan.com.vn/nha-dat-ban-ha-dong/p9
[Spider] ✅ Thành công: Tìm thấy 40 tin đăng ở trang 9.

[Spider] Đang cào trang 10/10: https://batdongsan.com.vn/nha-dat-ban-ha-dong/p10
[Spider] ✅ Thành công: Tìm thấy 40 tin đăng ở trang 10.
[Spider] Đang gộp dữ liệu mới vào file cũ (Khớp theo tên cột)...
[Spider] Đã lưu 262 dòng mới. Tổng: 69460 dòng.
[Wed 08/26/2026 12:04:23.80] [2/3] Dang lam sach va day vao PostgreSQL... 
🔍 Đang cấu hình Database với: postgres.kkwivuufxdewurmxtsto@aws-1-ap-southeast-1.pooler.supabase.com:5432/postgres
D:\Python\realtime_estimate_tracker\src\preprocessing\cleaner.py:138: UserWarning: Parsing dates in %d/%m/%Y format when dayfirst=False (the default) was specified. Pass `dayfirst=True` or specify a format to silence this warning.
  df['scraped_date'] = pd.to_datetime(df['scraped_date'], errors='coerce')
Đang đọc dữ liệu thô...
Tổng số dòng thô: 69460
🧠 Đang áp dụng NLP trích xuất Đặc trưng...
🧠 Đang áp dụng KNN Imputer...
✅ Giữ lại 8653/69460 tin hợp lệ.
✅ Đã kết nối thành công tới PostgreSQL.
✅ Bảng 'bds_hadong' đã có PRIMARY KEY. Bỏ qua.
Đang thực hiện Upsert dữ liệu vào PostgreSQL...
🔄 Upsert thành công 8653 bản ghi vào 'bds_hadong'.
✅ Hoàn tất Pipeline ETL.
[Wed 08/26/2026 12:05:26.83] [3/3] Dang dong bo Data len GitHub... 
[main 8b1572f] Auto-update Fast Pipeline: Wed 08/26/2026 12:05:39.13
 4 files changed, 889 insertions(+), 531 deletions(-)
fatal: Unable to persist credentials with the 'wincredman' credential store.
See https://aka.ms/gcm/credstores for more information.
fatal: Unable to persist credentials with the 'wincredman' credential store.
See https://aka.ms/gcm/credstores for more information.
fatal: could not read Username for 'https://github.com': terminal prompts disabled
[Wed 08/26/2026 12:05:47.18] LOI: git push that bai. 
[Wed 08/26/2026 12:05:47.21] LUONG FAST BI DUNG DO LOI 
========================================= 
[Thu 08/27/2026 12:00:02.68] BAT DAU LUONG FAST (QUET BE MAT) 
[Thu 08/27/2026 12:00:02.70] [1/3] Dang cao du lieu be mat... 
[Browser] Đang khởi tạo trình duyệt...
[Browser] Phát hiện Chrome (Windows): Version 151

[Spider] Đang cào trang 1/10: https://batdongsan.com.vn/nha-dat-ban-ha-dong
[Spider] ✅ Thành công: Tìm thấy 30 tin đăng ở trang 1.

[Spider] Đang cào trang 2/10: https://batdongsan.com.vn/nha-dat-ban-ha-dong/p2
[Spider] ✅ Thành công: Tìm thấy 40 tin đăng ở trang 2.

[Spider] Đang cào trang 3/10: https://batdongsan.com.vn/nha-dat-ban-ha-dong/p3
[Spider] ✅ Thành công: Tìm thấy 40 tin đăng ở trang 3.

[Spider] Đang cào trang 4/10: https://batdongsan.com.vn/nha-dat-ban-ha-dong/p4
[Spider] ✅ Thành công: Tìm thấy 40 tin đăng ở trang 4.

[Spider] Đang cào trang 5/10: https://batdongsan.com.vn/nha-dat-ban-ha-dong/p5
[Spider] ✅ Thành công: Tìm thấy 40 tin đăng ở trang 5.

[Spider] Đang cào trang 6/10: https://batdongsan.com.vn/nha-dat-ban-ha-dong/p6
[Spider] ✅ Thành công: Tìm thấy 30 tin đăng ở trang 6.

[Spider] Đang cào trang 7/10: https://batdongsan.com.vn/nha-dat-ban-ha-dong/p7
[Spider] ✅ Thành công: Tìm thấy 40 tin đăng ở trang 7.

[Spider] Đang cào trang 8/10: https://batdongsan.com.vn/nha-dat-ban-ha-dong/p8
[Spider] ✅ Thành công: Tìm thấy 40 tin đăng ở trang 8.

[Spider] Đang cào trang 9/10: https://batdongsan.com.vn/nha-dat-ban-ha-dong/p9
[Spider] ✅ Thành công: Tìm thấy 40 tin đăng ở trang 9.

[Spider] Đang cào trang 10/10: https://batdongsan.com.vn/nha-dat-ban-ha-dong/p10
[Spider] ✅ Thành công: Tìm thấy 40 tin đăng ở trang 10.
[Spider] Đang gộp dữ liệu mới vào file cũ (Khớp theo tên cột)...
[Spider] Đã lưu 270 dòng mới. Tổng: 69730 dòng.
[Thu 08/27/2026 12:04:11.48] [2/3] Dang lam sach va day vao PostgreSQL... 
🔍 Đang cấu hình Database với: postgres.kkwivuufxdewurmxtsto@aws-1-ap-southeast-1.pooler.supabase.com:5432/postgres
D:\Python\realtime_estimate_tracker\src\preprocessing\cleaner.py:138: UserWarning: Parsing dates in %d/%m/%Y format when dayfirst=False (the default) was specified. Pass `dayfirst=True` or specify a format to silence this warning.
  df['scraped_date'] = pd.to_datetime(df['scraped_date'], errors='coerce')
Đang đọc dữ liệu thô...
Tổng số dòng thô: 69730
🧠 Đang áp dụng NLP trích xuất Đặc trưng...
🧠 Đang áp dụng KNN Imputer...
✅ Giữ lại 8676/69730 tin hợp lệ.
✅ Đã kết nối thành công tới PostgreSQL.
✅ Bảng 'bds_hadong' đã có PRIMARY KEY. Bỏ qua.
Đang thực hiện Upsert dữ liệu vào PostgreSQL...
🔄 Upsert thành công 8676 bản ghi vào 'bds_hadong'.
✅ Hoàn tất Pipeline ETL.
[Thu 08/27/2026 12:05:04.98] [3/3] Dang dong bo Data len GitHub... 
[main 2cebb31] Auto-update Fast Pipeline: Thu 08/27/2026 12:05:18.05
 4 files changed, 835 insertions(+), 480 deletions(-)
fatal: Unable to persist credentials with the 'wincredman' credential store.
See https://aka.ms/gcm/credstores for more information.
fatal: Unable to persist credentials with the 'wincredman' credential store.
See https://aka.ms/gcm/credstores for more information.
fatal: could not read Username for 'https://github.com': terminal prompts disabled
[Thu 08/27/2026 12:05:22.39] LOI: git push that bai. 
[Thu 08/27/2026 12:05:22.41] LUONG FAST BI DUNG DO LOI 
========================================= 
[Fri 08/28/2026 12:00:02.49] BAT DAU LUONG FAST (QUET BE MAT) 
[Fri 08/28/2026 12:00:02.51] [1/3] Dang cao du lieu be mat... 
[Browser] Đang khởi tạo trình duyệt...
[Browser] Phát hiện Chrome (Windows): Version 151

[Spider] Đang cào trang 1/10: https://batdongsan.com.vn/nha-dat-ban-ha-dong
[Spider] ✅ Thành công: Tìm thấy 30 tin đăng ở trang 1.

[Spider] Đang cào trang 2/10: https://batdongsan.com.vn/nha-dat-ban-ha-dong/p2
[Spider] ✅ Thành công: Tìm thấy 40 tin đăng ở trang 2.

[Spider] Đang cào trang 3/10: https://batdongsan.com.vn/nha-dat-ban-ha-dong/p3
[Spider] ✅ Thành công: Tìm thấy 30 tin đăng ở trang 3.

[Spider] Đang cào trang 4/10: https://batdongsan.com.vn/nha-dat-ban-ha-dong/p4
[Spider] ✅ Thành công: Tìm thấy 30 tin đăng ở trang 4.

[Spider] Đang cào trang 5/10: https://batdongsan.com.vn/nha-dat-ban-ha-dong/p5
[Spider] ✅ Thành công: Tìm thấy 40 tin đăng ở trang 5.

[Spider] Đang cào trang 6/10: https://batdongsan.com.vn/nha-dat-ban-ha-dong/p6
[Spider] ✅ Thành công: Tìm thấy 30 tin đăng ở trang 6.

[Spider] Đang cào trang 7/10: https://batdongsan.com.vn/nha-dat-ban-ha-dong/p7
[Spider] ✅ Thành công: Tìm thấy 30 tin đăng ở trang 7.

[Spider] Đang cào trang 8/10: https://batdongsan.com.vn/nha-dat-ban-ha-dong/p8
[Spider] ✅ Thành công: Tìm thấy 40 tin đăng ở trang 8.

[Spider] Đang cào trang 9/10: https://batdongsan.com.vn/nha-dat-ban-ha-dong/p9
[Spider] ✅ Thành công: Tìm thấy 40 tin đăng ở trang 9.

[Spider] Đang cào trang 10/10: https://batdongsan.com.vn/nha-dat-ban-ha-dong/p10
[Spider] ✅ Thành công: Tìm thấy 40 tin đăng ở trang 10.
[Spider] Đang gộp dữ liệu mới vào file cũ (Khớp theo tên cột)...
[Spider] Đã lưu 257 dòng mới. Tổng: 69987 dòng.
[Fri 08/28/2026 12:04:20.47] [2/3] Dang lam sach va day vao PostgreSQL... 
🔍 Đang cấu hình Database với: postgres.kkwivuufxdewurmxtsto@aws-1-ap-southeast-1.pooler.supabase.com:5432/postgres
D:\Python\realtime_estimate_tracker\src\preprocessing\cleaner.py:138: UserWarning: Parsing dates in %d/%m/%Y format when dayfirst=False (the default) was specified. Pass `dayfirst=True` or specify a format to silence this warning.
  df['scraped_date'] = pd.to_datetime(df['scraped_date'], errors='coerce')
Traceback (most recent call last):
  File "C:\Users\User\AppData\Local\Programs\Python\Python310\lib\runpy.py", line 196, in _run_module_as_main
    return _run_code(code, main_globals, None,
  File "C:\Users\User\AppData\Local\Programs\Python\Python310\lib\runpy.py", line 86, in _run_code
    exec(code, run_globals)
  File "D:\Python\realtime_estimate_tracker\src\preprocessing\cleaner.py", line 223, in <module>
    process_and_save()
  File "D:\Python\realtime_estimate_tracker\src\preprocessing\cleaner.py", line 198, in process_and_save
    inspector = inspect(db.engine)
  File "D:\Python\realtime_estimate_tracker\venv_bds\lib\site-packages\sqlalchemy\inspection.py", line 147, in inspect
    raise exc.NoInspectionAvailable(
sqlalchemy.exc.NoInspectionAvailable: No inspection system is available for object of type <class 'NoneType'>
Đang đọc dữ liệu thô...
Tổng số dòng thô: 69987
🧠 Đang áp dụng NLP trích xuất Đặc trưng...
🧠 Đang áp dụng KNN Imputer...
✅ Giữ lại 8708/69987 tin hợp lệ.
❌ Lỗi kết nối Database: (psycopg2.OperationalError) could not translate host name "aws-1-ap-southeast-1.pooler.supabase.com" to address: Name or service not known

(Background on this error at: https://sqlalche.me/e/20/e3q8)
[Fri 08/28/2026 12:05:20.25] LOI: Cleaner that bai. Dung pipeline. 
[Fri 08/28/2026 12:05:22.13] LUONG FAST BI DUNG DO LOI 
========================================= 
[Sat 08/29/2026 12:00:04.18] BAT DAU LUONG FAST (QUET BE MAT) 
[Sat 08/29/2026 12:00:04.24] [1/3] Dang cao du lieu be mat... 
[Browser] Đang khởi tạo trình duyệt...
[Browser] Phát hiện Chrome (Windows): Version 151

[Spider] Đang cào trang 1/10: https://batdongsan.com.vn/nha-dat-ban-ha-dong
[Spider] ✅ Thành công: Tìm thấy 40 tin đăng ở trang 1.

[Spider] Đang cào trang 2/10: https://batdongsan.com.vn/nha-dat-ban-ha-dong/p2
[Spider] ✅ Thành công: Tìm thấy 40 tin đăng ở trang 2.

[Spider] Đang cào trang 3/10: https://batdongsan.com.vn/nha-dat-ban-ha-dong/p3
[Spider] ✅ Thành công: Tìm thấy 30 tin đăng ở trang 3.

[Spider] Đang cào trang 4/10: https://batdongsan.com.vn/nha-dat-ban-ha-dong/p4
[Spider] ✅ Thành công: Tìm thấy 40 tin đăng ở trang 4.

[Spider] Đang cào trang 5/10: https://batdongsan.com.vn/nha-dat-ban-ha-dong/p5
[Spider] ✅ Thành công: Tìm thấy 40 tin đăng ở trang 5.

[Spider] Đang cào trang 6/10: https://batdongsan.com.vn/nha-dat-ban-ha-dong/p6
[Spider] ✅ Thành công: Tìm thấy 30 tin đăng ở trang 6.

[Spider] Đang cào trang 7/10: https://batdongsan.com.vn/nha-dat-ban-ha-dong/p7
[Spider] ✅ Thành công: Tìm thấy 40 tin đăng ở trang 7.

[Spider] Đang cào trang 8/10: https://batdongsan.com.vn/nha-dat-ban-ha-dong/p8
[Spider] ✅ Thành công: Tìm thấy 30 tin đăng ở trang 8.

[Spider] Đang cào trang 9/10: https://batdongsan.com.vn/nha-dat-ban-ha-dong/p9
[Spider] ✅ Thành công: Tìm thấy 40 tin đăng ở trang 9.

[Spider] Đang cào trang 10/10: https://batdongsan.com.vn/nha-dat-ban-ha-dong/p10
[Spider] ✅ Thành công: Tìm thấy 30 tin đăng ở trang 10.
[Spider] Đang gộp dữ liệu mới vào file cũ (Khớp theo tên cột)...
[Spider] Đã lưu 262 dòng mới. Tổng: 70249 dòng.
[Sat 08/29/2026 12:04:04.32] [2/3] Dang lam sach va day vao PostgreSQL... 
🔍 Đang cấu hình Database với: postgres.kkwivuufxdewurmxtsto@aws-1-ap-southeast-1.pooler.supabase.com:5432/postgres
D:\Python\realtime_estimate_tracker\src\preprocessing\cleaner.py:138: UserWarning: Parsing dates in %d/%m/%Y format when dayfirst=False (the default) was specified. Pass `dayfirst=True` or specify a format to silence this warning.
  df['scraped_date'] = pd.to_datetime(df['scraped_date'], errors='coerce')
Đang đọc dữ liệu thô...
Tổng số dòng thô: 70249
🧠 Đang áp dụng NLP trích xuất Đặc trưng...
🧠 Đang áp dụng KNN Imputer...
✅ Giữ lại 8745/70249 tin hợp lệ.
✅ Đã kết nối thành công tới PostgreSQL.
✅ Bảng 'bds_hadong' đã có PRIMARY KEY. Bỏ qua.
Đang thực hiện Upsert dữ liệu vào PostgreSQL...
🔄 Upsert thành công 8745 bản ghi vào 'bds_hadong'.
✅ Hoàn tất Pipeline ETL.
[Sat 08/29/2026 12:05:18.63] [3/3] Dang dong bo Data len GitHub... 
[main c902598] Auto-update Fast Pipeline: Sat 08/29/2026 12:05:30.93
 4 files changed, 1274 insertions(+), 623 deletions(-)
remote: This repository moved. Please use the new location:        
remote:   https://github.com/HieuNT316/hanoi-house-price-prediction.git        
To https://github.com/Alexus143/hanoi-house-price-prediction.git
   73280e8..c902598  main -> main
[Sat 08/29/2026 12:05:46.42] HOAN THANH LUONG FAST 
========================================= 
[Sun 08/30/2026 12:00:02.39] BAT DAU LUONG FAST (QUET BE MAT) 
[Sun 08/30/2026 12:00:02.41] [1/3] Dang cao du lieu be mat... 
[Browser] Đang khởi tạo trình duyệt...
[Browser] Phát hiện Chrome (Windows): Version 151

[Spider] Đang cào trang 1/10: https://batdongsan.com.vn/nha-dat-ban-ha-dong
[Spider] ✅ Thành công: Tìm thấy 40 tin đăng ở trang 1.

[Spider] Đang cào trang 2/10: https://batdongsan.com.vn/nha-dat-ban-ha-dong/p2
[Spider] ✅ Thành công: Tìm thấy 40 tin đăng ở trang 2.

[Spider] Đang cào trang 3/10: https://batdongsan.com.vn/nha-dat-ban-ha-dong/p3
[Spider] ✅ Thành công: Tìm thấy 40 tin đăng ở trang 3.

[Spider] Đang cào trang 4/10: https://batdongsan.com.vn/nha-dat-ban-ha-dong/p4
[Spider] ✅ Thành công: Tìm thấy 30 tin đăng ở trang 4.

[Spider] Đang cào trang 5/10: https://batdongsan.com.vn/nha-dat-ban-ha-dong/p5
[Spider] Lỗi tại trang 5 (Attempt 1): Message: unknown error: net::ERR_NAME_NOT_RESOLVED
  (Session info: chrome=151.0.7922.175)
Stacktrace:
	undetected_chromedriver!GetHandleVerifier [0xa73353+fd93]
	undetected_chromedriver!GetHandleVerifier [0xa73394+fdd4]
	undetected_chromedriver!(No symbol) [0x869220]
	undetected_chromedriver!(No symbol) [0x8667b2]
	undetected_chromedriver!(No symbol) [0x859b24]
	undetected_chromedriver!(No symbol) [0x85b520]
	undetected_chromedriver!(No symbol) [0x859faf]
	undetected_chromedriver!(No symbol) [0x8598f5]
	undetected_chromedriver!(No symbol) [0x8595f5]
	undetected_chromedriver!(No symbol) [0x8577c8]
	undetected_chromedriver!(No symbol) [0x857eda]
	undetected_chromedriver!(No symbol) [0x86ccae]
	undetected_chromedriver!(No symbol) [0x8f3f14]
	undetected_chromedriver!(No symbol) [0x8d587c]
	undetected_chromedriver!(No symbol) [0x8f34d9]
	undetected_chromedriver!(No symbol) [0x8d5616]
	undetected_chromedriver!(No symbol) [0x8a87e9]
	undetected_chromedriver!(No symbol) [0x8a95b4]
	undetected_chromedriver!GetHandleVerifier [0xd0f51a+2abf5a]
	undetected_chromedriver!GetHandleVerifier [0xd0aa21+2a7461]
	undetected_chromedriver!GetHandleVerifier [0xa9f374+3bdb4]
	undetected_chromedriver!GetHandleVerifier [0xa8e036+2aa76]
	undetected_chromedriver!GetHandleVerifier [0xa94efd+3193d]
	undetected_chromedriver!GetHandleVerifier [0xa7c8a8+192e8]
	undetected_chromedriver!GetHandleVerifier [0xa7ca55+19495]
	undetected_chromedriver!GetHandleVerifier [0xa653ff+1e3f]
	KERNEL32!BaseThreadInitThunk [0x75ccfcc9+19]
	ntdll!RtlGetAppContainerNamedObjectPath [0x77b6843e+11e]
	ntdll!RtlGetAppContainerNamedObjectPath [0x77b6840e+ee]

[Spider] 🔄 Đang thử tải lại lần 2/3 cho trang 5...
[Spider] ⚠️ Không tìm thấy dữ liệu (Attempt 2). Có thể bị chặn.
[Spider] 🔄 Đang thử tải lại lần 3/3 cho trang 5...
[Spider] ⚠️ Không tìm thấy dữ liệu (Attempt 3). Có thể bị chặn.
[Spider] 📸 Đã lưu ảnh debug: D:\Python\realtime_estimate_tracker\src\data_loader\debug_page_5.png

[Spider] Đang cào trang 6/10: https://batdongsan.com.vn/nha-dat-ban-ha-dong/p6
[Spider] Lỗi tại trang 6 (Attempt 1): Message: unknown error: net::ERR_NAME_NOT_RESOLVED
  (Session info: chrome=151.0.7922.175)
Stacktrace:
	undetected_chromedriver!GetHandleVerifier [0xa73353+fd93]
	undetected_chromedriver!GetHandleVerifier [0xa73394+fdd4]
	undetected_chromedriver!(No symbol) [0x869220]
	undetected_chromedriver!(No symbol) [0x8667b2]
	undetected_chromedriver!(No symbol) [0x859b24]
	undetected_chromedriver!(No symbol) [0x85b520]
	undetected_chromedriver!(No symbol) [0x859faf]
	undetected_chromedriver!(No symbol) [0x8598f5]
	undetected_chromedriver!(No symbol) [0x8595f5]
	undetected_chromedriver!(No symbol) [0x8577c8]
	undetected_chromedriver!(No symbol) [0x857eda]
	undetected_chromedriver!(No symbol) [0x86ccae]
	undetected_chromedriver!(No symbol) [0x8f3f14]
	undetected_chromedriver!(No symbol) [0x8d587c]
	undetected_chromedriver!(No symbol) [0x8f34d9]
	undetected_chromedriver!(No symbol) [0x8d5616]
	undetected_chromedriver!(No symbol) [0x8a87e9]
	undetected_chromedriver!(No symbol) [0x8a95b4]
	undetected_chromedriver!GetHandleVerifier [0xd0f51a+2abf5a]
	undetected_chromedriver!GetHandleVerifier [0xd0aa21+2a7461]
	undetected_chromedriver!GetHandleVerifier [0xa9f374+3bdb4]
	undetected_chromedriver!GetHandleVerifier [0xa8e036+2aa76]
	undetected_chromedriver!GetHandleVerifier [0xa94efd+3193d]
	undetected_chromedriver!GetHandleVerifier [0xa7c8a8+192e8]
	undetected_chromedriver!GetHandleVerifier [0xa7ca55+19495]
	undetected_chromedriver!GetHandleVerifier [0xa653ff+1e3f]
	KERNEL32!BaseThreadInitThunk [0x75ccfcc9+19]
	ntdll!RtlGetAppContainerNamedObjectPath [0x77b6843e+11e]
	ntdll!RtlGetAppContainerNamedObjectPath [0x77b6840e+ee]

[Spider] 🔄 Đang thử tải lại lần 2/3 cho trang 6...
[Spider] ⚠️ Không tìm thấy dữ liệu (Attempt 2). Có thể bị chặn.
[Spider] 🔄 Đang thử tải lại lần 3/3 cho trang 6...
[Spider] ⚠️ Không tìm thấy dữ liệu (Attempt 3). Có thể bị chặn.
[Spider] 📸 Đã lưu ảnh debug: D:\Python\realtime_estimate_tracker\src\data_loader\debug_page_6.png

[Spider] Đang cào trang 7/10: https://batdongsan.com.vn/nha-dat-ban-ha-dong/p7
[Spider] Lỗi tại trang 7 (Attempt 1): Message: unknown error: net::ERR_NAME_NOT_RESOLVED
  (Session info: chrome=151.0.7922.175)
Stacktrace:
	undetected_chromedriver!GetHandleVerifier [0xa73353+fd93]
	undetected_chromedriver!GetHandleVerifier [0xa73394+fdd4]
	undetected_chromedriver!(No symbol) [0x869220]
	undetected_chromedriver!(No symbol) [0x8667b2]
	undetected_chromedriver!(No symbol) [0x859b24]
	undetected_chromedriver!(No symbol) [0x85b520]
	undetected_chromedriver!(No symbol) [0x859faf]
	undetected_chromedriver!(No symbol) [0x8598f5]
	undetected_chromedriver!(No symbol) [0x8595f5]
	undetected_chromedriver!(No symbol) [0x8577c8]
	undetected_chromedriver!(No symbol) [0x857eda]
	undetected_chromedriver!(No symbol) [0x86ccae]
	undetected_chromedriver!(No symbol) [0x8f3f14]
	undetected_chromedriver!(No symbol) [0x8d587c]
	undetected_chromedriver!(No symbol) [0x8f34d9]
	undetected_chromedriver!(No symbol) [0x8d5616]
	undetected_chromedriver!(No symbol) [0x8a87e9]
	undetected_chromedriver!(No symbol) [0x8a95b4]
	undetected_chromedriver!GetHandleVerifier [0xd0f51a+2abf5a]
	undetected_chromedriver!GetHandleVerifier [0xd0aa21+2a7461]
	undetected_chromedriver!GetHandleVerifier [0xa9f374+3bdb4]
	undetected_chromedriver!GetHandleVerifier [0xa8e036+2aa76]
	undetected_chromedriver!GetHandleVerifier [0xa94efd+3193d]
	undetected_chromedriver!GetHandleVerifier [0xa7c8a8+192e8]
	undetected_chromedriver!GetHandleVerifier [0xa7ca55+19495]
	undetected_chromedriver!GetHandleVerifier [0xa653ff+1e3f]
	KERNEL32!BaseThreadInitThunk [0x75ccfcc9+19]
	ntdll!RtlGetAppContainerNamedObjectPath [0x77b6843e+11e]
	ntdll!RtlGetAppContainerNamedObjectPath [0x77b6840e+ee]

[Spider] 🔄 Đang thử tải lại lần 2/3 cho trang 7...
[Spider] ⚠️ Không tìm thấy dữ liệu (Attempt 2). Có thể bị chặn.
[Spider] 🔄 Đang thử tải lại lần 3/3 cho trang 7...
[Spider] ⚠️ Không tìm thấy dữ liệu (Attempt 3). Có thể bị chặn.
[Spider] 📸 Đã lưu ảnh debug: D:\Python\realtime_estimate_tracker\src\data_loader\debug_page_7.png

[Spider] Đang cào trang 8/10: https://batdongsan.com.vn/nha-dat-ban-ha-dong/p8
[Spider] Lỗi tại trang 8 (Attempt 1): Message: unknown error: net::ERR_NAME_NOT_RESOLVED
  (Session info: chrome=151.0.7922.175)
Stacktrace:
	undetected_chromedriver!GetHandleVerifier [0xa73353+fd93]
	undetected_chromedriver!GetHandleVerifier [0xa73394+fdd4]
	undetected_chromedriver!(No symbol) [0x869220]
	undetected_chromedriver!(No symbol) [0x8667b2]
	undetected_chromedriver!(No symbol) [0x859b24]
	undetected_chromedriver!(No symbol) [0x85b520]
	undetected_chromedriver!(No symbol) [0x859faf]
	undetected_chromedriver!(No symbol) [0x8598f5]
	undetected_chromedriver!(No symbol) [0x8595f5]
	undetected_chromedriver!(No symbol) [0x8577c8]
	undetected_chromedriver!(No symbol) [0x857eda]
	undetected_chromedriver!(No symbol) [0x86ccae]
	undetected_chromedriver!(No symbol) [0x8f3f14]
	undetected_chromedriver!(No symbol) [0x8d587c]
	undetected_chromedriver!(No symbol) [0x8f34d9]
	undetected_chromedriver!(No symbol) [0x8d5616]
	undetected_chromedriver!(No symbol) [0x8a87e9]
	undetected_chromedriver!(No symbol) [0x8a95b4]
	undetected_chromedriver!GetHandleVerifier [0xd0f51a+2abf5a]
	undetected_chromedriver!GetHandleVerifier [0xd0aa21+2a7461]
	undetected_chromedriver!GetHandleVerifier [0xa9f374+3bdb4]
	undetected_chromedriver!GetHandleVerifier [0xa8e036+2aa76]
	undetected_chromedriver!GetHandleVerifier [0xa94efd+3193d]
	undetected_chromedriver!GetHandleVerifier [0xa7c8a8+192e8]
	undetected_chromedriver!GetHandleVerifier [0xa7ca55+19495]
	undetected_chromedriver!GetHandleVerifier [0xa653ff+1e3f]
	KERNEL32!BaseThreadInitThunk [0x75ccfcc9+19]
	ntdll!RtlGetAppContainerNamedObjectPath [0x77b6843e+11e]
	ntdll!RtlGetAppContainerNamedObjectPath [0x77b6840e+ee]

[Spider] 🔄 Đang thử tải lại lần 2/3 cho trang 8...
[Spider] ⚠️ Không tìm thấy dữ liệu (Attempt 2). Có thể bị chặn.
[Spider] 🔄 Đang thử tải lại lần 3/3 cho trang 8...
[Spider] ⚠️ Không tìm thấy dữ liệu (Attempt 3). Có thể bị chặn.
[Spider] 📸 Đã lưu ảnh debug: D:\Python\realtime_estimate_tracker\src\data_loader\debug_page_8.png

[Spider] Đang cào trang 9/10: https://batdongsan.com.vn/nha-dat-ban-ha-dong/p9
[Spider] Lỗi tại trang 9 (Attempt 1): Message: unknown error: net::ERR_NAME_NOT_RESOLVED
  (Session info: chrome=151.0.7922.175)
Stacktrace:
	undetected_chromedriver!GetHandleVerifier [0xa73353+fd93]
	undetected_chromedriver!GetHandleVerifier [0xa73394+fdd4]
	undetected_chromedriver!(No symbol) [0x869220]
	undetected_chromedriver!(No symbol) [0x8667b2]
	undetected_chromedriver!(No symbol) [0x859b24]
	undetected_chromedriver!(No symbol) [0x85b520]
	undetected_chromedriver!(No symbol) [0x859faf]
	undetected_chromedriver!(No symbol) [0x8598f5]
	undetected_chromedriver!(No symbol) [0x8595f5]
	undetected_chromedriver!(No symbol) [0x8577c8]
	undetected_chromedriver!(No symbol) [0x857eda]
	undetected_chromedriver!(No symbol) [0x86ccae]
	undetected_chromedriver!(No symbol) [0x8f3f14]
	undetected_chromedriver!(No symbol) [0x8d587c]
	undetected_chromedriver!(No symbol) [0x8f34d9]
	undetected_chromedriver!(No symbol) [0x8d5616]
	undetected_chromedriver!(No symbol) [0x8a87e9]
	undetected_chromedriver!(No symbol) [0x8a95b4]
	undetected_chromedriver!GetHandleVerifier [0xd0f51a+2abf5a]
	undetected_chromedriver!GetHandleVerifier [0xd0aa21+2a7461]
	undetected_chromedriver!GetHandleVerifier [0xa9f374+3bdb4]
	undetected_chromedriver!GetHandleVerifier [0xa8e036+2aa76]
	undetected_chromedriver!GetHandleVerifier [0xa94efd+3193d]
	undetected_chromedriver!GetHandleVerifier [0xa7c8a8+192e8]
	undetected_chromedriver!GetHandleVerifier [0xa7ca55+19495]
	undetected_chromedriver!GetHandleVerifier [0xa653ff+1e3f]
	KERNEL32!BaseThreadInitThunk [0x75ccfcc9+19]
	ntdll!RtlGetAppContainerNamedObjectPath [0x77b6843e+11e]
	ntdll!RtlGetAppContainerNamedObjectPath [0x77b6840e+ee]

[Spider] 🔄 Đang thử tải lại lần 2/3 cho trang 9...
[Spider] ⚠️ Không tìm thấy dữ liệu (Attempt 2). Có thể bị chặn.
[Spider] 🔄 Đang thử tải lại lần 3/3 cho trang 9...
[Spider] ⚠️ Không tìm thấy dữ liệu (Attempt 3). Có thể bị chặn.
[Spider] 📸 Đã lưu ảnh debug: D:\Python\realtime_estimate_tracker\src\data_loader\debug_page_9.png

[Spider] Đang cào trang 10/10: https://batdongsan.com.vn/nha-dat-ban-ha-dong/p10
[Spider] Lỗi tại trang 10 (Attempt 1): Message: unknown error: net::ERR_NAME_NOT_RESOLVED
  (Session info: chrome=151.0.7922.175)
Stacktrace:
	undetected_chromedriver!GetHandleVerifier [0xa73353+fd93]
	undetected_chromedriver!GetHandleVerifier [0xa73394+fdd4]
	undetected_chromedriver!(No symbol) [0x869220]
	undetected_chromedriver!(No symbol) [0x8667b2]
	undetected_chromedriver!(No symbol) [0x859b24]
	undetected_chromedriver!(No symbol) [0x85b520]
	undetected_chromedriver!(No symbol) [0x859faf]
	undetected_chromedriver!(No symbol) [0x8598f5]
	undetected_chromedriver!(No symbol) [0x8595f5]
	undetected_chromedriver!(No symbol) [0x8577c8]
	undetected_chromedriver!(No symbol) [0x857eda]
	undetected_chromedriver!(No symbol) [0x86ccae]
	undetected_chromedriver!(No symbol) [0x8f3f14]
	undetected_chromedriver!(No symbol) [0x8d587c]
	undetected_chromedriver!(No symbol) [0x8f34d9]
	undetected_chromedriver!(No symbol) [0x8d5616]
	undetected_chromedriver!(No symbol) [0x8a87e9]
	undetected_chromedriver!(No symbol) [0x8a95b4]
	undetected_chromedriver!GetHandleVerifier [0xd0f51a+2abf5a]
	undetected_chromedriver!GetHandleVerifier [0xd0aa21+2a7461]
	undetected_chromedriver!GetHandleVerifier [0xa9f374+3bdb4]
	undetected_chromedriver!GetHandleVerifier [0xa8e036+2aa76]
	undetected_chromedriver!GetHandleVerifier [0xa94efd+3193d]
	undetected_chromedriver!GetHandleVerifier [0xa7c8a8+192e8]
	undetected_chromedriver!GetHandleVerifier [0xa7ca55+19495]
	undetected_chromedriver!GetHandleVerifier [0xa653ff+1e3f]
	KERNEL32!BaseThreadInitThunk [0x75ccfcc9+19]
	ntdll!RtlGetAppContainerNamedObjectPath [0x77b6843e+11e]
	ntdll!RtlGetAppContainerNamedObjectPath [0x77b6840e+ee]

[Spider] 🔄 Đang thử tải lại lần 2/3 cho trang 10...
[Spider] ⚠️ Không tìm thấy dữ liệu (Attempt 2). Có thể bị chặn.
[Spider] 🔄 Đang thử tải lại lần 3/3 cho trang 10...
[Spider] ⚠️ Không tìm thấy dữ liệu (Attempt 3). Có thể bị chặn.
[Spider] 📸 Đã lưu ảnh debug: D:\Python\realtime_estimate_tracker\src\data_loader\debug_page_10.png
[Spider] Đang gộp dữ liệu mới vào file cũ (Khớp theo tên cột)...
[Spider] Đã lưu 107 dòng mới. Tổng: 70356 dòng.
[Sun 08/30/2026 12:05:09.95] [2/3] Dang lam sach va day vao PostgreSQL... 
🔍 Đang cấu hình Database với: postgres.kkwivuufxdewurmxtsto@aws-1-ap-southeast-1.pooler.supabase.com:5432/postgres
D:\Python\realtime_estimate_tracker\src\preprocessing\cleaner.py:138: UserWarning: Parsing dates in %d/%m/%Y format when dayfirst=False (the default) was specified. Pass `dayfirst=True` or specify a format to silence this warning.
  df['scraped_date'] = pd.to_datetime(df['scraped_date'], errors='coerce')
Traceback (most recent call last):
  File "C:\Users\User\AppData\Local\Programs\Python\Python310\lib\runpy.py", line 196, in _run_module_as_main
    return _run_code(code, main_globals, None,
  File "C:\Users\User\AppData\Local\Programs\Python\Python310\lib\runpy.py", line 86, in _run_code
    exec(code, run_globals)
  File "D:\Python\realtime_estimate_tracker\src\preprocessing\cleaner.py", line 223, in <module>
    process_and_save()
  File "D:\Python\realtime_estimate_tracker\src\preprocessing\cleaner.py", line 198, in process_and_save
    inspector = inspect(db.engine)
  File "D:\Python\realtime_estimate_tracker\venv_bds\lib\site-packages\sqlalchemy\inspection.py", line 147, in inspect
    raise exc.NoInspectionAvailable(
sqlalchemy.exc.NoInspectionAvailable: No inspection system is available for object of type <class 'NoneType'>
Đang đọc dữ liệu thô...
Tổng số dòng thô: 70356
🧠 Đang áp dụng NLP trích xuất Đặc trưng...
🧠 Đang áp dụng KNN Imputer...
✅ Giữ lại 8749/70356 tin hợp lệ.
❌ Lỗi kết nối Database: (psycopg2.OperationalError) could not translate host name "aws-1-ap-southeast-1.pooler.supabase.com" to address: Name or service not known

(Background on this error at: https://sqlalche.me/e/20/e3q8)
[Sun 08/30/2026 12:05:57.28] LOI: Cleaner that bai. Dung pipeline. 
[Sun 08/30/2026 12:05:59.41] LUONG FAST BI DUNG DO LOI 
========================================= 
[Mon 08/31/2026 12:00:04.69] BAT DAU LUONG FAST (QUET BE MAT) 
[Mon 08/31/2026 12:00:04.73] [1/3] Dang cao du lieu be mat... 
[Browser] Đang khởi tạo trình duyệt...
[Browser] Phát hiện Chrome (Windows): Version 151

[Spider] Đang cào trang 1/10: https://batdongsan.com.vn/nha-dat-ban-ha-dong
[Spider] ✅ Thành công: Tìm thấy 40 tin đăng ở trang 1.

[Spider] Đang cào trang 2/10: https://batdongsan.com.vn/nha-dat-ban-ha-dong/p2
[Spider] ✅ Thành công: Tìm thấy 40 tin đăng ở trang 2.

[Spider] Đang cào trang 3/10: https://batdongsan.com.vn/nha-dat-ban-ha-dong/p3
[Spider] ✅ Thành công: Tìm thấy 40 tin đăng ở trang 3.

[Spider] Đang cào trang 4/10: https://batdongsan.com.vn/nha-dat-ban-ha-dong/p4
[Spider] ✅ Thành công: Tìm thấy 40 tin đăng ở trang 4.

[Spider] Đang cào trang 5/10: https://batdongsan.com.vn/nha-dat-ban-ha-dong/p5
[Spider] ✅ Thành công: Tìm thấy 30 tin đăng ở trang 5.

[Spider] Đang cào trang 6/10: https://batdongsan.com.vn/nha-dat-ban-ha-dong/p6
[Spider] ✅ Thành công: Tìm thấy 40 tin đăng ở trang 6.

[Spider] Đang cào trang 7/10: https://batdongsan.com.vn/nha-dat-ban-ha-dong/p7
[Spider] ✅ Thành công: Tìm thấy 40 tin đăng ở trang 7.

[Spider] Đang cào trang 8/10: https://batdongsan.com.vn/nha-dat-ban-ha-dong/p8
[Spider] ✅ Thành công: Tìm thấy 40 tin đăng ở trang 8.

[Spider] Đang cào trang 9/10: https://batdongsan.com.vn/nha-dat-ban-ha-dong/p9
[Spider] ✅ Thành công: Tìm thấy 40 tin đăng ở trang 9.

[Spider] Đang cào trang 10/10: https://batdongsan.com.vn/nha-dat-ban-ha-dong/p10
[Spider] ✅ Thành công: Tìm thấy 40 tin đăng ở trang 10.
[Spider] Đang gộp dữ liệu mới vào file cũ (Khớp theo tên cột)...
[Spider] Đã lưu 277 dòng mới. Tổng: 70633 dòng.
[Mon 08/31/2026 12:04:03.23] [2/3] Dang lam sach va day vao PostgreSQL... 
🔍 Đang cấu hình Database với: postgres.kkwivuufxdewurmxtsto@aws-1-ap-southeast-1.pooler.supabase.com:5432/postgres
D:\Python\realtime_estimate_tracker\src\preprocessing\cleaner.py:138: UserWarning: Parsing dates in %d/%m/%Y format when dayfirst=False (the default) was specified. Pass `dayfirst=True` or specify a format to silence this warning.
  df['scraped_date'] = pd.to_datetime(df['scraped_date'], errors='coerce')
Đang đọc dữ liệu thô...
Tổng số dòng thô: 70633
🧠 Đang áp dụng NLP trích xuất Đặc trưng...
🧠 Đang áp dụng KNN Imputer...
✅ Giữ lại 8801/70633 tin hợp lệ.
✅ Đã kết nối thành công tới PostgreSQL.
✅ Bảng 'bds_hadong' đã có PRIMARY KEY. Bỏ qua.
Đang thực hiện Upsert dữ liệu vào PostgreSQL...
🔄 Upsert thành công 8801 bản ghi vào 'bds_hadong'.
✅ Hoàn tất Pipeline ETL.
[Mon 08/31/2026 12:05:01.66] [3/3] Dang dong bo Data len GitHub... 
[main bf4c904] Auto-update Fast Pipeline: Mon 08/31/2026 12:05:12.04
 4 files changed, 1051 insertions(+), 547 deletions(-)
remote: This repository moved. Please use the new location:        
remote:   https://github.com/HieuNT316/hanoi-house-price-prediction.git        
To https://github.com/Alexus143/hanoi-house-price-prediction.git
   555836f..bf4c904  main -> main
[Mon 08/31/2026 12:05:28.71] HOAN THANH LUONG FAST 
========================================= 
[Tue 09/01/2026 12:00:02.80] BAT DAU LUONG FAST (QUET BE MAT) 
[Tue 09/01/2026 12:00:02.81] [1/3] Dang cao du lieu be mat... 
[Browser] Đang khởi tạo trình duyệt...
[Browser] Phát hiện Chrome (Windows): Version 151

[Spider] Đang cào trang 1/10: https://batdongsan.com.vn/nha-dat-ban-ha-dong
[Spider] ✅ Thành công: Tìm thấy 40 tin đăng ở trang 1.

[Spider] Đang cào trang 2/10: https://batdongsan.com.vn/nha-dat-ban-ha-dong/p2
[Spider] ✅ Thành công: Tìm thấy 40 tin đăng ở trang 2.

[Spider] Đang cào trang 3/10: https://batdongsan.com.vn/nha-dat-ban-ha-dong/p3
[Spider] ✅ Thành công: Tìm thấy 30 tin đăng ở trang 3.

[Spider] Đang cào trang 4/10: https://batdongsan.com.vn/nha-dat-ban-ha-dong/p4
[Spider] ✅ Thành công: Tìm thấy 40 tin đăng ở trang 4.

[Spider] Đang cào trang 5/10: https://batdongsan.com.vn/nha-dat-ban-ha-dong/p5
[Spider] ✅ Thành công: Tìm thấy 20 tin đăng ở trang 5.

[Spider] Đang cào trang 6/10: https://batdongsan.com.vn/nha-dat-ban-ha-dong/p6
[Spider] ✅ Thành công: Tìm thấy 40 tin đăng ở trang 6.

[Spider] Đang cào trang 7/10: https://batdongsan.com.vn/nha-dat-ban-ha-dong/p7
[Spider] ✅ Thành công: Tìm thấy 40 tin đăng ở trang 7.

[Spider] Đang cào trang 8/10: https://batdongsan.com.vn/nha-dat-ban-ha-dong/p8
[Spider] ✅ Thành công: Tìm thấy 40 tin đăng ở trang 8.

[Spider] Đang cào trang 9/10: https://batdongsan.com.vn/nha-dat-ban-ha-dong/p9
[Spider] ✅ Thành công: Tìm thấy 40 tin đăng ở trang 9.

[Spider] Đang cào trang 10/10: https://batdongsan.com.vn/nha-dat-ban-ha-dong/p10
[Spider] ✅ Thành công: Tìm thấy 40 tin đăng ở trang 10.
[Spider] Đang gộp dữ liệu mới vào file cũ (Khớp theo tên cột)...
[Spider] Đã lưu 267 dòng mới. Tổng: 70900 dòng.
[Tue 09/01/2026 12:04:18.23] [2/3] Dang lam sach va day vao PostgreSQL... 
🔍 Đang cấu hình Database với: postgres.kkwivuufxdewurmxtsto@aws-1-ap-southeast-1.pooler.supabase.com:5432/postgres
D:\Python\realtime_estimate_tracker\src\preprocessing\cleaner.py:138: UserWarning: Parsing dates in %d/%m/%Y format when dayfirst=False (the default) was specified. Pass `dayfirst=True` or specify a format to silence this warning.
  df['scraped_date'] = pd.to_datetime(df['scraped_date'], errors='coerce')
Đang đọc dữ liệu thô...
Tổng số dòng thô: 70900
🧠 Đang áp dụng NLP trích xuất Đặc trưng...
🧠 Đang áp dụng KNN Imputer...
✅ Giữ lại 8845/70900 tin hợp lệ.
✅ Đã kết nối thành công tới PostgreSQL.
✅ Bảng 'bds_hadong' đã có PRIMARY KEY. Bỏ qua.
Đang thực hiện Upsert dữ liệu vào PostgreSQL...
🔄 Upsert thành công 8845 bản ghi vào 'bds_hadong'.
✅ Hoàn tất Pipeline ETL.
[Tue 09/01/2026 12:05:15.91] [3/3] Dang dong bo Data len GitHub... 
[main 24491aa] Auto-update Fast Pipeline: Tue 09/01/2026 12:05:29.36
 4 files changed, 948 insertions(+), 576 deletions(-)
fatal: Unable to persist credentials with the 'wincredman' credential store.
See https://aka.ms/gcm/credstores for more information.
fatal: Unable to persist credentials with the 'wincredman' credential store.
See https://aka.ms/gcm/credstores for more information.
fatal: could not read Username for 'https://github.com': terminal prompts disabled
[Tue 09/01/2026 12:05:35.31] LOI: git push that bai. 
[Tue 09/01/2026 12:05:35.32] LUONG FAST BI DUNG DO LOI 
========================================= 
[Wed 09/02/2026 12:00:03.06] BAT DAU LUONG FAST (QUET BE MAT) 
[Wed 09/02/2026 12:00:03.08] [1/3] Dang cao du lieu be mat... 
[Browser] Đang khởi tạo trình duyệt...
[Browser] Phát hiện Chrome (Windows): Version 152

[Spider] Đang cào trang 1/10: https://batdongsan.com.vn/nha-dat-ban-ha-dong
[Spider] ✅ Thành công: Tìm thấy 40 tin đăng ở trang 1.

[Spider] Đang cào trang 2/10: https://batdongsan.com.vn/nha-dat-ban-ha-dong/p2
[Spider] ✅ Thành công: Tìm thấy 40 tin đăng ở trang 2.

[Spider] Đang cào trang 3/10: https://batdongsan.com.vn/nha-dat-ban-ha-dong/p3
[Spider] ✅ Thành công: Tìm thấy 40 tin đăng ở trang 3.

[Spider] Đang cào trang 4/10: https://batdongsan.com.vn/nha-dat-ban-ha-dong/p4
[Spider] ✅ Thành công: Tìm thấy 40 tin đăng ở trang 4.

[Spider] Đang cào trang 5/10: https://batdongsan.com.vn/nha-dat-ban-ha-dong/p5
[Spider] ✅ Thành công: Tìm thấy 30 tin đăng ở trang 5.

[Spider] Đang cào trang 6/10: https://batdongsan.com.vn/nha-dat-ban-ha-dong/p6
[Spider] ✅ Thành công: Tìm thấy 30 tin đăng ở trang 6.

[Spider] Đang cào trang 7/10: https://batdongsan.com.vn/nha-dat-ban-ha-dong/p7
[Spider] ✅ Thành công: Tìm thấy 40 tin đăng ở trang 7.

[Spider] Đang cào trang 8/10: https://batdongsan.com.vn/nha-dat-ban-ha-dong/p8
[Spider] ✅ Thành công: Tìm thấy 40 tin đăng ở trang 8.

[Spider] Đang cào trang 9/10: https://batdongsan.com.vn/nha-dat-ban-ha-dong/p9
[Spider] ✅ Thành công: Tìm thấy 40 tin đăng ở trang 9.

[Spider] Đang cào trang 10/10: https://batdongsan.com.vn/nha-dat-ban-ha-dong/p10
[Spider] ✅ Thành công: Tìm thấy 40 tin đăng ở trang 10.
[Spider] Đang gộp dữ liệu mới vào file cũ (Khớp theo tên cột)...
[Spider] Đã lưu 274 dòng mới. Tổng: 71174 dòng.
[Wed 09/02/2026 12:03:55.83] [2/3] Dang lam sach va day vao PostgreSQL... 
🔍 Đang cấu hình Database với: postgres.kkwivuufxdewurmxtsto@aws-1-ap-southeast-1.pooler.supabase.com:5432/postgres
D:\Python\realtime_estimate_tracker\src\preprocessing\cleaner.py:138: UserWarning: Parsing dates in %d/%m/%Y format when dayfirst=False (the default) was specified. Pass `dayfirst=True` or specify a format to silence this warning.
  df['scraped_date'] = pd.to_datetime(df['scraped_date'], errors='coerce')
Đang đọc dữ liệu thô...
Tổng số dòng thô: 71174
🧠 Đang áp dụng NLP trích xuất Đặc trưng...
🧠 Đang áp dụng KNN Imputer...
✅ Giữ lại 8878/71174 tin hợp lệ.
✅ Đã kết nối thành công tới PostgreSQL.
✅ Bảng 'bds_hadong' đã có PRIMARY KEY. Bỏ qua.
Đang thực hiện Upsert dữ liệu vào PostgreSQL...
🔄 Upsert thành công 8878 bản ghi vào 'bds_hadong'.
✅ Hoàn tất Pipeline ETL.
[Wed 09/02/2026 12:05:01.31] [3/3] Dang dong bo Data len GitHub... 
[main b2f187c] Auto-update Fast Pipeline: Wed 09/02/2026 12:05:15.29
 4 files changed, 917 insertions(+), 549 deletions(-)
fatal: Unable to persist credentials with the 'wincredman' credential store.
See https://aka.ms/gcm/credstores for more information.
fatal: Unable to persist credentials with the 'wincredman' credential store.
See https://aka.ms/gcm/credstores for more information.
fatal: could not read Username for 'https://github.com': terminal prompts disabled
[Wed 09/02/2026 12:05:20.71] LOI: git push that bai. 
[Wed 09/02/2026 12:05:20.72] LUONG FAST BI DUNG DO LOI 
========================================= 
[Thu 09/03/2026 12:00:02.58] BAT DAU LUONG FAST (QUET BE MAT) 
[Thu 09/03/2026 12:00:02.59] [1/3] Dang cao du lieu be mat... 
[Browser] Đang khởi tạo trình duyệt...
[Browser] Phát hiện Chrome (Windows): Version 152

[Spider] Đang cào trang 1/10: https://batdongsan.com.vn/nha-dat-ban-ha-dong
[Spider] ✅ Thành công: Tìm thấy 40 tin đăng ở trang 1.

[Spider] Đang cào trang 2/10: https://batdongsan.com.vn/nha-dat-ban-ha-dong/p2
[Spider] ✅ Thành công: Tìm thấy 40 tin đăng ở trang 2.

[Spider] Đang cào trang 3/10: https://batdongsan.com.vn/nha-dat-ban-ha-dong/p3
[Spider] ✅ Thành công: Tìm thấy 40 tin đăng ở trang 3.

[Spider] Đang cào trang 4/10: https://batdongsan.com.vn/nha-dat-ban-ha-dong/p4
[Spider] ✅ Thành công: Tìm thấy 40 tin đăng ở trang 4.

[Spider] Đang cào trang 5/10: https://batdongsan.com.vn/nha-dat-ban-ha-dong/p5
[Spider] ✅ Thành công: Tìm thấy 40 tin đăng ở trang 5.

[Spider] Đang cào trang 6/10: https://batdongsan.com.vn/nha-dat-ban-ha-dong/p6
[Spider] ✅ Thành công: Tìm thấy 30 tin đăng ở trang 6.

[Spider] Đang cào trang 7/10: https://batdongsan.com.vn/nha-dat-ban-ha-dong/p7
[Spider] ✅ Thành công: Tìm thấy 40 tin đăng ở trang 7.

[Spider] Đang cào trang 8/10: https://batdongsan.com.vn/nha-dat-ban-ha-dong/p8
[Spider] ✅ Thành công: Tìm thấy 40 tin đăng ở trang 8.

[Spider] Đang cào trang 9/10: https://batdongsan.com.vn/nha-dat-ban-ha-dong/p9
[Spider] ✅ Thành công: Tìm thấy 40 tin đăng ở trang 9.

[Spider] Đang cào trang 10/10: https://batdongsan.com.vn/nha-dat-ban-ha-dong/p10
[Spider] ✅ Thành công: Tìm thấy 40 tin đăng ở trang 10.
[Spider] Đang gộp dữ liệu mới vào file cũ (Khớp theo tên cột)...
[Spider] Đã lưu 277 dòng mới. Tổng: 71451 dòng.
[Thu 09/03/2026 12:03:45.04] [2/3] Dang lam sach va day vao PostgreSQL... 
🔍 Đang cấu hình Database với: postgres.kkwivuufxdewurmxtsto@aws-1-ap-southeast-1.pooler.supabase.com:5432/postgres
D:\Python\realtime_estimate_tracker\src\preprocessing\cleaner.py:138: UserWarning: Parsing dates in %d/%m/%Y format when dayfirst=False (the default) was specified. Pass `dayfirst=True` or specify a format to silence this warning.
  df['scraped_date'] = pd.to_datetime(df['scraped_date'], errors='coerce')
Đang đọc dữ liệu thô...
Tổng số dòng thô: 71451
🧠 Đang áp dụng NLP trích xuất Đặc trưng...
🧠 Đang áp dụng KNN Imputer...
✅ Giữ lại 8921/71451 tin hợp lệ.
✅ Đã kết nối thành công tới PostgreSQL.
✅ Bảng 'bds_hadong' đã có PRIMARY KEY. Bỏ qua.
Đang thực hiện Upsert dữ liệu vào PostgreSQL...
🔄 Upsert thành công 8921 bản ghi vào 'bds_hadong'.
✅ Hoàn tất Pipeline ETL.
[Thu 09/03/2026 12:04:51.53] [3/3] Dang dong bo Data len GitHub... 
[main d1d90c6] Auto-update Fast Pipeline: Thu 09/03/2026 12:05:07.86
 4 files changed, 931 insertions(+), 550 deletions(-)
fatal: Unable to persist credentials with the 'wincredman' credential store.
See https://aka.ms/gcm/credstores for more information.
fatal: Unable to persist credentials with the 'wincredman' credential store.
See https://aka.ms/gcm/credstores for more information.
fatal: could not read Username for 'https://github.com': terminal prompts disabled
[Thu 09/03/2026 12:05:14.02] LOI: git push that bai. 
[Thu 09/03/2026 12:05:14.05] LUONG FAST BI DUNG DO LOI 
========================================= 
[Fri 09/04/2026 12:00:02.49] BAT DAU LUONG FAST (QUET BE MAT) 
[Fri 09/04/2026 12:00:02.51] [1/3] Dang cao du lieu be mat... 
[Browser] Đang khởi tạo trình duyệt...
[Browser] Phát hiện Chrome (Windows): Version 152

[Spider] Đang cào trang 1/10: https://batdongsan.com.vn/nha-dat-ban-ha-dong
[Spider] ✅ Thành công: Tìm thấy 40 tin đăng ở trang 1.

[Spider] Đang cào trang 2/10: https://batdongsan.com.vn/nha-dat-ban-ha-dong/p2
[Spider] ✅ Thành công: Tìm thấy 40 tin đăng ở trang 2.

[Spider] Đang cào trang 3/10: https://batdongsan.com.vn/nha-dat-ban-ha-dong/p3
[Spider] ✅ Thành công: Tìm thấy 40 tin đăng ở trang 3.

[Spider] Đang cào trang 4/10: https://batdongsan.com.vn/nha-dat-ban-ha-dong/p4
[Spider] ✅ Thành công: Tìm thấy 40 tin đăng ở trang 4.

[Spider] Đang cào trang 5/10: https://batdongsan.com.vn/nha-dat-ban-ha-dong/p5
[Spider] ✅ Thành công: Tìm thấy 40 tin đăng ở trang 5.

[Spider] Đang cào trang 6/10: https://batdongsan.com.vn/nha-dat-ban-ha-dong/p6
[Spider] ✅ Thành công: Tìm thấy 30 tin đăng ở trang 6.

[Spider] Đang cào trang 7/10: https://batdongsan.com.vn/nha-dat-ban-ha-dong/p7
[Spider] ✅ Thành công: Tìm thấy 40 tin đăng ở trang 7.

[Spider] Đang cào trang 8/10: https://batdongsan.com.vn/nha-dat-ban-ha-dong/p8
[Spider] ✅ Thành công: Tìm thấy 40 tin đăng ở trang 8.

[Spider] Đang cào trang 9/10: https://batdongsan.com.vn/nha-dat-ban-ha-dong/p9
[Spider] ✅ Thành công: Tìm thấy 40 tin đăng ở trang 9.

[Spider] Đang cào trang 10/10: https://batdongsan.com.vn/nha-dat-ban-ha-dong/p10
[Spider] ✅ Thành công: Tìm thấy 40 tin đăng ở trang 10.
[Spider] Đang gộp dữ liệu mới vào file cũ (Khớp theo tên cột)...
[Spider] Đã lưu 277 dòng mới. Tổng: 71728 dòng.
[Fri 09/04/2026 12:03:55.22] [2/3] Dang lam sach va day vao PostgreSQL... 
🔍 Đang cấu hình Database với: postgres.kkwivuufxdewurmxtsto@aws-1-ap-southeast-1.pooler.supabase.com:5432/postgres
D:\Python\realtime_estimate_tracker\src\preprocessing\cleaner.py:138: UserWarning: Parsing dates in %d/%m/%Y format when dayfirst=False (the default) was specified. Pass `dayfirst=True` or specify a format to silence this warning.
  df['scraped_date'] = pd.to_datetime(df['scraped_date'], errors='coerce')
Đang đọc dữ liệu thô...
Tổng số dòng thô: 71728
🧠 Đang áp dụng NLP trích xuất Đặc trưng...
🧠 Đang áp dụng KNN Imputer...
✅ Giữ lại 8969/71728 tin hợp lệ.
✅ Đã kết nối thành công tới PostgreSQL.
✅ Bảng 'bds_hadong' đã có PRIMARY KEY. Bỏ qua.
Đang thực hiện Upsert dữ liệu vào PostgreSQL...
🔄 Upsert thành công 8969 bản ghi vào 'bds_hadong'.
✅ Hoàn tất Pipeline ETL.
[Fri 09/04/2026 12:05:02.25] [3/3] Dang dong bo Data len GitHub... 
[main f29ab67] Auto-update Fast Pipeline: Fri 09/04/2026 12:05:16.16
 4 files changed, 945 insertions(+), 559 deletions(-)
fatal: Unable to persist credentials with the 'wincredman' credential store.
See https://aka.ms/gcm/credstores for more information.
fatal: Unable to persist credentials with the 'wincredman' credential store.
See https://aka.ms/gcm/credstores for more information.
fatal: could not read Username for 'https://github.com': terminal prompts disabled
[Fri 09/04/2026 12:05:21.03] LOI: git push that bai. 
[Fri 09/04/2026 12:05:21.06] LUONG FAST BI DUNG DO LOI 
========================================= 
[Sat 09/05/2026 12:00:02.30] BAT DAU LUONG FAST (QUET BE MAT) 
[Sat 09/05/2026 12:00:02.32] [1/3] Dang cao du lieu be mat... 
[Browser] Đang khởi tạo trình duyệt...
[Browser] Phát hiện Chrome (Windows): Version 152

[Spider] Đang cào trang 1/10: https://batdongsan.com.vn/nha-dat-ban-ha-dong
[Spider] ✅ Thành công: Tìm thấy 30 tin đăng ở trang 1.

[Spider] Đang cào trang 2/10: https://batdongsan.com.vn/nha-dat-ban-ha-dong/p2
[Spider] ✅ Thành công: Tìm thấy 40 tin đăng ở trang 2.

[Spider] Đang cào trang 3/10: https://batdongsan.com.vn/nha-dat-ban-ha-dong/p3
[Spider] ✅ Thành công: Tìm thấy 40 tin đăng ở trang 3.

[Spider] Đang cào trang 4/10: https://batdongsan.com.vn/nha-dat-ban-ha-dong/p4
[Spider] ✅ Thành công: Tìm thấy 40 tin đăng ở trang 4.

[Spider] Đang cào trang 5/10: https://batdongsan.com.vn/nha-dat-ban-ha-dong/p5
[Spider] ✅ Thành công: Tìm thấy 40 tin đăng ở trang 5.

[Spider] Đang cào trang 6/10: https://batdongsan.com.vn/nha-dat-ban-ha-dong/p6
[Spider] ✅ Thành công: Tìm thấy 30 tin đăng ở trang 6.

[Spider] Đang cào trang 7/10: https://batdongsan.com.vn/nha-dat-ban-ha-dong/p7
[Spider] ✅ Thành công: Tìm thấy 40 tin đăng ở trang 7.

[Spider] Đang cào trang 8/10: https://batdongsan.com.vn/nha-dat-ban-ha-dong/p8
[Spider] ✅ Thành công: Tìm thấy 40 tin đăng ở trang 8.

[Spider] Đang cào trang 9/10: https://batdongsan.com.vn/nha-dat-ban-ha-dong/p9
[Spider] ✅ Thành công: Tìm thấy 40 tin đăng ở trang 9.

[Spider] Đang cào trang 10/10: https://batdongsan.com.vn/nha-dat-ban-ha-dong/p10
[Spider] ✅ Thành công: Tìm thấy 40 tin đăng ở trang 10.
[Spider] Đang gộp dữ liệu mới vào file cũ (Khớp theo tên cột)...
[Spider] Đã lưu 272 dòng mới. Tổng: 72000 dòng.
[Sat 09/05/2026 12:04:02.71] [2/3] Dang lam sach va day vao PostgreSQL... 
🔍 Đang cấu hình Database với: postgres.kkwivuufxdewurmxtsto@aws-1-ap-southeast-1.pooler.supabase.com:5432/postgres
D:\Python\realtime_estimate_tracker\src\preprocessing\cleaner.py:138: UserWarning: Parsing dates in %d/%m/%Y format when dayfirst=False (the default) was specified. Pass `dayfirst=True` or specify a format to silence this warning.
  df['scraped_date'] = pd.to_datetime(df['scraped_date'], errors='coerce')
Đang đọc dữ liệu thô...
Tổng số dòng thô: 72000
🧠 Đang áp dụng NLP trích xuất Đặc trưng...
🧠 Đang áp dụng KNN Imputer...
✅ Giữ lại 9013/72000 tin hợp lệ.
✅ Đã kết nối thành công tới PostgreSQL.
✅ Bảng 'bds_hadong' đã có PRIMARY KEY. Bỏ qua.
Đang thực hiện Upsert dữ liệu vào PostgreSQL...
🔄 Upsert thành công 9013 bản ghi vào 'bds_hadong'.
✅ Hoàn tất Pipeline ETL.
[Sat 09/05/2026 12:04:54.91] [3/3] Dang dong bo Data len GitHub... 
[main fbcbb84] Auto-update Fast Pipeline: Sat 09/05/2026 12:05:08.51
 4 files changed, 942 insertions(+), 566 deletions(-)
remote: This repository moved. Please use the new location:        
remote:   https://github.com/HieuNT316/hanoi-house-price-prediction.git        
To https://github.com/Alexus143/hanoi-house-price-prediction.git
   66580c1..fbcbb84  main -> main
[Sat 09/05/2026 12:05:23.87] HOAN THANH LUONG FAST 
